#include <stdint.h>
#include "platform_data.h"

const uint8_t platform_tiles[2048] = {
    0x00, 0x00, 0x00, 0x00, 0x00, 0x00, 0x00, 0x00, 0x00, 0x00, 0x00, 0x00, 0x00, 0x00, 0x00, 0x00,
    0x00, 0x00, 0x00, 0x00, 0x00, 0x00, 0x00, 0x00, 0x00, 0x00, 0x00, 0x00, 0x00, 0x00, 0x00, 0x00,
    0x22, 0x22, 0x22, 0x22, 0x22, 0x22, 0x22, 0x22, 0x22, 0x22, 0x22, 0x22, 0x22, 0x22, 0x22, 0x22,
    0x33, 0x33, 0x33, 0x33, 0x33, 0x33, 0x33, 0x33, 0x33, 0x33, 0x33, 0x33, 0x33, 0x33, 0x33, 0x33,
    0x33, 0x33, 0x33, 0x33, 0x33, 0x33, 0x33, 0x33, 0x44, 0x44, 0x44, 0x44, 0x44, 0x44, 0x44, 0x44,
    0x44, 0x44, 0x44, 0x44, 0x44, 0x44, 0x44, 0x44, 0x55, 0x55, 0x55, 0x55, 0x55, 0x55, 0x55, 0x55,
    0x70, 0x00, 0x00, 0x00, 0x00, 0x00, 0x00, 0x00, 0x00, 0x00, 0x00, 0x00, 0x00, 0x00, 0x00, 0x00,
    0x00, 0x00, 0x00, 0x07, 0x00, 0x00, 0x00, 0x70, 0x00, 0x00, 0x07, 0x00, 0x00, 0x00, 0x70, 0x00,
    0xCC, 0xCC, 0xCC, 0xCC, 0xAA, 0xAA, 0xAA, 0xAA, 0xAA, 0xAA, 0xAA, 0xAA, 0x55, 0x56, 0x55, 0x56,
    0x65, 0x55, 0x65, 0x55, 0x56, 0x55, 0x56, 0x55, 0x55, 0x65, 0x55, 0x65, 0x55, 0x56, 0x55, 0x56,
    0x64, 0x44, 0x64, 0x44, 0x44, 0x46, 0x44, 0x46, 0x44, 0x64, 0x44, 0x64, 0x46, 0x44, 0x46, 0x44,
    0x64, 0x44, 0x64, 0x44, 0x44, 0x46, 0x44, 0x46, 0x44, 0x64, 0x44, 0x64, 0x46, 0x44, 0x46, 0x44,
    0xDD, 0xDD, 0xDD, 0xDD, 0xD4, 0x55, 0x44, 0x5D, 0xD5, 0x44, 0x55, 0x4D, 0xD5, 0x44, 0x55, 0x4D,
    0xD4, 0x55, 0x44, 0x5D, 0xD4, 0x55, 0x44, 0x5D, 0xD5, 0x44, 0x55, 0x4D, 0xDD, 0xDD, 0xDD, 0xDD,
    0x77, 0x77, 0x77, 0x77, 0x77, 0x77, 0x77, 0x77, 0x46, 0x44, 0x64, 0x46, 0x64, 0x46, 0x44, 0x64,
    0x44, 0x64, 0x46, 0x44, 0x46, 0x44, 0x64, 0x46, 0x64, 0x46, 0x44, 0x64, 0x44, 0x64, 0x46, 0x44,
    0x00, 0x00, 0x00, 0x0C, 0x00, 0x00, 0x00, 0xC5, 0x00, 0x00, 0x0C, 0x55, 0x00, 0x00, 0xC5, 0x55,
    0x00, 0x0C, 0x55, 0x55, 0x00, 0xC5, 0x55, 0x55, 0x0C, 0x55, 0x55, 0x55, 0xC5, 0x55, 0x55, 0x55,
    0xC0, 0x00, 0x00, 0x00, 0x5C, 0x00, 0x00, 0x00, 0x55, 0xC0, 0x00, 0x00, 0x55, 0x5C, 0x00, 0x00,
    0x55, 0x55, 0xC0, 0x00, 0x55, 0x55, 0x5C, 0x00, 0x55, 0x55, 0x55, 0xC0, 0x55, 0x55, 0x55, 0x5C,
    0x00, 0x00, 0x00, 0x00, 0x00, 0x00, 0x00, 0xCC, 0x00, 0x00, 0x00, 0x55, 0x00, 0x00, 0xCC, 0x55,
    0x00, 0x00, 0x55, 0x55, 0x00, 0xCC, 0x55, 0x55, 0x00, 0x55, 0x55, 0x55, 0xCC, 0x55, 0x55, 0x55,
    0xCC, 0x00, 0x00, 0x00, 0x55, 0x00, 0x00, 0x00, 0x55, 0xCC, 0x00, 0x00, 0x55, 0x55, 0x00, 0x00,
    0x55, 0x55, 0xCC, 0x00, 0x55, 0x55, 0x55, 0x00, 0x55, 0x55, 0x55, 0xCC, 0x55, 0x55, 0x55, 0x55,
    0xEE, 0xEE, 0xEE, 0xEE, 0xEE, 0xEE, 0xEE, 0xEE, 0x66, 0x86, 0x66, 0x86, 0x68, 0x66, 0x68, 0x66,
    0x86, 0x66, 0x86, 0x66, 0x66, 0x68, 0x66, 0x68, 0x66, 0x86, 0x66, 0x86, 0x68, 0x66, 0x68, 0x66,
    0xEE, 0xEE, 0xEE, 0xEE, 0xEE, 0xEE, 0xEE, 0xEE, 0x69, 0x66, 0x69, 0x66, 0x96, 0x66, 0x96, 0x66,
    0x66, 0x69, 0x66, 0x69, 0x66, 0x96, 0x66, 0x96, 0x69, 0x66, 0x69, 0x66, 0x96, 0x66, 0x96, 0x66,
    0xEE, 0xEE, 0xEE, 0xEE, 0xEE, 0xEE, 0xEE, 0xEE, 0xA6, 0x66, 0xA6, 0x66, 0x66, 0x6A, 0x66, 0x6A,
    0x66, 0xA6, 0x66, 0xA6, 0x6A, 0x66, 0x6A, 0x66, 0xA6, 0x66, 0xA6, 0x66, 0x66, 0x6A, 0x66, 0x6A,
    0xEE, 0xEE, 0xEE, 0xEE, 0xEE, 0xEE, 0xEE, 0xEE, 0x66, 0x6B, 0x66, 0x6B, 0x66, 0xB6, 0x66, 0xB6,
    0x6B, 0x66, 0x6B, 0x66, 0xB6, 0x66, 0xB6, 0x66, 0x66, 0x6B, 0x66, 0x6B, 0x66, 0xB6, 0x66, 0xB6,
    0x00, 0x00, 0x00, 0x00, 0x00, 0x00, 0x00, 0x00, 0x00, 0x00, 0x00, 0x00, 0x00, 0x00, 0x00, 0x0F,
    0xF0, 0x00, 0x00, 0xFF, 0xFF, 0x00, 0x0F, 0xFF, 0xFF, 0xF0, 0xFF, 0xFF, 0xFF, 0xFF, 0xFF, 0xFF,
    0xE0, 0x00, 0x00, 0x0E, 0x0E, 0x00, 0x00, 0xE0, 0x00, 0xE0, 0x0E, 0x00, 0x00, 0x0E, 0xE0, 0x00,
    0x00, 0x0E, 0xE0, 0x00, 0x00, 0xE0, 0x0E, 0x00, 0x0E, 0x00, 0x00, 0xE0, 0xE0, 0x00, 0x00, 0x0E,
    0xFF, 0x99, 0xFF, 0x99, 0xF9, 0x9F, 0xF9, 0x9F, 0x99, 0xFF, 0x99, 0xFF, 0x9F, 0xF9, 0x9F, 0xF9,
    0xFF, 0x99, 0xFF, 0x99, 0xF9, 0x9F, 0xF9, 0x9F, 0x99, 0xFF, 0x99, 0xFF, 0x9F, 0xF9, 0x9F, 0xF9,
    0xBE, 0xEE, 0xEE, 0xEB, 0xB2, 0x22, 0x22, 0x2B, 0xB2, 0x22, 0x22, 0x2B, 0xB2, 0x22, 0x22, 0x2B,
    0xB2, 0x22, 0x22, 0x2B, 0xB2, 0x22, 0x22, 0x2B, 0xB2, 0x22, 0x22, 0x2B, 0xBE, 0xEE, 0xEE, 0xEB,
    0x00, 0x00, 0x00, 0x00, 0x00, 0x00, 0x00, 0x00, 0x00, 0x00, 0x00, 0x00, 0x00, 0x00, 0x00, 0x00,
    0x00, 0x00, 0x00, 0x00, 0x33, 0x33, 0x33, 0x33, 0x33, 0x33, 0x33, 0x33, 0x33, 0x33, 0x33, 0x33,
    0x00, 0x00, 0x00, 0x00, 0x00, 0x00, 0x00, 0x00, 0x00, 0x00, 0x00, 0x00, 0x00, 0x00, 0x00, 0x00,
    0x00, 0x00, 0x00, 0x44, 0x00, 0x00, 0x44, 0x44, 0x00, 0x44, 0x44, 0x44, 0x44, 0x44, 0x44, 0x44,
    0x00, 0x00, 0x00, 0x00, 0x00, 0x00, 0x00, 0x00, 0x00, 0x00, 0x00, 0x00, 0x55, 0x00, 0x00, 0x00,
    0x55, 0x55, 0x00, 0x00, 0x55, 0x55, 0x55, 0x00, 0x55, 0x55, 0x55, 0x55, 0x55, 0x55, 0x55, 0x55,
    0x00, 0x00, 0x00, 0x00, 0x00, 0x00, 0x00, 0x00, 0x00, 0x00, 0x00, 0x00, 0x00, 0x00, 0x00, 0x00,
    0x00, 0x00, 0x00, 0x06, 0x66, 0x00, 0x06, 0x66, 0x66, 0x66, 0x66, 0x66, 0x66, 0x66, 0x66, 0x66,
    0x20, 0x00, 0x00, 0x02, 0x00, 0x00, 0x00, 0x20, 0x00, 0x00, 0x02, 0x00, 0x00, 0x00, 0x20, 0x00,
    0x00, 0x02, 0x00, 0x00, 0x00, 0x20, 0x00, 0x00, 0x02, 0x00, 0x00, 0x00, 0x20, 0x00, 0x00, 0x02,
    0x00, 0x00, 0x00, 0x00, 0x00, 0x00, 0x00, 0x00, 0x00, 0x00, 0x00, 0x00, 0x00, 0x00, 0x00, 0x00,
    0x00, 0x00, 0x00, 0x00, 0x55, 0x55, 0x55, 0x55, 0x99, 0x99, 0x99, 0x99, 0x99, 0x99, 0x99, 0x99,
    0x55, 0x50, 0x00, 0x00, 0x00, 0x00, 0x00, 0x00, 0x00, 0x00, 0x00, 0x00, 0x00, 0x00, 0x00, 0x00,
    0x00, 0x00, 0x05, 0x55, 0x00, 0x55, 0x50, 0x00, 0x55, 0x00, 0x00, 0x00, 0x00, 0x00, 0x00, 0x00,
    0x60, 0x00, 0x00, 0x00, 0x00, 0x00, 0x00, 0x66, 0x00, 0x00, 0x66, 0x00, 0x00, 0x66, 0x00, 0x00,
    0x66, 0x00, 0x00, 0x00, 0x00, 0x00, 0x00, 0x06, 0x00, 0x00, 0x06, 0x00, 0x00, 0x06, 0x00, 0x00,
    0x70, 0x00, 0x07, 0x00, 0x00, 0x00, 0x70, 0x00, 0x00, 0x70, 0x00, 0x00, 0x70, 0x00, 0x00, 0x70,
    0x00, 0x00, 0x70, 0x00, 0x00, 0x07, 0x00, 0x00, 0x07, 0x00, 0x00, 0x07, 0x00, 0x00, 0x07, 0x00,
    0x00, 0x00, 0x80, 0x00, 0x00, 0x80, 0x00, 0x00, 0x08, 0x00, 0x08, 0x00, 0x00, 0x00, 0x00, 0x00,
    0x00, 0x80, 0x00, 0x80, 0x00, 0x00, 0x08, 0x00, 0x00, 0x08, 0x00, 0x00, 0x00, 0x80, 0x00, 0x80,
    0x00, 0x09, 0x00, 0x90, 0x00, 0x00, 0x09, 0x00, 0x90, 0x00, 0x00, 0x09, 0x00, 0x90, 0x00, 0x00,
    0x00, 0x00, 0x90, 0x00, 0x00, 0x00, 0x00, 0x90, 0x09, 0x00, 0x00, 0x00, 0x90, 0x09, 0x00, 0x00,
    0x00, 0xA0, 0x0A, 0x00, 0x0A, 0x00, 0x00, 0x00, 0x00, 0x00, 0x0A, 0x00, 0x0A, 0x00, 0xA0, 0x00,
    0x00, 0x00, 0x00, 0x00, 0x0A, 0x00, 0xA0, 0x0A, 0xA0, 0x00, 0x00, 0x00, 0x00, 0x00, 0xA0, 0x0A,
    0x00, 0x00, 0xB0, 0x00, 0x00, 0x0B, 0x00, 0x00, 0x00, 0x00, 0xB0, 0x00, 0x00, 0x00, 0x0B, 0x00,
    0x00, 0x00, 0xB0, 0x00, 0xB0, 0x00, 0x0B, 0x00, 0x00, 0x00, 0x00, 0xB0, 0xB0, 0x00, 0x0B, 0x00,
    0x00, 0x00, 0x00, 0x00, 0xC0, 0x00, 0x00, 0x00, 0x0C, 0x0C, 0x00, 0x00, 0x00, 0xC0, 0xC0, 0xC0,
    0x00, 0x00, 0x0C, 0x0C, 0x00, 0x00, 0x00, 0x00, 0x00, 0x00, 0x00, 0x00, 0x0C, 0x00, 0x00, 0x00,
    0x0D, 0x0D, 0x0D, 0x00, 0xD0, 0x00, 0x00, 0x00, 0x00, 0x00, 0x00, 0x00, 0x00, 0x0D, 0x0D, 0x0D,
    0xD0, 0xD0, 0x00, 0x00, 0x00, 0x00, 0x00, 0x00, 0x00, 0x00, 0x0D, 0x0D, 0xD0, 0xD0, 0xD0, 0x00,
    0x0E, 0x00, 0x00, 0xE0, 0x00, 0x0E, 0x00, 0x00, 0x00, 0xE0, 0x00, 0x0E, 0x00, 0x00, 0xE0, 0x00,
    0x00, 0x0E, 0x00, 0x00, 0xE0, 0x00, 0x0E, 0x00, 0x00, 0x00, 0xE0, 0x00, 0x0E, 0x00, 0x00, 0xE0,
    0x00, 0x00, 0x00, 0x0F, 0x0F, 0x00, 0x00, 0x00, 0xF0, 0x0F, 0x00, 0xF0, 0x00, 0x00, 0x0F, 0x00,
    0x00, 0x00, 0x00, 0x00, 0x0F, 0x00, 0xF0, 0x00, 0x00, 0x0F, 0x00, 0xF0, 0x00, 0x00, 0x00, 0x00,
    0x00, 0x10, 0x00, 0x00, 0x00, 0x00, 0x01, 0x00, 0x01, 0x00, 0x10, 0x00, 0x10, 0x00, 0x00, 0x01,
    0x00, 0x01, 0x00, 0x00, 0x00, 0x00, 0x00, 0x10, 0x00, 0x10, 0x01, 0x00, 0x01, 0x00, 0x00, 0x00,
    0x00, 0x02, 0x00, 0x02, 0x00, 0x20, 0x00, 0x00, 0x00, 0x20, 0x00, 0x20, 0x02, 0x00, 0x00, 0x00,
    0x02, 0x00, 0x02, 0x00, 0x20, 0x00, 0x00, 0x00, 0x20, 0x00, 0x20, 0x00, 0x00, 0x00, 0x00, 0x00,
    0x00, 0x00, 0x30, 0x00, 0x00, 0x00, 0x30, 0x00, 0x00, 0x03, 0x00, 0x00, 0x00, 0x03, 0x00, 0x00,
    0x00, 0x03, 0x00, 0x00, 0x00, 0x30, 0x00, 0x00, 0x00, 0x30, 0x00, 0x00, 0x00, 0x30, 0x00, 0x03,
    0xD0, 0x02, 0x04, 0x00, 0x00, 0x20, 0x05, 0x07, 0x00, 0x00, 0x50, 0x08, 0x03, 0x00, 0x00, 0x80,
    0x30, 0x06, 0x00, 0x00, 0x40, 0x60, 0x09, 0x00, 0x00, 0x70, 0x90, 0x0C, 0x07, 0x00, 0xA0, 0xC0,
    0xE0, 0x00, 0x05, 0x00, 0x00, 0x30, 0x00, 0x08, 0x03, 0x00, 0x60, 0x00, 0x04, 0x06, 0x00, 0x90,
    0x40, 0x07, 0x09, 0x00, 0x00, 0x70, 0x0A, 0x0C, 0x00, 0x00, 0xA0, 0x0D, 0x08, 0x00, 0x00, 0xD0,
    0x10, 0x30, 0x06, 0x00, 0x00, 0x40, 0x60, 0x09, 0x04, 0x00, 0x70, 0x90, 0x00, 0x07, 0x00, 0xA0,
    0x50, 0x00, 0x0A, 0x00, 0x00, 0x80, 0x00, 0x0D, 0x08, 0x00, 0xB0, 0x00, 0x09, 0x0B, 0x00, 0xE0,
    0x00, 0x40, 0x07, 0x09, 0x00, 0x00, 0x70, 0x0A, 0x05, 0x00, 0x00, 0xA0, 0x50, 0x08, 0x00, 0x00,
    0x60, 0x80, 0x0B, 0x00, 0x00, 0x90, 0xB0, 0x0E, 0x09, 0x00, 0xC0, 0xE0, 0x00, 0x0C, 0x00, 0x10,
    0x00, 0x50, 0x00, 0x0A, 0x05, 0x00, 0x80, 0x00, 0x06, 0x08, 0x00, 0xB0, 0x60, 0x09, 0x0B, 0x00,
    0x00, 0x90, 0x0C, 0x0E, 0x00, 0x00, 0xC0, 0x01, 0x0A, 0x00, 0x00, 0x10, 0xA0, 0x0D, 0x00, 0x00,
    0x00, 0x60, 0x80, 0x0B, 0x06, 0x00, 0x90, 0xB0, 0x00, 0x09, 0x00, 0xC0, 0x70, 0x00, 0x0C, 0x00,
    0x00, 0xA0, 0x00, 0x01, 0x0A, 0x00, 0xD0, 0x00, 0x0B, 0x0D, 0x00, 0x20, 0xB0, 0x0E, 0x02, 0x00,
    0x00, 0x00, 0x90, 0x0C, 0x07, 0x00, 0x00, 0xC0, 0x70, 0x0A, 0x00, 0x00, 0x80, 0xA0, 0x0D, 0x00,
    0x00, 0xB0, 0xD0, 0x02, 0x0B, 0x00, 0xE0, 0x20, 0x00, 0x0E, 0x00, 0x30, 0xC0, 0x00, 0x03, 0x00,
    0x07, 0x00, 0xA0, 0x00, 0x08, 0x0A, 0x00, 0xD0, 0x80, 0x0B, 0x0D, 0x00, 0x00, 0xB0, 0x0E, 0x02,
    0x00, 0x00, 0xE0, 0x03, 0x0C, 0x00, 0x00, 0x30, 0xC0, 0x01, 0x00, 0x00, 0xD0, 0x10, 0x04, 0x00,
    0x08, 0x00, 0xB0, 0xD0, 0x00, 0x0B, 0x00, 0xE0, 0x90, 0x00, 0x0E, 0x00, 0x00, 0xC0, 0x00, 0x03,
    0x0C, 0x00, 0x10, 0x00, 0x0D, 0x01, 0x00, 0x40, 0xD0, 0x02, 0x04, 0x00, 0x00, 0x20, 0x05, 0x07,
    0x09, 0x00, 0x00, 0xE0, 0x90, 0x0C, 0x00, 0x00, 0xA0, 0xC0, 0x01, 0x00, 0x00, 0xD0, 0x10, 0x04,
    0x0D, 0x00, 0x20, 0x40, 0x00, 0x02, 0x00, 0x50, 0xE0, 0x00, 0x05, 0x00, 0x00, 0x30, 0x00, 0x08,
    0x0A, 0x0C, 0x00, 0x10, 0xA0, 0x0D, 0x01, 0x00, 0x00, 0xD0, 0x02, 0x04, 0x00, 0x00, 0x20, 0x05,
    0x0E, 0x00, 0x00, 0x50, 0xE0, 0x03, 0x00, 0x00, 0x10, 0x30, 0x06, 0x00, 0x00, 0x40, 0x60, 0x09,
    0x00, 0x0D, 0x00, 0x20, 0xB0, 0x00, 0x02, 0x00, 0x00, 0xE0, 0x00, 0x05, 0x0E, 0x00, 0x30, 0x00,
    0x01, 0x03, 0x00, 0x60, 0x10, 0x04, 0x06, 0x00, 0x00, 0x40, 0x07, 0x09, 0x00, 0x00, 0x70, 0x0A,
    0xB0, 0x0E, 0x00, 0x00, 0xC0, 0xE0, 0x03, 0x00, 0x00, 0x10, 0x30, 0x06, 0x01, 0x00, 0x40, 0x60,
    0x00, 0x04, 0x00, 0x70, 0x20, 0x00, 0x07, 0x00, 0x00, 0x50, 0x00, 0x0A, 0x05, 0x00, 0x80, 0x00,
    0xC0, 0x01, 0x03, 0x00, 0x00, 0x10, 0x04, 0x06, 0x00, 0x00, 0x40, 0x07, 0x02, 0x00, 0x00, 0x70,
    0x20, 0x05, 0x00, 0x00, 0x30, 0x50, 0x08, 0x00, 0x00, 0x60, 0x80, 0x0B, 0x06, 0x00, 0x90, 0xB0,
    0xD0, 0x00, 0x04, 0x00, 0x00, 0x20, 0x00, 0x07, 0x02, 0x00, 0x50, 0x00, 0x03, 0x05, 0x00, 0x80,
    0x30, 0x06, 0x08, 0x00, 0x00, 0x60, 0x09, 0x0B, 0x00, 0x00, 0x90, 0x0C, 0x07, 0x00, 0x00, 0xC0,
    0xE0, 0x20, 0x05, 0x00, 0x00, 0x30, 0x50, 0x08, 0x03, 0x00, 0x60, 0x80, 0x00, 0x06, 0x00, 0x90,
    0x40, 0x00, 0x09, 0x00, 0x00, 0x70, 0x00, 0x0C, 0x07, 0x00, 0xA0, 0x00, 0x08, 0x0A, 0x00, 0xD0,
    0x00, 0x30, 0x06, 0x08, 0x00, 0x00, 0x60, 0x09, 0x04, 0x00, 0x00, 0x90, 0x40, 0x07, 0x00, 0x00,
    0x50, 0x70, 0x0A, 0x00, 0x00, 0x80, 0xA0, 0x0D, 0x08, 0x00, 0xB0, 0xD0, 0x00, 0x0B, 0x00, 0xE0,
    0x00, 0x40, 0x00, 0x09, 0x04, 0x00, 0x70, 0x00, 0x05, 0x07, 0x00, 0xA0, 0x50, 0x08, 0x0A, 0x00,
    0x00, 0x80, 0x0B, 0x0D, 0x00, 0x00, 0xB0, 0x0E, 0x09, 0x00, 0x00, 0xE0, 0x90, 0x0C, 0x00, 0x00,
    0x00, 0x50, 0x70, 0x0A, 0x05, 0x00, 0x80, 0xA0, 0x00, 0x08, 0x00, 0xB0, 0x60, 0x00, 0x0B, 0x00,
    0x00, 0x90, 0x00, 0x0E, 0x09, 0x00, 0xC0, 0x00, 0x0A, 0x0C, 0x00, 0x10, 0xA0, 0x0D, 0x01, 0x00,
    0x00, 0x00, 0x80, 0x0B, 0x06, 0x00, 0x00, 0xB0, 0x60, 0x09, 0x00, 0x00, 0x70, 0x90, 0x0C, 0x00,
    0x00, 0xA0, 0xC0, 0x01, 0x0A, 0x00, 0xD0, 0x10, 0x00, 0x0D, 0x00, 0x20, 0xB0, 0x00, 0x02, 0x00,
    0x06, 0x00, 0x90, 0x00, 0x07, 0x09, 0x00, 0xC0, 0x70, 0x0A, 0x0C, 0x00, 0x00, 0xA0, 0x0D, 0x01,
    0x00, 0x00, 0xD0, 0x02, 0x0B, 0x00, 0x00, 0x20, 0xB0, 0x0E, 0x00, 0x00, 0xC0, 0xE0, 0x03, 0x00,
    0x07, 0x00, 0xA0, 0xC0, 0x00, 0x0A, 0x00, 0xD0, 0x80, 0x00, 0x0D, 0x00, 0x00, 0xB0, 0x00, 0x02,
    0x0B, 0x00, 0xE0, 0x00, 0x0C, 0x0E, 0x00, 0x30, 0xC0, 0x01, 0x03, 0x00, 0x00, 0x10, 0x04, 0x06,
    0x08, 0x00, 0x00, 0xD0, 0x80, 0x0B, 0x00, 0x00, 0x90, 0xB0, 0x0E, 0x00, 0x00, 0xC0, 0xE0, 0x03,
    0x0C, 0x00, 0x10, 0x30, 0x00, 0x01, 0x00, 0x40, 0xD0, 0x00, 0x04, 0x00, 0x00, 0x20, 0x00, 0x07,
    0x09, 0x0B, 0x00, 0xE0, 0x90, 0x0C, 0x0E, 0x00, 0x00, 0xC0, 0x01, 0x03, 0x00, 0x00, 0x10, 0x04,
    0x0D, 0x00, 0x00, 0x40, 0xD0, 0x02, 0x00, 0x00, 0xE0, 0x20, 0x05, 0x00, 0x00, 0x30, 0x50, 0x08,
};

const uint16_t platform_palettes[3][16] = {
    {0x000, 0x00A, 0x013, 0x01C, 0x025, 0x06E, 0x0B7, 0x13F, 0x04A, 0x093, 0x0DC, 0x125, 0x16E, 0x1B7, 0x1FF, 0x0A5},
    {0x000, 0x049, 0x089, 0x0D1, 0x111, 0x159, 0x1A1, 0x1EA, 0x059, 0x061, 0x0AA, 0x0F2, 0x13B, 0x174, 0x1BD, 0x1FE},
    {0x000, 0x001, 0x042, 0x04B, 0x08C, 0x095, 0x0D6, 0x11F, 0x08A, 0x0CB, 0x114, 0x155, 0x19E, 0x1E7, 0x16F, 0x1F7},
};

const uint16_t platform_map_a[14336] = {
    0x0201, 0x0201, 0x0201, 0x0201, 0x0201, 0x0201, 0x0201, 0x0201, 0x0201, 0x0201,
    0x0201, 0x0201, 0x0201, 0x0201, 0x0201, 0x0201, 0x0201, 0x0201, 0x0201, 0x0201,
    0x0201, 0x0201, 0x0201, 0x0201, 0x0201, 0x0201, 0x0201, 0x0201, 0x0201, 0x0201,
    0x0201, 0x0201, 0x0201, 0x0201, 0x0201, 0x0201, 0x0201, 0x0201, 0x0201, 0x0201,
    0x0201, 0x0201, 0x0201, 0x0201, 0x0201, 0x0201, 0x0201, 0x0201, 0x0201, 0x0201,
    0x0201, 0x0201, 0x0201, 0x0201, 0x0201, 0x0201, 0x0201, 0x0201, 0x0201, 0x0201,
    0x0201, 0x0201, 0x0201, 0x0201, 0x0201, 0x0201, 0x0201, 0x0201, 0x0201, 0x0201,
    0x0201, 0x0201, 0x0201, 0x0201, 0x0201, 0x0201, 0x0201, 0x0201, 0x0201, 0x0201,
    0x0201, 0x0201, 0x0201, 0x0201, 0x0201, 0x0201, 0x0201, 0x0201, 0x0201, 0x0201,
    0x0201, 0x0201, 0x0201, 0x0201, 0x0201, 0x0201, 0x0201, 0x0201, 0x0201, 0x0201,
    0x0201, 0x0201, 0x0201, 0x0201, 0x0201, 0x0201, 0x0201, 0x0201, 0x0201, 0x0201,
    0x0201, 0x0201, 0x0201, 0x0201, 0x0201, 0x0201, 0x0201, 0x0201, 0x0201, 0x0201,
    0x0201, 0x0201, 0x0201, 0x0201, 0x0201, 0x0201, 0x0201, 0x0201, 0x0201, 0x0201,
    0x0201, 0x0201, 0x0201, 0x0201, 0x0201, 0x0201, 0x0201, 0x0201, 0x0201, 0x0201,
    0x0201, 0x0201, 0x0201, 0x0201, 0x0201, 0x0201, 0x0201, 0x0201, 0x0201, 0x0201,
    0x0201, 0x0201, 0x0201, 0x0201, 0x0201, 0x0201, 0x0201, 0x0201, 0x0201, 0x0201,
    0x0201, 0x0201, 0x0201, 0x0201, 0x0201, 0x0201, 0x0201, 0x0201, 0x0201, 0x0201,
    0x0201, 0x0201, 0x0201, 0x0201, 0x0201, 0x0201, 0x0201, 0x0201, 0x0201, 0x0201,
    0x0201, 0x0201, 0x0201, 0x0201, 0x0201, 0x0201, 0x0201, 0x0201, 0x0201, 0x0201,
    0x0201, 0x0201, 0x0201, 0x0201, 0x0201, 0x0201, 0x0201, 0x0201, 0x0201, 0x0201,
    0x0201, 0x0201, 0x0201, 0x0201, 0x0201, 0x0201, 0x0201, 0x0201, 0x0201, 0x0201,
    0x0201, 0x0201, 0x0201, 0x0201, 0x0201, 0x0201, 0x0201, 0x0201, 0x0201, 0x0201,
    0x0201, 0x0201, 0x0201, 0x0201, 0x0201, 0x0201, 0x0201, 0x0201, 0x0201, 0x0201,
    0x0201, 0x0201, 0x0201, 0x0201, 0x0201, 0x0201, 0x0201, 0x0201, 0x0201, 0x0201,
    0x0201, 0x0201, 0x0201, 0x0201, 0x0201, 0x0201, 0x0201, 0x0201, 0x0201, 0x0201,
    0x0201, 0x0201, 0x0201, 0x0201, 0x0201, 0x0201, 0x0201, 0x0201, 0x0201, 0x0201,
    0x0201, 0x0201, 0x0201, 0x0201, 0x0201, 0x0201, 0x0201, 0x0201, 0x0201, 0x0201,
    0x0201, 0x0201, 0x0201, 0x0201, 0x0201, 0x0201, 0x0201, 0x0201, 0x0201, 0x0201,
    0x0201, 0x0201, 0x0201, 0x0201, 0x0201, 0x0201, 0x0201, 0x0201, 0x0201, 0x0201,
    0x0201, 0x0201, 0x0201, 0x0201, 0x0201, 0x0201, 0x0201, 0x0201, 0x0201, 0x0201,
    0x0201, 0x0201, 0x0201, 0x0201, 0x0201, 0x0201, 0x0201, 0x0201, 0x0201, 0x0201,
    0x0201, 0x0201, 0x0201, 0x0201, 0x0201, 0x0201, 0x0201, 0x0201, 0x0201, 0x0201,
    0x0201, 0x0201, 0x0201, 0x0201, 0x0201, 0x0201, 0x0201, 0x0201, 0x0201, 0x0201,
    0x0201, 0x0201, 0x0201, 0x0201, 0x0201, 0x0201, 0x0201, 0x0201, 0x0201, 0x0201,
    0x0201, 0x0201, 0x0201, 0x0201, 0x0201, 0x0201, 0x0201, 0x0201, 0x0201, 0x0201,
    0x0201, 0x0201, 0x0201, 0x0201, 0x0201, 0x0201, 0x0201, 0x0201, 0x0201, 0x0201,
    0x0201, 0x0201, 0x0201, 0x0201, 0x0201, 0x0201, 0x0201, 0x0201, 0x0201, 0x0201,
    0x0201, 0x0201, 0x0201, 0x0201, 0x0201, 0x0201, 0x0201, 0x0201, 0x0201, 0x0201,
    0x0201, 0x0201, 0x0201, 0x0201, 0x0201, 0x0201, 0x0201, 0x0201, 0x0201, 0x0201,
    0x0201, 0x0201, 0x0201, 0x0201, 0x0201, 0x0201, 0x0201, 0x0201, 0x0201, 0x0201,
    0x0201, 0x0201, 0x0201, 0x0201, 0x0201, 0x0201, 0x0201, 0x0201, 0x0201, 0x0201,
    0x0201, 0x0201, 0x0201, 0x0201, 0x0201, 0x0201, 0x0201, 0x0201, 0x0201, 0x0201,
    0x0201, 0x0201, 0x0201, 0x0201, 0x0201, 0x0201, 0x0201, 0x0201, 0x0201, 0x0201,
    0x0201, 0x0201, 0x0201, 0x0201, 0x0201, 0x0201, 0x0201, 0x0201, 0x0201, 0x0201,
    0x0201, 0x0201, 0x0201, 0x0201, 0x0201, 0x0201, 0x0201, 0x0201, 0x0201, 0x0201,
    0x0201, 0x0201, 0x0201, 0x0201, 0x0201, 0x0201, 0x0201, 0x0201, 0x0201, 0x0201,
    0x0201, 0x0201, 0x0201, 0x0201, 0x0201, 0x0201, 0x0201, 0x0201, 0x0201, 0x0201,
    0x0201, 0x0201, 0x0201, 0x0201, 0x0201, 0x0201, 0x0201, 0x0201, 0x0201, 0x0201,
    0x0201, 0x0201, 0x0201, 0x0201, 0x0201, 0x0201, 0x0201, 0x0201, 0x0201, 0x0201,
    0x0201, 0x0201, 0x0201, 0x0201, 0x0201, 0x0201, 0x0201, 0x0201, 0x0201, 0x0201,
    0x0201, 0x0201, 0x0201, 0x0201, 0x0201, 0x0201, 0x0201, 0x0201, 0x0201, 0x0201,
    0x0201, 0x0201, 0x0201, 0x0201, 0x0201, 0x0201, 0x0201, 0x0201, 0x0201, 0x0201,
    0x0201, 0x0201, 0x0201, 0x0201, 0x0201, 0x0201, 0x0201, 0x0201, 0x0201, 0x0201,
    0x0201, 0x0201, 0x0201, 0x0201, 0x0201, 0x0201, 0x0201, 0x0201, 0x0201, 0x0201,
    0x0201, 0x0201, 0x0201, 0x0201, 0x0201, 0x0201, 0x0201, 0x0201, 0x0201, 0x0201,
    0x0201, 0x0201, 0x0201, 0x0201, 0x0201, 0x0201, 0x0201, 0x0201, 0x0201, 0x0201,
    0x0201, 0x0201, 0x0201, 0x0201, 0x0201, 0x0201, 0x0201, 0x0201, 0x0201, 0x0201,
    0x0201, 0x0201, 0x0201, 0x0201, 0x0201, 0x0201, 0x0201, 0x0201, 0x0201, 0x0201,
    0x0201, 0x0201, 0x0201, 0x0201, 0x0201, 0x0201, 0x0201, 0x0201, 0x0201, 0x0201,
    0x0201, 0x0201, 0x0201, 0x0201, 0x0201, 0x0201, 0x0201, 0x0201, 0x0201, 0x0201,
    0x0201, 0x0201, 0x0201, 0x0201, 0x0201, 0x0201, 0x0201, 0x0201, 0x0201, 0x0201,
    0x0201, 0x0201, 0x0201, 0x0201, 0x0201, 0x0201, 0x0201, 0x0201, 0x0201, 0x0201,
    0x0201, 0x0201, 0x0201, 0x0201, 0x0201, 0x0201, 0x0201, 0x0201, 0x0201, 0x0201,
    0x0201, 0x0201, 0x0201, 0x0201, 0x0201, 0x0201, 0x0201, 0x0201, 0x0201, 0x0201,
    0x0201, 0x0201, 0x0201, 0x0201, 0x0201, 0x0201, 0x0201, 0x0201, 0x0201, 0x0201,
    0x0201, 0x0201, 0x0201, 0x0201, 0x0201, 0x0201, 0x0201, 0x0201, 0x0201, 0x0201,
    0x0201, 0x0201, 0x0201, 0x0201, 0x0201, 0x0201, 0x0201, 0x0201, 0x0201, 0x0201,
    0x0201, 0x0201, 0x0201, 0x0201, 0x0201, 0x0201, 0x0201, 0x0201, 0x0201, 0x0201,
    0x0201, 0x0201, 0x0201, 0x0201, 0x0201, 0x0201, 0x0201, 0x0201, 0x0201, 0x0201,
    0x0201, 0x0201, 0x0201, 0x0201, 0x0201, 0x0201, 0x0201, 0x0201, 0x0201, 0x0201,
    0x0201, 0x0201, 0x0201, 0x0201, 0x0201, 0x0201, 0x0201, 0x0201, 0x0201, 0x0201,
    0x0201, 0x0201, 0x0201, 0x0201, 0x0201, 0x0201, 0x0201, 0x0201, 0x0201, 0x0201,
    0x0201, 0x0201, 0x0201, 0x0201, 0x0201, 0x0201, 0x0201, 0x0201, 0x0201, 0x0201,
    0x0201, 0x0201, 0x0201, 0x0201, 0x0201, 0x0201, 0x0201, 0x0201, 0x0201, 0x0201,
    0x0201, 0x0201, 0x0201, 0x0201, 0x0201, 0x0201, 0x0201, 0x0201, 0x0201, 0x0201,
    0x0201, 0x0201, 0x0201, 0x0201, 0x0201, 0x0201, 0x0201, 0x0201, 0x0201, 0x0201,
    0x0201, 0x0201, 0x0201, 0x0201, 0x0201, 0x0201, 0x0201, 0x0201, 0x0201, 0x0201,
    0x0201, 0x0201, 0x0201, 0x0201, 0x0201, 0x0201, 0x0201, 0x0201, 0x0201, 0x0201,
    0x0201, 0x0201, 0x0201, 0x0201, 0x0201, 0x0201, 0x0201, 0x0201, 0x0201, 0x0201,
    0x0201, 0x0201, 0x0201, 0x0201, 0x0201, 0x0201, 0x0201, 0x0201, 0x0201, 0x0201,
    0x0201, 0x0201, 0x0201, 0x0201, 0x0201, 0x0201, 0x0201, 0x0201, 0x0201, 0x0201,
    0x0201, 0x0201, 0x0201, 0x0201, 0x0201, 0x0201, 0x0201, 0x0201, 0x0201, 0x0201,
    0x0201, 0x0201, 0x0201, 0x0201, 0x0201, 0x0201, 0x0201, 0x0201, 0x0201, 0x0201,
    0x0201, 0x0201, 0x0201, 0x0201, 0x0201, 0x0201, 0x0201, 0x0201, 0x0201, 0x0201,
    0x0201, 0x0201, 0x0201, 0x0201, 0x0201, 0x0201, 0x0201, 0x0201, 0x0201, 0x0201,
    0x0201, 0x0201, 0x0201, 0x0201, 0x0201, 0x0201, 0x0201, 0x0201, 0x0201, 0x0201,
    0x0201, 0x0201, 0x0201, 0x0201, 0x0201, 0x0201, 0x0201, 0x0201, 0x0201, 0x0201,
    0x0201, 0x0201, 0x0201, 0x0201, 0x0201, 0x0201, 0x0201, 0x0201, 0x0201, 0x0201,
    0x0201, 0x0201, 0x0201, 0x0201, 0x0201, 0x0201, 0x0201, 0x0201, 0x0201, 0x0201,
    0x0201, 0x0201, 0x0201, 0x0201, 0x0201, 0x0201, 0x0201, 0x0201, 0x0201, 0x0201,
    0x0201, 0x0201, 0x0201, 0x0201, 0x0201, 0x0201, 0x0201, 0x0201, 0x0201, 0x0201,
    0x0201, 0x0201, 0x0201, 0x0201, 0x0201, 0x0201, 0x0201, 0x0201, 0x0201, 0x0201,
    0x0201, 0x0201, 0x0201, 0x0201, 0x0201, 0x0201, 0x0201, 0x0201, 0x0201, 0x0201,
    0x0201, 0x0201, 0x0201, 0x0201, 0x0201, 0x0201, 0x0201, 0x0201, 0x0201, 0x0201,
    0x0201, 0x0201, 0x0201, 0x0201, 0x0201, 0x0201, 0x0201, 0x0201, 0x0201, 0x0201,
    0x0201, 0x0201, 0x0201, 0x0201, 0x0201, 0x0201, 0x0201, 0x0201, 0x0201, 0x0201,
    0x0201, 0x0201, 0x0201, 0x0201, 0x0201, 0x0201, 0x0201, 0x0201, 0x0201, 0x0201,
    0x0201, 0x0201, 0x0201, 0x0201, 0x0201, 0x0201, 0x0201, 0x0201, 0x0201, 0x0201,
    0x0201, 0x0201, 0x0201, 0x0201, 0x0201, 0x0201, 0x0201, 0x0201, 0x0201, 0x0201,
    0x0201, 0x0201, 0x0201, 0x0201, 0x0201, 0x0201, 0x0201, 0x0201, 0x0201, 0x0201,
    0x0201, 0x0201, 0x0201, 0x0201, 0x0201, 0x0201, 0x0201, 0x0201, 0x0201, 0x0201,
    0x0201, 0x0201, 0x0201, 0x0201, 0x0201, 0x0201, 0x0201, 0x0201, 0x0201, 0x0201,
    0x0201, 0x0201, 0x0201, 0x0201, 0x0201, 0x0201, 0x0201, 0x0201, 0x0201, 0x0201,
    0x0201, 0x0201, 0x0201, 0x0201, 0x0201, 0x0201, 0x0201, 0x0201, 0x0201, 0x0201,
    0x0201, 0x0201, 0x0201, 0x0201, 0x0201, 0x0201, 0x0201, 0x0201, 0x0201, 0x0201,
    0x0201, 0x0201, 0x0201, 0x0201, 0x0201, 0x0201, 0x0201, 0x0201, 0x0201, 0x0201,
    0x0201, 0x0201, 0x0201, 0x0201, 0x0201, 0x0201, 0x0201, 0x0201, 0x0201, 0x0201,
    0x0201, 0x0201, 0x0201, 0x0201, 0x0201, 0x0201, 0x0201, 0x0201, 0x0201, 0x0201,
    0x0201, 0x0201, 0x0201, 0x0201, 0x0201, 0x0201, 0x0201, 0x0201, 0x0201, 0x0201,
    0x0201, 0x0201, 0x0201, 0x0201, 0x0201, 0x0201, 0x0201, 0x0201, 0x0201, 0x0201,
    0x0201, 0x0201, 0x0201, 0x0201, 0x0201, 0x0201, 0x0201, 0x0201, 0x0201, 0x0201,
    0x0201, 0x0201, 0x0201, 0x0201, 0x0201, 0x0201, 0x0201, 0x0201, 0x0201, 0x0201,
    0x0201, 0x0201, 0x0201, 0x0201, 0x0201, 0x0201, 0x0201, 0x0201, 0x0201, 0x0201,
    0x0201, 0x0201, 0x0201, 0x0201, 0x0201, 0x0201, 0x0201, 0x0201, 0x0201, 0x0201,
    0x0201, 0x0201, 0x0201, 0x0201, 0x0201, 0x0201, 0x0201, 0x0201, 0x0201, 0x0201,
    0x0201, 0x0201, 0x0201, 0x0201, 0x0201, 0x0201, 0x0201, 0x0201, 0x0201, 0x0201,
    0x0201, 0x0201, 0x0201, 0x0201, 0x0201, 0x0201, 0x0201, 0x0201, 0x0201, 0x0201,
    0x0201, 0x0201, 0x0201, 0x0201, 0x0201, 0x0201, 0x0201, 0x0201, 0x0201, 0x0201,
    0x0201, 0x0201, 0x0201, 0x0201, 0x0201, 0x0201, 0x0201, 0x0201, 0x0201, 0x0201,
    0x0201, 0x0201, 0x0201, 0x0201, 0x0201, 0x0201, 0x0201, 0x0201, 0x0201, 0x0201,
    0x0201, 0x0201, 0x0201, 0x0201, 0x0201, 0x0201, 0x0201, 0x0201, 0x0201, 0x0201,
    0x0201, 0x0201, 0x0201, 0x0201, 0x0201, 0x0201, 0x0201, 0x0201, 0x0201, 0x0201,
    0x0201, 0x0201, 0x0201, 0x0201, 0x0201, 0x0201, 0x0201, 0x0201, 0x0201, 0x0201,
    0x0201, 0x0201, 0x0201, 0x0201, 0x0201, 0x0201, 0x0201, 0x0201, 0x0201, 0x0201,
    0x0201, 0x0201, 0x0201, 0x0201, 0x0201, 0x0201, 0x0201, 0x0201, 0x0201, 0x0201,
    0x0201, 0x0201, 0x0201, 0x0201, 0x0201, 0x0201, 0x0201, 0x0201, 0x0201, 0x0201,
    0x0201, 0x0201, 0x0201, 0x0201, 0x0201, 0x0201, 0x0201, 0x0201, 0x0201, 0x0201,
    0x0201, 0x0201, 0x0201, 0x0201, 0x0201, 0x0201, 0x0201, 0x0201, 0x0201, 0x0201,
    0x0201, 0x0201, 0x0201, 0x0201, 0x0201, 0x0201, 0x0201, 0x0201, 0x0201, 0x0201,
    0x0201, 0x0201, 0x0201, 0x0201, 0x0201, 0x0201, 0x0201, 0x0201, 0x0201, 0x0201,
    0x0201, 0x0201, 0x0201, 0x0201, 0x0201, 0x0201, 0x0201, 0x0201, 0x0201, 0x0201,
    0x0201, 0x0201, 0x0201, 0x0201, 0x0201, 0x0201, 0x0201, 0x0201, 0x0201, 0x0201,
    0x0201, 0x0201, 0x0201, 0x0201, 0x0201, 0x0201, 0x0201, 0x0201, 0x0201, 0x0201,
    0x0201, 0x0201, 0x0201, 0x0201, 0x0201, 0x0201, 0x0201, 0x0201, 0x0201, 0x0201,
    0x0201, 0x0201, 0x0201, 0x0201, 0x0201, 0x0201, 0x0201, 0x0201, 0x0201, 0x0201,
    0x0201, 0x0201, 0x0201, 0x0201, 0x0201, 0x0201, 0x0201, 0x0201, 0x0201, 0x0201,
    0x0201, 0x0201, 0x0201, 0x0201, 0x0201, 0x0201, 0x0201, 0x0201, 0x0201, 0x0201,
    0x0201, 0x0201, 0x0201, 0x0201, 0x0201, 0x0201, 0x0201, 0x0201, 0x0201, 0x0201,
    0x0201, 0x0201, 0x0201, 0x0201, 0x0201, 0x0201, 0x0201, 0x0201, 0x0201, 0x0201,
    0x0201, 0x0201, 0x0201, 0x0201, 0x0201, 0x0201, 0x0201, 0x0201, 0x0201, 0x0201,
    0x0201, 0x0201, 0x0201, 0x0201, 0x0201, 0x0201, 0x0201, 0x0201, 0x0201, 0x0201,
    0x0201, 0x0201, 0x0201, 0x0201, 0x0201, 0x0201, 0x0201, 0x0201, 0x0201, 0x0201,
    0x0201, 0x0201, 0x0201, 0x0201, 0x0201, 0x0201, 0x0201, 0x0201, 0x0201, 0x0201,
    0x0201, 0x0201, 0x0201, 0x0201, 0x0201, 0x0201, 0x0201, 0x0201, 0x0201, 0x0201,
    0x0201, 0x0201, 0x0201, 0x0201, 0x0201, 0x0201, 0x0201, 0x0201, 0x0201, 0x0201,
    0x0201, 0x0201, 0x0201, 0x0201, 0x0201, 0x0201, 0x0201, 0x0201, 0x0201, 0x0201,
    0x0201, 0x0201, 0x0201, 0x0201, 0x0201, 0x0201, 0x0201, 0x0201, 0x0201, 0x0201,
    0x0201, 0x0201, 0x0201, 0x0201, 0x0201, 0x0201, 0x0201, 0x0201, 0x0201, 0x0201,
    0x0201, 0x0201, 0x0201, 0x0201, 0x0201, 0x0201, 0x0201, 0x0201, 0x0201, 0x0201,
    0x0201, 0x0201, 0x0201, 0x0201, 0x0201, 0x0201, 0x0201, 0x0201, 0x0201, 0x0201,
    0x0201, 0x0201, 0x0201, 0x0201, 0x0201, 0x0201, 0x0201, 0x0201, 0x0201, 0x0201,
    0x0201, 0x0201, 0x0201, 0x0201, 0x0201, 0x0201, 0x0201, 0x0201, 0x0201, 0x0201,
    0x0201, 0x0201, 0x0201, 0x0201, 0x0201, 0x0201, 0x0201, 0x0201, 0x0201, 0x0201,
    0x0201, 0x0201, 0x0201, 0x0201, 0x0201, 0x0201, 0x0201, 0x0201, 0x0201, 0x0201,
    0x0201, 0x0201, 0x0201, 0x0201, 0x0201, 0x0201, 0x0201, 0x0201, 0x0201, 0x0201,
    0x0201, 0x0201, 0x0201, 0x0201, 0x0201, 0x0201, 0x0201, 0x0201, 0x0201, 0x0201,
    0x0201, 0x0201, 0x0201, 0x0201, 0x0201, 0x0201, 0x0201, 0x0201, 0x0201, 0x0201,
    0x0201, 0x0201, 0x0201, 0x0201, 0x0201, 0x0201, 0x0201, 0x0201, 0x0201, 0x0201,
    0x0201, 0x0201, 0x0201, 0x0201, 0x0201, 0x0201, 0x0201, 0x0201, 0x0201, 0x0201,
    0x0201, 0x0201, 0x0201, 0x0201, 0x0201, 0x0201, 0x0201, 0x0201, 0x0201, 0x0201,
    0x0201, 0x0201, 0x0201, 0x0201, 0x0201, 0x0201, 0x0201, 0x0201, 0x0201, 0x0201,
    0x0201, 0x0201, 0x0201, 0x0201, 0x0201, 0x0201, 0x0201, 0x0201, 0x0201, 0x0201,
    0x0201, 0x0201, 0x0201, 0x0201, 0x0201, 0x0201, 0x0201, 0x0201, 0x0201, 0x0201,
    0x0201, 0x0201, 0x0201, 0x0201, 0x0201, 0x0201, 0x0201, 0x0201, 0x0201, 0x0201,
    0x0201, 0x0201, 0x0201, 0x0201, 0x0201, 0x0201, 0x0201, 0x0201, 0x0201, 0x0201,
    0x0201, 0x0201, 0x0201, 0x0201, 0x0201, 0x0201, 0x0201, 0x0201, 0x0201, 0x0201,
    0x0201, 0x0201, 0x0201, 0x0201, 0x0201, 0x0201, 0x0201, 0x0201, 0x0201, 0x0201,
    0x0201, 0x0201, 0x0201, 0x0201, 0x0201, 0x0201, 0x0201, 0x0201, 0x0201, 0x0201,
    0x0201, 0x0201, 0x0201, 0x0201, 0x0201, 0x0201, 0x0201, 0x0201, 0x0201, 0x0201,
    0x0201, 0x0201, 0x0201, 0x0201, 0x0201, 0x0201, 0x0201, 0x0201, 0x0201, 0x0201,
    0x0201, 0x0201, 0x0201, 0x0201, 0x0201, 0x0201, 0x0201, 0x0201, 0x0201, 0x0201,
    0x0201, 0x0201, 0x0201, 0x0201, 0x0201, 0x0201, 0x0201, 0x0201, 0x0201, 0x0201,
    0x0201, 0x0201, 0x0201, 0x0201, 0x0201, 0x0201, 0x0201, 0x0201, 0x0201, 0x0201,
    0x0201, 0x0201, 0x0201, 0x0201, 0x0201, 0x0201, 0x0201, 0x0201, 0x0201, 0x0201,
    0x0201, 0x0201, 0x0201, 0x0201, 0x0201, 0x0201, 0x0201, 0x0201, 0x0201, 0x0201,
    0x0201, 0x0201, 0x0201, 0x0201, 0x0201, 0x0201, 0x0201, 0x0201, 0x0201, 0x0201,
    0x0201, 0x0201, 0x0201, 0x0201, 0x0201, 0x0201, 0x0201, 0x0201, 0x0201, 0x0201,
    0x0201, 0x0201, 0x0201, 0x0201, 0x0201, 0x0201, 0x0201, 0x0201, 0x0201, 0x0201,
    0x0201, 0x0201, 0x0201, 0x0201, 0x0201, 0x0201, 0x0201, 0x0201, 0x0201, 0x0201,
    0x0201, 0x0201, 0x0201, 0x0201, 0x0201, 0x0201, 0x0201, 0x0201, 0x0201, 0x0201,
    0x0201, 0x0201, 0x0201, 0x0201, 0x0201, 0x0201, 0x0201, 0x0201, 0x0201, 0x0201,
    0x0201, 0x0201, 0x0201, 0x0201, 0x0201, 0x0201, 0x0201, 0x0201, 0x0201, 0x0201,
    0x0201, 0x0201, 0x0201, 0x0201, 0x0201, 0x0201, 0x0201, 0x0201, 0x0201, 0x0201,
    0x0201, 0x0201, 0x0201, 0x0201, 0x0201, 0x0201, 0x0201, 0x0201, 0x0201, 0x0201,
    0x0201, 0x0201, 0x0201, 0x0201, 0x0201, 0x0201, 0x0201, 0x0201, 0x0201, 0x0201,
    0x0201, 0x0201, 0x0201, 0x0201, 0x0201, 0x0201, 0x0201, 0x0201, 0x0201, 0x0201,
    0x0201, 0x0201, 0x0201, 0x0201, 0x0201, 0x0201, 0x0201, 0x0201, 0x0201, 0x0201,
    0x0201, 0x0201, 0x0201, 0x0201, 0x0201, 0x0201, 0x0201, 0x0201, 0x0201, 0x0201,
    0x0201, 0x0201, 0x0201, 0x0201, 0x0201, 0x0201, 0x0201, 0x0201, 0x0201, 0x0201,
    0x0201, 0x0201, 0x0201, 0x0201, 0x0201, 0x0201, 0x0201, 0x0201, 0x0201, 0x0201,
    0x0201, 0x0201, 0x0201, 0x0201, 0x0201, 0x0201, 0x0201, 0x0201, 0x0201, 0x0201,
    0x0201, 0x0201, 0x0201, 0x0201, 0x0201, 0x0201, 0x0201, 0x0201, 0x0201, 0x0201,
    0x0201, 0x0201, 0x0201, 0x0201, 0x0201, 0x0201, 0x0201, 0x0201, 0x0201, 0x0201,
    0x0201, 0x0201, 0x0201, 0x0201, 0x0201, 0x0201, 0x0201, 0x0201, 0x0201, 0x0201,
    0x0201, 0x0201, 0x0201, 0x0201, 0x0201, 0x0201, 0x0201, 0x0201, 0x0201, 0x0201,
    0x0201, 0x0201, 0x0201, 0x0201, 0x0201, 0x0201, 0x0201, 0x0201, 0x0201, 0x0201,
    0x0201, 0x0201, 0x0201, 0x0201, 0x0201, 0x0201, 0x0201, 0x0201, 0x0201, 0x0201,
    0x0201, 0x0201, 0x0201, 0x0201, 0x0201, 0x0201, 0x0201, 0x0201, 0x0201, 0x0201,
    0x0201, 0x0201, 0x0201, 0x0201, 0x0201, 0x0201, 0x0201, 0x0201, 0x0201, 0x0201,
    0x0201, 0x0201, 0x0201, 0x0201, 0x0201, 0x0201, 0x0201, 0x0201, 0x0201, 0x0201,
    0x0201, 0x0201, 0x0201, 0x0201, 0x0201, 0x0201, 0x0201, 0x0201, 0x0201, 0x0201,
    0x0201, 0x0201, 0x0201, 0x0201, 0x0201, 0x0201, 0x0201, 0x0201, 0x0201, 0x0201,
    0x0201, 0x0201, 0x0201, 0x0201, 0x0201, 0x0201, 0x0201, 0x0201, 0x0201, 0x0201,
    0x0201, 0x0201, 0x0201, 0x0201, 0x0201, 0x0201, 0x0201, 0x0201, 0x0201, 0x0201,
    0x0201, 0x0201, 0x0201, 0x0201, 0x0201, 0x0201, 0x0201, 0x0201, 0x0201, 0x0201,
    0x0201, 0x0201, 0x0201, 0x0201, 0x0201, 0x0201, 0x0201, 0x0201, 0x0201, 0x0201,
    0x0201, 0x0201, 0x0201, 0x0201, 0x0201, 0x0201, 0x0201, 0x0201, 0x0201, 0x0201,
    0x0201, 0x0201, 0x0201, 0x0201, 0x0201, 0x0201, 0x0201, 0x0201, 0x0201, 0x0201,
    0x0201, 0x0201, 0x0201, 0x0201, 0x0201, 0x0201, 0x0201, 0x0201, 0x0201, 0x0201,
    0x0201, 0x0201, 0x0201, 0x0201, 0x0201, 0x0201, 0x0201, 0x0201, 0x0201, 0x0201,
    0x0201, 0x0201, 0x0201, 0x0201, 0x0201, 0x0201, 0x0201, 0x0201, 0x0201, 0x0201,
    0x0201, 0x0201, 0x0201, 0x0201, 0x0201, 0x0201, 0x0201, 0x0201, 0x0201, 0x0201,
    0x0201, 0x0201, 0x0201, 0x0201, 0x0201, 0x0201, 0x0201, 0x0201, 0x0201, 0x0201,
    0x0201, 0x0201, 0x0201, 0x0201, 0x0201, 0x0201, 0x0201, 0x0201, 0x0201, 0x0201,
    0x0201, 0x0201, 0x0201, 0x0201, 0x0201, 0x0201, 0x0201, 0x0201, 0x0201, 0x0201,
    0x0201, 0x0201, 0x0201, 0x0201, 0x0201, 0x0201, 0x0201, 0x0201, 0x0201, 0x0201,
    0x0201, 0x0201, 0x0201, 0x0201, 0x0201, 0x0201, 0x0201, 0x0201, 0x0201, 0x0201,
    0x0201, 0x0201, 0x0201, 0x0201, 0x0201, 0x0201, 0x0201, 0x0201, 0x0201, 0x0201,
    0x0201, 0x0201, 0x0201, 0x0201, 0x0201, 0x0201, 0x0201, 0x0201, 0x0201, 0x0201,
    0x0201, 0x0201, 0x0201, 0x0201, 0x0201, 0x0201, 0x0201, 0x0201, 0x0201, 0x0201,
    0x0201, 0x0201, 0x0201, 0x0201, 0x0201, 0x0201, 0x0201, 0x0201, 0x0201, 0x0201,
    0x0201, 0x0201, 0x0201, 0x0201, 0x0201, 0x0201, 0x0201, 0x0201, 0x0201, 0x0201,
    0x0201, 0x0201, 0x0201, 0x0201, 0x0201, 0x0201, 0x0201, 0x0201, 0x0201, 0x0201,
    0x0201, 0x0201, 0x0201, 0x0201, 0x0201, 0x0201, 0x0201, 0x0201, 0x0201, 0x0201,
    0x0201, 0x0201, 0x0201, 0x0201, 0x0201, 0x0201, 0x0201, 0x0201, 0x0201, 0x0201,
    0x0201, 0x0201, 0x0201, 0x0201, 0x0201, 0x0201, 0x0201, 0x0201, 0x0201, 0x0201,
    0x0201, 0x0201, 0x0201, 0x0201, 0x0201, 0x0201, 0x0201, 0x0201, 0x0201, 0x0201,
    0x0201, 0x0201, 0x0201, 0x0201, 0x0201, 0x0201, 0x0201, 0x0201, 0x0201, 0x0201,
    0x0201, 0x0201, 0x0201, 0x0201, 0x0201, 0x0201, 0x0201, 0x0201, 0x0201, 0x0201,
    0x0201, 0x0201, 0x0201, 0x0201, 0x0201, 0x0201, 0x0201, 0x0201, 0x0201, 0x0201,
    0x0201, 0x0201, 0x0201, 0x0201, 0x0201, 0x0201, 0x0201, 0x0201, 0x0201, 0x0201,
    0x0201, 0x0201, 0x0201, 0x0201, 0x0201, 0x0201, 0x0201, 0x0201, 0x0201, 0x0201,
    0x0201, 0x0201, 0x0201, 0x0201, 0x0201, 0x0201, 0x0201, 0x0201, 0x0201, 0x0201,
    0x0201, 0x0201, 0x0201, 0x0201, 0x0201, 0x0201, 0x0201, 0x0201, 0x0201, 0x0201,
    0x0201, 0x0201, 0x0201, 0x0201, 0x0201, 0x0201, 0x0201, 0x0201, 0x0201, 0x0201,
    0x0201, 0x0201, 0x0201, 0x0201, 0x0201, 0x0201, 0x0201, 0x0201, 0x0201, 0x0201,
    0x0201, 0x0201, 0x0201, 0x0201, 0x0201, 0x0201, 0x0201, 0x0201, 0x0201, 0x0201,
    0x0201, 0x0201, 0x0201, 0x0201, 0x0201, 0x0201, 0x0201, 0x0201, 0x0201, 0x0201,
    0x0201, 0x0201, 0x0201, 0x0201, 0x0201, 0x0201, 0x0201, 0x0201, 0x0201, 0x0201,
    0x0201, 0x0201, 0x0201, 0x0201, 0x0201, 0x0201, 0x0201, 0x0201, 0x0201, 0x0201,
    0x0201, 0x0201, 0x0201, 0x0201, 0x0201, 0x0201, 0x0201, 0x0201, 0x0201, 0x0201,
    0x0201, 0x0201, 0x0201, 0x0201, 0x0201, 0x0201, 0x0201, 0x0201, 0x0201, 0x0201,
    0x0201, 0x0201, 0x0201, 0x0201, 0x0201, 0x0201, 0x0201, 0x0201, 0x0201, 0x0201,
    0x0201, 0x0201, 0x0201, 0x0201, 0x0201, 0x0201, 0x0201, 0x0201, 0x0201, 0x0201,
    0x0201, 0x0201, 0x0201, 0x0201, 0x0201, 0x0201, 0x0201, 0x0201, 0x0201, 0x0201,
    0x0201, 0x0201, 0x0201, 0x0201, 0x0201, 0x0201, 0x0201, 0x0201, 0x0201, 0x0201,
    0x0201, 0x0201, 0x0201, 0x0201, 0x0201, 0x0201, 0x0201, 0x0201, 0x0201, 0x0201,
    0x0201, 0x0201, 0x0201, 0x0201, 0x0201, 0x0201, 0x0201, 0x0201, 0x0201, 0x0201,
    0x0201, 0x0201, 0x0201, 0x0201, 0x0201, 0x0201, 0x0201, 0x0201, 0x0201, 0x0201,
    0x0201, 0x0201, 0x0201, 0x0201, 0x0201, 0x0201, 0x0201, 0x0201, 0x0201, 0x0201,
    0x0201, 0x0201, 0x0201, 0x0201, 0x0201, 0x0201, 0x0201, 0x0201, 0x0201, 0x0201,
    0x0201, 0x0201, 0x0201, 0x0201, 0x0201, 0x0201, 0x0201, 0x0201, 0x0201, 0x0201,
    0x0201, 0x0201, 0x0201, 0x0201, 0x0201, 0x0201, 0x0201, 0x0201, 0x0201, 0x0201,
    0x0201, 0x0201, 0x0201, 0x0201, 0x0201, 0x0201, 0x0201, 0x0201, 0x0201, 0x0201,
    0x0201, 0x0201, 0x0201, 0x0201, 0x0201, 0x0201, 0x0201, 0x0201, 0x0201, 0x0201,
    0x0201, 0x0201, 0x0201, 0x0201, 0x0201, 0x0201, 0x0201, 0x0201, 0x0201, 0x0201,
    0x0201, 0x0201, 0x0201, 0x0201, 0x0201, 0x0201, 0x0201, 0x0201, 0x0201, 0x0201,
    0x0201, 0x0201, 0x0201, 0x0201, 0x0201, 0x0201, 0x0201, 0x0201, 0x0201, 0x0201,
    0x0201, 0x0201, 0x0201, 0x0201, 0x0201, 0x0201, 0x0201, 0x0201, 0x0201, 0x0201,
    0x0201, 0x0201, 0x0201, 0x0201, 0x0201, 0x0201, 0x0201, 0x0201, 0x0201, 0x0201,
    0x0201, 0x0201, 0x0201, 0x0201, 0x0201, 0x0201, 0x0201, 0x0201, 0x0201, 0x0201,
    0x0201, 0x0201, 0x0201, 0x0201, 0x0201, 0x0201, 0x0201, 0x0201, 0x0201, 0x0201,
    0x0201, 0x0201, 0x0201, 0x0201, 0x0201, 0x0201, 0x0201, 0x0201, 0x0201, 0x0201,
    0x0201, 0x0201, 0x0201, 0x0201, 0x0201, 0x0201, 0x0201, 0x0201, 0x0201, 0x0201,
    0x0201, 0x0201, 0x0201, 0x0201, 0x0201, 0x0201, 0x0201, 0x0201, 0x0201, 0x0201,
    0x0201, 0x0201, 0x0201, 0x0201, 0x0201, 0x0201, 0x0201, 0x0201, 0x0201, 0x0201,
    0x0201, 0x0201, 0x0201, 0x0201, 0x0201, 0x0201, 0x0201, 0x0201, 0x0201, 0x0201,
    0x0201, 0x0201, 0x0201, 0x0201, 0x0201, 0x0201, 0x0201, 0x0201, 0x0201, 0x0201,
    0x0201, 0x0201, 0x0201, 0x0201, 0x0201, 0x0201, 0x0201, 0x0201, 0x0201, 0x0201,
    0x0201, 0x0201, 0x0201, 0x0201, 0x0201, 0x0201, 0x0201, 0x0201, 0x0201, 0x0201,
    0x0201, 0x0201, 0x0201, 0x0201, 0x0201, 0x0201, 0x0201, 0x0201, 0x0201, 0x0201,
    0x0201, 0x0201, 0x0201, 0x0201, 0x0201, 0x0201, 0x0201, 0x0201, 0x0201, 0x0201,
    0x0201, 0x0201, 0x0201, 0x0201, 0x0201, 0x0201, 0x0201, 0x0201, 0x0201, 0x0201,
    0x0201, 0x0201, 0x0201, 0x0201, 0x0201, 0x0201, 0x0201, 0x0201, 0x0201, 0x0201,
    0x0201, 0x0201, 0x0201, 0x0201, 0x0201, 0x0201, 0x0201, 0x0201, 0x0201, 0x0201,
    0x0201, 0x0201, 0x0201, 0x0201, 0x0201, 0x0201, 0x0201, 0x0201, 0x0201, 0x0201,
    0x0201, 0x0201, 0x0201, 0x0201, 0x0201, 0x0201, 0x0201, 0x0201, 0x0201, 0x0201,
    0x0201, 0x0201, 0x0201, 0x0201, 0x0201, 0x0201, 0x0201, 0x0201, 0x0201, 0x0201,
    0x0201, 0x0201, 0x0201, 0x0201, 0x0201, 0x0201, 0x0201, 0x0201, 0x0201, 0x0201,
    0x0201, 0x0201, 0x0201, 0x0201, 0x0201, 0x0201, 0x0201, 0x0201, 0x0201, 0x0201,
    0x0201, 0x0201, 0x0201, 0x0201, 0x0201, 0x0201, 0x0201, 0x0201, 0x0201, 0x0201,
    0x0201, 0x0201, 0x0201, 0x0201, 0x0201, 0x0201, 0x0201, 0x0201, 0x0201, 0x0201,
    0x0201, 0x0201, 0x0201, 0x0201, 0x0201, 0x0201, 0x0201, 0x0201, 0x0201, 0x0201,
    0x0201, 0x0201, 0x0201, 0x0201, 0x0201, 0x0201, 0x0201, 0x0201, 0x0201, 0x0201,
    0x0201, 0x0201, 0x0201, 0x0201, 0x0201, 0x0201, 0x0201, 0x0201, 0x0201, 0x0201,
    0x0201, 0x0201, 0x0201, 0x0201, 0x0201, 0x0201, 0x0201, 0x0201, 0x0201, 0x0201,
    0x0201, 0x0201, 0x0201, 0x0201, 0x0201, 0x0201, 0x0201, 0x0201, 0x0201, 0x0201,
    0x0201, 0x0201, 0x0201, 0x0201, 0x0201, 0x0201, 0x0201, 0x0201, 0x0201, 0x0201,
    0x0201, 0x0201, 0x0201, 0x0201, 0x0201, 0x0201, 0x0201, 0x0201, 0x0201, 0x0201,
    0x0201, 0x0201, 0x0201, 0x0201, 0x0201, 0x0201, 0x0201, 0x0201, 0x0201, 0x0201,
    0x0201, 0x0201, 0x0201, 0x0201, 0x0201, 0x0201, 0x0201, 0x0201, 0x0201, 0x0201,
    0x0201, 0x0201, 0x0201, 0x0201, 0x0201, 0x0201, 0x0201, 0x0201, 0x0201, 0x0201,
    0x0201, 0x0201, 0x0201, 0x0201, 0x0201, 0x0201, 0x0201, 0x0201, 0x0201, 0x0201,
    0x0201, 0x0201, 0x0201, 0x0201, 0x0201, 0x0201, 0x0201, 0x0201, 0x0201, 0x0201,
    0x0201, 0x0201, 0x0201, 0x0201, 0x0201, 0x0201, 0x0201, 0x0201, 0x0201, 0x0201,
    0x0201, 0x0201, 0x0201, 0x0201, 0x0201, 0x0201, 0x0201, 0x0201, 0x0201, 0x0201,
    0x0201, 0x0201, 0x0201, 0x0201, 0x0201, 0x0201, 0x0201, 0x0201, 0x0201, 0x0201,
    0x0201, 0x0201, 0x0201, 0x0201, 0x0201, 0x0201, 0x0201, 0x0201, 0x0201, 0x0201,
    0x0201, 0x0201, 0x0201, 0x0201, 0x0201, 0x0201, 0x0201, 0x0201, 0x0201, 0x0201,
    0x0201, 0x0201, 0x0201, 0x0201, 0x0201, 0x0201, 0x0201, 0x0201, 0x0201, 0x0201,
    0x0201, 0x0201, 0x0201, 0x0201, 0x0201, 0x0201, 0x0201, 0x0201, 0x0201, 0x0201,
    0x0201, 0x0201, 0x0201, 0x0201, 0x0201, 0x0201, 0x0201, 0x0201, 0x0201, 0x0201,
    0x0201, 0x0201, 0x0201, 0x0201, 0x0201, 0x0201, 0x0201, 0x0201, 0x0201, 0x0201,
    0x0201, 0x0201, 0x0201, 0x0201, 0x0201, 0x0201, 0x0201, 0x0201, 0x0201, 0x0201,
    0x0201, 0x0201, 0x0201, 0x0201, 0x0201, 0x0201, 0x0201, 0x0201, 0x0201, 0x0201,
    0x0201, 0x0201, 0x0201, 0x0201, 0x0201, 0x0201, 0x0201, 0x0201, 0x0201, 0x0201,
    0x0201, 0x0201, 0x0201, 0x0201, 0x0201, 0x0201, 0x0201, 0x0201, 0x0201, 0x0201,
    0x0201, 0x0201, 0x0201, 0x0201, 0x0201, 0x0201, 0x0201, 0x0201, 0x0201, 0x0201,
    0x0201, 0x0201, 0x0201, 0x0201, 0x0201, 0x0201, 0x0201, 0x0201, 0x0201, 0x0201,
    0x0201, 0x0201, 0x0201, 0x0201, 0x0201, 0x0201, 0x0201, 0x0201, 0x0201, 0x0201,
    0x0201, 0x0201, 0x0201, 0x0201, 0x0201, 0x0201, 0x0201, 0x0201, 0x0201, 0x0201,
    0x0201, 0x0201, 0x0201, 0x0201, 0x0201, 0x0201, 0x0201, 0x0201, 0x0201, 0x0201,
    0x0201, 0x0201, 0x0201, 0x0201, 0x0201, 0x0201, 0x0201, 0x0201, 0x0201, 0x0201,
    0x0201, 0x0201, 0x0201, 0x0201, 0x0201, 0x0201, 0x0201, 0x0201, 0x0201, 0x0201,
    0x0201, 0x0201, 0x0201, 0x0201, 0x0201, 0x0201, 0x0201, 0x0201, 0x0201, 0x0201,
    0x0201, 0x0201, 0x0201, 0x0201, 0x0201, 0x0201, 0x0201, 0x0201, 0x0201, 0x0201,
    0x0201, 0x0201, 0x0201, 0x0201, 0x0201, 0x0201, 0x0201, 0x0201, 0x0201, 0x0201,
    0x0201, 0x0201, 0x0201, 0x0201, 0x0201, 0x0201, 0x0201, 0x0201, 0x0201, 0x0201,
    0x0201, 0x0201, 0x0201, 0x0201, 0x0201, 0x0201, 0x0201, 0x0201, 0x0201, 0x0201,
    0x0201, 0x0201, 0x0201, 0x0201, 0x0201, 0x0201, 0x0201, 0x0201, 0x0201, 0x0201,
    0x0201, 0x0201, 0x0201, 0x0201, 0x0201, 0x0201, 0x0201, 0x0201, 0x0201, 0x0201,
    0x0201, 0x0201, 0x0201, 0x0201, 0x0201, 0x0201, 0x0201, 0x0201, 0x0201, 0x0201,
    0x0201, 0x0201, 0x0201, 0x0201, 0x0201, 0x0201, 0x0201, 0x0201, 0x0201, 0x0201,
    0x0201, 0x0201, 0x0201, 0x0201, 0x0201, 0x0201, 0x0201, 0x0201, 0x0201, 0x0201,
    0x0201, 0x0201, 0x0201, 0x0201, 0x0201, 0x0201, 0x0201, 0x0201, 0x0201, 0x0201,
    0x0201, 0x0201, 0x0201, 0x0201, 0x0201, 0x0201, 0x0201, 0x0201, 0x0201, 0x0201,
    0x0201, 0x0201, 0x0201, 0x0201, 0x0201, 0x0201, 0x0201, 0x0201, 0x0201, 0x0201,
    0x0201, 0x0201, 0x0201, 0x0201, 0x0201, 0x0201, 0x0201, 0x0201, 0x0201, 0x0201,
    0x0201, 0x0201, 0x0201, 0x0201, 0x0201, 0x0201, 0x0201, 0x0201, 0x0201, 0x0201,
    0x0201, 0x0201, 0x0201, 0x0201, 0x0201, 0x0201, 0x0201, 0x0201, 0x0201, 0x0201,
    0x0201, 0x0201, 0x0201, 0x0201, 0x0201, 0x0201, 0x0201, 0x0201, 0x0201, 0x0201,
    0x0201, 0x0201, 0x0201, 0x0201, 0x0201, 0x0201, 0x0201, 0x0201, 0x0201, 0x0201,
    0x0201, 0x0201, 0x0201, 0x0201, 0x0201, 0x0201, 0x0201, 0x0201, 0x0201, 0x0201,
    0x0201, 0x0201, 0x0201, 0x0201, 0x0201, 0x0201, 0x0201, 0x0201, 0x0201, 0x0201,
    0x0201, 0x0201, 0x0201, 0x0201, 0x0201, 0x0201, 0x0201, 0x0201, 0x0201, 0x0201,
    0x0201, 0x0201, 0x0201, 0x0201, 0x0201, 0x0201, 0x0201, 0x0201, 0x0201, 0x0201,
    0x0201, 0x0201, 0x0201, 0x0201, 0x0201, 0x0201, 0x0201, 0x0201, 0x0201, 0x0201,
    0x0201, 0x0201, 0x0201, 0x0201, 0x0201, 0x0201, 0x0201, 0x0201, 0x0201, 0x0201,
    0x0201, 0x0201, 0x0201, 0x0201, 0x0201, 0x0201, 0x0201, 0x0201, 0x0201, 0x0201,
    0x0201, 0x0201, 0x0201, 0x0201, 0x0201, 0x0201, 0x0201, 0x0201, 0x0201, 0x0201,
    0x0201, 0x0201, 0x0201, 0x0201, 0x0201, 0x0201, 0x0201, 0x0201, 0x0201, 0x0201,
    0x0201, 0x0201, 0x0201, 0x0201, 0x0201, 0x0201, 0x0201, 0x0201, 0x0201, 0x0201,
    0x0201, 0x0201, 0x0201, 0x0201, 0x0201, 0x0201, 0x0201, 0x0201, 0x0201, 0x0201,
    0x0201, 0x0201, 0x0201, 0x0201, 0x0201, 0x0201, 0x0201, 0x0201, 0x0201, 0x0201,
    0x0201, 0x0201, 0x0201, 0x0201, 0x0201, 0x0201, 0x0201, 0x0201, 0x0201, 0x0201,
    0x0201, 0x0201, 0x0201, 0x0201, 0x0201, 0x0201, 0x0201, 0x0201, 0x0201, 0x0201,
    0x0201, 0x0201, 0x0201, 0x0201, 0x0201, 0x0201, 0x0201, 0x0201, 0x0201, 0x0201,
    0x0201, 0x0201, 0x0201, 0x0201, 0x0201, 0x0201, 0x0201, 0x0201, 0x0201, 0x0201,
    0x0201, 0x0201, 0x0201, 0x0201, 0x0201, 0x0201, 0x0201, 0x0201, 0x0201, 0x0201,
    0x0201, 0x0201, 0x0201, 0x0201, 0x0201, 0x0201, 0x0201, 0x0201, 0x0201, 0x0201,
    0x0201, 0x0201, 0x0201, 0x0201, 0x0201, 0x0201, 0x0201, 0x0201, 0x0201, 0x0201,
    0x0201, 0x0201, 0x0201, 0x0201, 0x0201, 0x0201, 0x0201, 0x0201, 0x0201, 0x0201,
    0x0201, 0x0201, 0x0201, 0x0201, 0x0201, 0x0201, 0x0201, 0x0201, 0x0201, 0x0201,
    0x0201, 0x0201, 0x0201, 0x0201, 0x0201, 0x0201, 0x0201, 0x0201, 0x0201, 0x0201,
    0x0201, 0x0201, 0x0201, 0x0201, 0x0201, 0x0201, 0x0201, 0x0201, 0x0201, 0x0201,
    0x0201, 0x0201, 0x0201, 0x0201, 0x0201, 0x0201, 0x0201, 0x0201, 0x0201, 0x0201,
    0x0201, 0x0201, 0x0201, 0x0201, 0x0201, 0x0201, 0x0201, 0x0201, 0x0201, 0x0201,
    0x0201, 0x0201, 0x0201, 0x0201, 0x0201, 0x0201, 0x0201, 0x0201, 0x0201, 0x0201,
    0x0201, 0x0201, 0x0201, 0x0201, 0x0202, 0x0202, 0x0202, 0x0202, 0x0202, 0x0202,
    0x0202, 0x0202, 0x0202, 0x0202, 0x0202, 0x0202, 0x0202, 0x0202, 0x0202, 0x0202,
    0x0202, 0x0202, 0x0202, 0x0202, 0x0202, 0x0202, 0x0202, 0x0202, 0x0202, 0x0202,
    0x0202, 0x0202, 0x0202, 0x0202, 0x0202, 0x0202, 0x0202, 0x0202, 0x0202, 0x0202,
    0x0202, 0x0202, 0x0202, 0x0202, 0x0202, 0x0202, 0x0202, 0x0202, 0x0202, 0x0202,
    0x0202, 0x0202, 0x0202, 0x0202, 0x0202, 0x0202, 0x0202, 0x0202, 0x0202, 0x0202,
    0x0202, 0x0202, 0x0202, 0x0202, 0x0202, 0x0202, 0x0202, 0x0202, 0x0202, 0x0202,
    0x0202, 0x0202, 0x0202, 0x0202, 0x0202, 0x0202, 0x0202, 0x0202, 0x0202, 0x0202,
    0x0202, 0x0202, 0x0202, 0x0202, 0x0202, 0x0202, 0x0202, 0x0202, 0x0202, 0x0202,
    0x0202, 0x0202, 0x0202, 0x0202, 0x0202, 0x0202, 0x0202, 0x0202, 0x0202, 0x0202,
    0x0202, 0x0202, 0x0202, 0x0202, 0x0202, 0x0202, 0x0202, 0x0202, 0x0202, 0x0202,
    0x0202, 0x0202, 0x0202, 0x0202, 0x0202, 0x0202, 0x0202, 0x0202, 0x0202, 0x0202,
    0x0202, 0x0202, 0x0202, 0x0202, 0x0202, 0x0202, 0x0202, 0x0202, 0x0202, 0x0202,
    0x0202, 0x0202, 0x0202, 0x0202, 0x0202, 0x0202, 0x0202, 0x0202, 0x0202, 0x0202,
    0x0202, 0x0202, 0x0202, 0x0202, 0x0202, 0x0202, 0x0202, 0x0202, 0x0202, 0x0202,
    0x0202, 0x0202, 0x0202, 0x0202, 0x0202, 0x0202, 0x0202, 0x0202, 0x0202, 0x0202,
    0x0202, 0x0202, 0x0202, 0x0202, 0x0202, 0x0202, 0x0202, 0x0202, 0x0202, 0x0202,
    0x0202, 0x0202, 0x0202, 0x0202, 0x0202, 0x0202, 0x0202, 0x0202, 0x0202, 0x0202,
    0x0202, 0x0202, 0x0202, 0x0202, 0x0202, 0x0202, 0x0202, 0x0202, 0x0202, 0x0202,
    0x0202, 0x0202, 0x0202, 0x0202, 0x0202, 0x0202, 0x0202, 0x0202, 0x0202, 0x0202,
    0x0202, 0x0202, 0x0202, 0x0202, 0x0202, 0x0202, 0x0202, 0x0202, 0x0202, 0x0202,
    0x0202, 0x0202, 0x0202, 0x0202, 0x0202, 0x0202, 0x0202, 0x0202, 0x0202, 0x0202,
    0x0202, 0x0202, 0x0202, 0x0202, 0x0202, 0x0202, 0x0202, 0x0202, 0x0202, 0x0202,
    0x0202, 0x0202, 0x0202, 0x0202, 0x0202, 0x0202, 0x0202, 0x0202, 0x0202, 0x0202,
    0x0202, 0x0202, 0x0202, 0x0202, 0x0202, 0x0202, 0x0202, 0x0202, 0x0202, 0x0202,
    0x0202, 0x0202, 0x0202, 0x0202, 0x0202, 0x0202, 0x0202, 0x0202, 0x0202, 0x0202,
    0x0202, 0x0202, 0x0202, 0x0202, 0x0202, 0x0202, 0x0202, 0x0202, 0x0202, 0x0202,
    0x0202, 0x0202, 0x0202, 0x0202, 0x0202, 0x0202, 0x0202, 0x0202, 0x0202, 0x0202,
    0x0202, 0x0202, 0x0202, 0x0202, 0x0202, 0x0202, 0x0202, 0x0202, 0x0202, 0x0202,
    0x0202, 0x0202, 0x0202, 0x0202, 0x0202, 0x0202, 0x0202, 0x0202, 0x0202, 0x0202,
    0x0202, 0x0202, 0x0202, 0x0202, 0x0202, 0x0202, 0x0202, 0x0202, 0x0202, 0x0202,
    0x0202, 0x0202, 0x0202, 0x0202, 0x0202, 0x0202, 0x0202, 0x0202, 0x0202, 0x0202,
    0x0202, 0x0202, 0x0202, 0x0202, 0x0202, 0x0202, 0x0202, 0x0202, 0x0202, 0x0202,
    0x0202, 0x0202, 0x0202, 0x0202, 0x0202, 0x0202, 0x0202, 0x0202, 0x0202, 0x0202,
    0x0202, 0x0202, 0x0202, 0x0202, 0x0202, 0x0202, 0x0202, 0x0202, 0x0202, 0x0202,
    0x0202, 0x0202, 0x0202, 0x0202, 0x0202, 0x0202, 0x0202, 0x0202, 0x0202, 0x0202,
    0x0202, 0x0202, 0x0202, 0x0202, 0x0202, 0x0202, 0x0202, 0x0202, 0x0202, 0x0202,
    0x0202, 0x0202, 0x0202, 0x0202, 0x0202, 0x0202, 0x0202, 0x0202, 0x0202, 0x0202,
    0x0202, 0x0202, 0x0202, 0x0202, 0x0202, 0x0202, 0x0202, 0x0202, 0x0202, 0x0202,
    0x0202, 0x0202, 0x0202, 0x0202, 0x0202, 0x0202, 0x0202, 0x0202, 0x0202, 0x0202,
    0x0202, 0x0202, 0x0202, 0x0202, 0x0202, 0x0202, 0x0202, 0x0202, 0x0202, 0x0202,
    0x0202, 0x0202, 0x0202, 0x0202, 0x0202, 0x0202, 0x0202, 0x0202, 0x0202, 0x0202,
    0x0202, 0x0202, 0x0202, 0x0202, 0x0202, 0x0202, 0x0202, 0x0202, 0x0202, 0x0202,
    0x0202, 0x0202, 0x0202, 0x0202, 0x0202, 0x0202, 0x0202, 0x0202, 0x0202, 0x0202,
    0x0202, 0x0202, 0x0202, 0x0202, 0x0202, 0x0202, 0x0202, 0x0202, 0x0202, 0x0202,
    0x0202, 0x0202, 0x0202, 0x0202, 0x0202, 0x0202, 0x0202, 0x0202, 0x0202, 0x0202,
    0x0202, 0x0202, 0x0202, 0x0202, 0x0202, 0x0202, 0x0202, 0x0202, 0x0202, 0x0202,
    0x0202, 0x0202, 0x0202, 0x0202, 0x0202, 0x0202, 0x0202, 0x0202, 0x0202, 0x0202,
    0x0202, 0x0202, 0x0202, 0x0202, 0x0202, 0x0202, 0x0202, 0x0202, 0x0202, 0x0202,
    0x0202, 0x0202, 0x0202, 0x0202, 0x0202, 0x0202, 0x0202, 0x0202, 0x0202, 0x0202,
    0x0202, 0x0202, 0x0202, 0x0202, 0x0202, 0x0202, 0x0202, 0x0202, 0x0202, 0x0202,
    0x0202, 0x0202, 0x0202, 0x0202, 0x0202, 0x0202, 0x0202, 0x0202, 0x0202, 0x0202,
    0x0202, 0x0202, 0x0202, 0x0202, 0x0202, 0x0202, 0x0202, 0x0202, 0x0202, 0x0202,
    0x0202, 0x0202, 0x0202, 0x0202, 0x0202, 0x0202, 0x0202, 0x0202, 0x0202, 0x0202,
    0x0202, 0x0202, 0x0202, 0x0202, 0x0202, 0x0202, 0x0202, 0x0202, 0x0202, 0x0202,
    0x0202, 0x0202, 0x0202, 0x0202, 0x0202, 0x0202, 0x0202, 0x0202, 0x0202, 0x0202,
    0x0202, 0x0202, 0x0202, 0x0202, 0x0202, 0x0202, 0x0202, 0x0202, 0x0202, 0x0202,
    0x0202, 0x0202, 0x0202, 0x0202, 0x0202, 0x0202, 0x0202, 0x0202, 0x0202, 0x0202,
    0x0202, 0x0202, 0x0202, 0x0202, 0x0202, 0x0202, 0x0202, 0x0202, 0x0202, 0x0202,
    0x0202, 0x0202, 0x0202, 0x0202, 0x0202, 0x0202, 0x0202, 0x0202, 0x0202, 0x0202,
    0x0202, 0x0202, 0x0202, 0x0202, 0x0202, 0x0202, 0x0202, 0x0202, 0x0202, 0x0202,
    0x0202, 0x0202, 0x0202, 0x0202, 0x0202, 0x0202, 0x0202, 0x0202, 0x0202, 0x0202,
    0x0202, 0x0202, 0x0202, 0x0202, 0x0202, 0x0202, 0x0202, 0x0202, 0x0202, 0x0202,
    0x0202, 0x0202, 0x0202, 0x0202, 0x0202, 0x0202, 0x0202, 0x0202, 0x0202, 0x0202,
    0x0202, 0x0202, 0x0202, 0x0202, 0x0202, 0x0202, 0x0202, 0x0202, 0x0202, 0x0202,
    0x0202, 0x0202, 0x0202, 0x0202, 0x0202, 0x0202, 0x0202, 0x0202, 0x0202, 0x0202,
    0x0202, 0x0202, 0x0202, 0x0202, 0x0202, 0x0202, 0x0202, 0x0202, 0x0202, 0x0202,
    0x0202, 0x0202, 0x0202, 0x0202, 0x0202, 0x0202, 0x0202, 0x0202, 0x0202, 0x0202,
    0x0202, 0x0202, 0x0202, 0x0202, 0x0202, 0x0202, 0x0202, 0x0202, 0x0202, 0x0202,
    0x0202, 0x0202, 0x0202, 0x0202, 0x0202, 0x0202, 0x0202, 0x0202, 0x0202, 0x0202,
    0x0202, 0x0202, 0x0202, 0x0202, 0x0202, 0x0202, 0x0202, 0x0202, 0x0202, 0x0202,
    0x0202, 0x0202, 0x0202, 0x0202, 0x0202, 0x0202, 0x0202, 0x0202, 0x0202, 0x0202,
    0x0202, 0x0202, 0x0202, 0x0202, 0x0202, 0x0202, 0x0202, 0x0202, 0x0202, 0x0202,
    0x0202, 0x0202, 0x0202, 0x0202, 0x0202, 0x0202, 0x0202, 0x0202, 0x0202, 0x0202,
    0x0202, 0x0202, 0x0202, 0x0202, 0x0202, 0x0202, 0x0202, 0x0202, 0x0202, 0x0202,
    0x0202, 0x0202, 0x0202, 0x0202, 0x0202, 0x0202, 0x0202, 0x0202, 0x0202, 0x0202,
    0x0202, 0x0202, 0x0202, 0x0202, 0x0202, 0x0202, 0x0202, 0x0202, 0x0202, 0x0202,
    0x0202, 0x0202, 0x0202, 0x0202, 0x0202, 0x0202, 0x0202, 0x0202, 0x0202, 0x0202,
    0x0202, 0x0202, 0x0202, 0x0202, 0x0202, 0x0202, 0x0202, 0x0202, 0x0202, 0x0202,
    0x0202, 0x0202, 0x0202, 0x0202, 0x0202, 0x0202, 0x0202, 0x0202, 0x0202, 0x0202,
    0x0202, 0x0202, 0x0202, 0x0202, 0x0202, 0x0202, 0x0202, 0x0202, 0x0202, 0x0202,
    0x0202, 0x0202, 0x0202, 0x0202, 0x0202, 0x0202, 0x0202, 0x0202, 0x0202, 0x0202,
    0x0202, 0x0202, 0x0202, 0x0202, 0x0202, 0x0202, 0x0202, 0x0202, 0x0202, 0x0202,
    0x0202, 0x0202, 0x0202, 0x0202, 0x0202, 0x0202, 0x0202, 0x0202, 0x0202, 0x0202,
    0x0202, 0x0202, 0x0202, 0x0202, 0x0202, 0x0202, 0x0202, 0x0202, 0x0202, 0x0202,
    0x0202, 0x0202, 0x0202, 0x0202, 0x0202, 0x0202, 0x0202, 0x0202, 0x0202, 0x0202,
    0x0202, 0x0202, 0x0202, 0x0202, 0x0202, 0x0202, 0x0202, 0x0202, 0x0202, 0x0202,
    0x0202, 0x0202, 0x0202, 0x0202, 0x0202, 0x0202, 0x0202, 0x0202, 0x0202, 0x0202,
    0x0202, 0x0202, 0x0202, 0x0202, 0x0202, 0x0202, 0x0202, 0x0202, 0x0202, 0x0202,
    0x0202, 0x0202, 0x0202, 0x0202, 0x0202, 0x0202, 0x0202, 0x0202, 0x0202, 0x0202,
    0x0202, 0x0202, 0x0202, 0x0202, 0x0202, 0x0202, 0x0202, 0x0202, 0x0202, 0x0202,
    0x0202, 0x0202, 0x0202, 0x0202, 0x0202, 0x0202, 0x0202, 0x0202, 0x0202, 0x0202,
    0x0202, 0x0202, 0x0202, 0x0202, 0x0202, 0x0202, 0x0202, 0x0202, 0x0202, 0x0202,
    0x0202, 0x0202, 0x0202, 0x0202, 0x0202, 0x0202, 0x0202, 0x0202, 0x0202, 0x0202,
    0x0202, 0x0202, 0x0202, 0x0202, 0x0202, 0x0202, 0x0202, 0x0202, 0x0202, 0x0202,
    0x0202, 0x0202, 0x0202, 0x0202, 0x0202, 0x0202, 0x0202, 0x0202, 0x0202, 0x0202,
    0x0202, 0x0202, 0x0202, 0x0202, 0x0202, 0x0202, 0x0202, 0x0202, 0x0202, 0x0202,
    0x0202, 0x0202, 0x0202, 0x0202, 0x0202, 0x0202, 0x0202, 0x0202, 0x0202, 0x0202,
    0x0202, 0x0202, 0x0202, 0x0202, 0x0202, 0x0202, 0x0202, 0x0202, 0x0202, 0x0202,
    0x0202, 0x0202, 0x0202, 0x0202, 0x0202, 0x0202, 0x0202, 0x0202, 0x0202, 0x0202,
    0x0202, 0x0202, 0x0202, 0x0202, 0x0202, 0x0202, 0x0202, 0x0202, 0x0202, 0x0202,
    0x0202, 0x0202, 0x0202, 0x0202, 0x0202, 0x0202, 0x0202, 0x0202, 0x0202, 0x0202,
    0x0202, 0x0202, 0x0202, 0x0202, 0x0202, 0x0202, 0x0202, 0x0202, 0x0202, 0x0202,
    0x0202, 0x0202, 0x0202, 0x0202, 0x0202, 0x0202, 0x0202, 0x0202, 0x0202, 0x0202,
    0x0202, 0x0202, 0x0202, 0x0202, 0x0202, 0x0202, 0x0202, 0x0202, 0x0202, 0x0202,
    0x0202, 0x0202, 0x0202, 0x0202, 0x0202, 0x0202, 0x0202, 0x0202, 0x0202, 0x0202,
    0x0202, 0x0202, 0x0202, 0x0202, 0x0202, 0x0202, 0x0202, 0x0202, 0x0202, 0x0202,
    0x0202, 0x0202, 0x0202, 0x0202, 0x0202, 0x0202, 0x0202, 0x0202, 0x0202, 0x0202,
    0x0202, 0x0202, 0x0202, 0x0202, 0x0202, 0x0202, 0x0202, 0x0202, 0x0202, 0x0202,
    0x0202, 0x0202, 0x0202, 0x0202, 0x0202, 0x0202, 0x0202, 0x0202, 0x0202, 0x0202,
    0x0202, 0x0202, 0x0202, 0x0202, 0x0202, 0x0202, 0x0202, 0x0202, 0x0202, 0x0202,
    0x0202, 0x0202, 0x0202, 0x0202, 0x0202, 0x0202, 0x0202, 0x0202, 0x0202, 0x0202,
    0x0202, 0x0202, 0x0202, 0x0202, 0x0202, 0x0202, 0x0202, 0x0202, 0x0202, 0x0202,
    0x0202, 0x0202, 0x0202, 0x0202, 0x0202, 0x0202, 0x0202, 0x0202, 0x0202, 0x0202,
    0x0202, 0x0202, 0x0202, 0x0202, 0x0202, 0x0202, 0x0202, 0x0202, 0x0202, 0x0202,
    0x0202, 0x0202, 0x0202, 0x0202, 0x0202, 0x0202, 0x0202, 0x0202, 0x0202, 0x0202,
    0x0202, 0x0202, 0x0202, 0x0202, 0x0202, 0x0202, 0x0202, 0x0202, 0x0202, 0x0202,
    0x0202, 0x0202, 0x0202, 0x0202, 0x0202, 0x0202, 0x0202, 0x0202, 0x0202, 0x0202,
    0x0202, 0x0202, 0x0202, 0x0202, 0x0202, 0x0202, 0x0202, 0x0202, 0x0202, 0x0202,
    0x0202, 0x0202, 0x0202, 0x0202, 0x0202, 0x0202, 0x0202, 0x0202, 0x0202, 0x0202,
    0x0202, 0x0202, 0x0202, 0x0202, 0x0202, 0x0202, 0x0202, 0x0202, 0x0202, 0x0202,
    0x0202, 0x0202, 0x0202, 0x0202, 0x0202, 0x0202, 0x0202, 0x0202, 0x0202, 0x0202,
    0x0202, 0x0202, 0x0202, 0x0202, 0x0202, 0x0202, 0x0202, 0x0202, 0x0202, 0x0202,
    0x0202, 0x0202, 0x0202, 0x0202, 0x0202, 0x0202, 0x0202, 0x0202, 0x0202, 0x0202,
    0x0202, 0x0202, 0x0202, 0x0202, 0x0202, 0x0202, 0x0202, 0x0202, 0x0202, 0x0202,
    0x0202, 0x0202, 0x0202, 0x0202, 0x0202, 0x0202, 0x0202, 0x0202, 0x0202, 0x0202,
    0x0202, 0x0202, 0x0202, 0x0202, 0x0202, 0x0202, 0x0202, 0x0202, 0x0202, 0x0202,
    0x0202, 0x0202, 0x0202, 0x0202, 0x0202, 0x0202, 0x0202, 0x0202, 0x0202, 0x0202,
    0x0202, 0x0202, 0x0202, 0x0202, 0x0202, 0x0202, 0x0202, 0x0202, 0x0202, 0x0202,
    0x0202, 0x0202, 0x0202, 0x0202, 0x0202, 0x0202, 0x0202, 0x0202, 0x0202, 0x0202,
    0x0202, 0x0202, 0x0202, 0x0202, 0x0202, 0x0202, 0x0202, 0x0202, 0x0202, 0x0202,
    0x0202, 0x0202, 0x0202, 0x0202, 0x0202, 0x0202, 0x0202, 0x0202, 0x0202, 0x0202,
    0x0202, 0x0202, 0x0202, 0x0202, 0x0202, 0x0202, 0x0202, 0x0202, 0x0202, 0x0202,
    0x0202, 0x0202, 0x0202, 0x0202, 0x0202, 0x0202, 0x0202, 0x0202, 0x0202, 0x0202,
    0x0202, 0x0202, 0x0202, 0x0202, 0x0202, 0x0202, 0x0202, 0x0202, 0x0202, 0x0202,
    0x0202, 0x0202, 0x0202, 0x0202, 0x0202, 0x0202, 0x0202, 0x0202, 0x0202, 0x0202,
    0x0202, 0x0202, 0x0202, 0x0202, 0x0202, 0x0202, 0x0202, 0x0202, 0x0202, 0x0202,
    0x0202, 0x0202, 0x0202, 0x0202, 0x0202, 0x0202, 0x0202, 0x0202, 0x0202, 0x0202,
    0x0202, 0x0202, 0x0202, 0x0202, 0x0202, 0x0202, 0x0202, 0x0202, 0x0202, 0x0202,
    0x0202, 0x0202, 0x0202, 0x0202, 0x0202, 0x0202, 0x0202, 0x0202, 0x0202, 0x0202,
    0x0202, 0x0202, 0x0202, 0x0202, 0x0202, 0x0202, 0x0202, 0x0202, 0x0202, 0x0202,
    0x0202, 0x0202, 0x0202, 0x0202, 0x0202, 0x0202, 0x0202, 0x0202, 0x0202, 0x0202,
    0x0202, 0x0202, 0x0202, 0x0202, 0x0202, 0x0202, 0x0202, 0x0202, 0x0202, 0x0202,
    0x0202, 0x0202, 0x0202, 0x0202, 0x0202, 0x0202, 0x0202, 0x0202, 0x0202, 0x0202,
    0x0202, 0x0202, 0x0202, 0x0202, 0x0202, 0x0202, 0x0202, 0x0202, 0x0202, 0x0202,
    0x0202, 0x0202, 0x0202, 0x0202, 0x0202, 0x0202, 0x0202, 0x0202, 0x0202, 0x0202,
    0x0202, 0x0202, 0x0202, 0x0202, 0x0202, 0x0202, 0x0202, 0x0202, 0x0202, 0x0202,
    0x0202, 0x0202, 0x0202, 0x0202, 0x0202, 0x0202, 0x0202, 0x0202, 0x0202, 0x0202,
    0x0202, 0x0202, 0x0202, 0x0202, 0x0202, 0x0202, 0x0202, 0x0202, 0x0202, 0x0202,
    0x0202, 0x0202, 0x0202, 0x0202, 0x0202, 0x0202, 0x0202, 0x0202, 0x0202, 0x0202,
    0x0202, 0x0202, 0x0202, 0x0202, 0x0202, 0x0202, 0x0202, 0x0202, 0x0202, 0x0202,
    0x0202, 0x0202, 0x0202, 0x0202, 0x0202, 0x0202, 0x0202, 0x0202, 0x0202, 0x0202,
    0x0202, 0x0202, 0x0202, 0x0202, 0x0202, 0x0202, 0x0202, 0x0202, 0x0202, 0x0202,
    0x0202, 0x0202, 0x0202, 0x0202, 0x0202, 0x0202, 0x0202, 0x0202, 0x0202, 0x0202,
    0x0202, 0x0202, 0x0202, 0x0202, 0x0202, 0x0202, 0x0202, 0x0202, 0x0202, 0x0202,
    0x0202, 0x0202, 0x0202, 0x0202, 0x0202, 0x0202, 0x0202, 0x0202, 0x0202, 0x0202,
    0x0202, 0x0202, 0x0202, 0x0202, 0x0202, 0x0202, 0x0202, 0x0202, 0x0202, 0x0202,
    0x0202, 0x0202, 0x0202, 0x0202, 0x0202, 0x0202, 0x0202, 0x0202, 0x0202, 0x0202,
    0x0202, 0x0202, 0x0202, 0x0202, 0x0202, 0x0202, 0x0202, 0x0202, 0x0202, 0x0202,
    0x0202, 0x0202, 0x0202, 0x0202, 0x0202, 0x0202, 0x0202, 0x0202, 0x0202, 0x0202,
    0x0202, 0x0202, 0x0202, 0x0202, 0x0202, 0x0202, 0x0202, 0x0202, 0x0202, 0x0202,
    0x0202, 0x0202, 0x0202, 0x0202, 0x0202, 0x0202, 0x0202, 0x0202, 0x0202, 0x0202,
    0x0202, 0x0202, 0x0202, 0x0202, 0x0202, 0x0202, 0x0202, 0x0202, 0x0202, 0x0202,
    0x0202, 0x0202, 0x0202, 0x0202, 0x0202, 0x0202, 0x0202, 0x0202, 0x0202, 0x0202,
    0x0202, 0x0202, 0x0202, 0x0202, 0x0202, 0x0202, 0x0202, 0x0202, 0x0202, 0x0202,
    0x0202, 0x0202, 0x0202, 0x0202, 0x0202, 0x0202, 0x0202, 0x0202, 0x0202, 0x0202,
    0x0202, 0x0202, 0x260E, 0x260F, 0x260C, 0x260D, 0x260E, 0x260F, 0x260C, 0x260D,
    0x260E, 0x260F, 0x260C, 0x260D, 0x260E, 0x260F, 0x260C, 0x260D, 0x260E, 0x260F,
    0x0202, 0x0202, 0x0202, 0x0202, 0x0202, 0x0202, 0x0202, 0x0202, 0x0202, 0x0202,
    0x0202, 0x0202, 0x0202, 0x0202, 0x0202, 0x0202, 0x0202, 0x0202, 0x0202, 0x0202,
    0x0202, 0x0202, 0x0202, 0x0202, 0x0202, 0x0202, 0x0202, 0x0202, 0x0202, 0x0202,
    0x0202, 0x0202, 0x0202, 0x0202, 0x0202, 0x0202, 0x0202, 0x0202, 0x0202, 0x0202,
    0x0202, 0x0202, 0x0202, 0x0202, 0x0202, 0x0202, 0x0202, 0x0202, 0x0202, 0x0202,
    0x0202, 0x0202, 0x0202, 0x0202, 0x0202, 0x0202, 0x0202, 0x0202, 0x0202, 0x0202,
    0x0202, 0x0202, 0x0202, 0x0202, 0x0202, 0x0202, 0x0202, 0x0202, 0x0202, 0x0202,
    0x0202, 0x0202, 0x0202, 0x0202, 0x0202, 0x0202, 0x0202, 0x0202, 0x0202, 0x0202,
    0x0202, 0x0202, 0x0202, 0x0202, 0x0202, 0x0202, 0x0202, 0x0202, 0x0202, 0x0202,
    0x0202, 0x0202, 0x0202, 0x0202, 0x0202, 0x0202, 0x0202, 0x0202, 0x0202, 0x0202,
    0x0202, 0x0202, 0x0202, 0x0202, 0x0202, 0x0202, 0x0202, 0x0202, 0x0202, 0x0202,
    0x0202, 0x0202, 0x0202, 0x260D, 0x260E, 0x260F, 0x260C, 0x260D, 0x260E, 0x260F,
    0x260C, 0x260D, 0x260E, 0x260F, 0x260C, 0x260D, 0x260E, 0x260F, 0x260C, 0x260D,
    0x260E, 0x260F, 0x260C, 0x0202, 0x0202, 0x0202, 0x0202, 0x0202, 0x0202, 0x0202,
    0x0202, 0x0202, 0x0202, 0x0202, 0x0202, 0x0202, 0x0202, 0x0202, 0x0202, 0x0202,
    0x0202, 0x0202, 0x0202, 0x0202, 0x0202, 0x0202, 0x0202, 0x0202, 0x0202, 0x0202,
    0x0202, 0x0202, 0x0202, 0x0202, 0x0202, 0x0202, 0x0202, 0x0202, 0x0202, 0x0202,
    0x0202, 0x0202, 0x0202, 0x0202, 0x0202, 0x0202, 0x0202, 0x0202, 0x0202, 0x0202,
    0x0202, 0x0202, 0x0202, 0x0202, 0x0202, 0x0202, 0x0202, 0x0202, 0x0202, 0x0202,
    0x0202, 0x0202, 0x0202, 0x0202, 0x0202, 0x0202, 0x0202, 0x0202, 0x0202, 0x0202,
    0x0202, 0x0202, 0x0202, 0x0202, 0x0202, 0x0202, 0x0202, 0x0202, 0x0202, 0x0202,
    0x0202, 0x0202, 0x0202, 0x0202, 0x0202, 0x0202, 0x0202, 0x0202, 0x0202, 0x0202,
    0x0202, 0x0202, 0x0202, 0x0202, 0x0202, 0x0202, 0x0202, 0x0202, 0x0202, 0x0202,
    0x0202, 0x0202, 0x0202, 0x0202, 0x0202, 0x0202, 0x0202, 0x0202, 0x0202, 0x0202,
    0x0202, 0x0202, 0x0202, 0x0202, 0x0202, 0x0202, 0x0202, 0x0202, 0x0202, 0x0202,
    0x0202, 0x0202, 0x0202, 0x0202, 0x0202, 0x0202, 0x0202, 0x0202, 0x0202, 0x0202,
    0x0202, 0x0202, 0x0202, 0x0202, 0x0202, 0x0202, 0x0202, 0x0202, 0x0202, 0x0202,
    0x0202, 0x0202, 0x0202, 0x0202, 0x0202, 0x0202, 0x0202, 0x0202, 0x0202, 0x0202,
    0x0202, 0x0202, 0x0202, 0x0202, 0x0202, 0x0202, 0x0202, 0x0202, 0x0202, 0x0202,
    0x0202, 0x0202, 0x0202, 0x0202, 0x0202, 0x0202, 0x0202, 0x0202, 0x0202, 0x0202,
    0x0202, 0x0202, 0x0202, 0x0202, 0x0202, 0x0202, 0x0202, 0x0202, 0x0202, 0x0202,
    0x0202, 0x0202, 0x0202, 0x0202, 0x0202, 0x0202, 0x0202, 0x0202, 0x0202, 0x0202,
    0x0202, 0x0202, 0x0202, 0x0202, 0x0202, 0x0202, 0x0202, 0x0202, 0x0202, 0x0202,
    0x0202, 0x0202, 0x0202, 0x0202, 0x0202, 0x0202, 0x0202, 0x0202, 0x0202, 0x0202,
    0x0202, 0x0202, 0x0202, 0x0202, 0x0202, 0x0202, 0x0202, 0x0202, 0x0202, 0x0202,
    0x0202, 0x0202, 0x0202, 0x0202, 0x0202, 0x0202, 0x0202, 0x0202, 0x0202, 0x0202,
    0x0202, 0x0202, 0x0202, 0x0202, 0x0202, 0x0202, 0x0202, 0x0202, 0x0202, 0x0202,
    0x0202, 0x0202, 0x0202, 0x0202, 0x0202, 0x0202, 0x0202, 0x0202, 0x0202, 0x0202,
    0x0202, 0x0202, 0x0202, 0x0202, 0x0202, 0x0202, 0x0202, 0x0202, 0x0202, 0x0202,
    0x0202, 0x0202, 0x0202, 0x0202, 0x0202, 0x0202, 0x0202, 0x0202, 0x0202, 0x0202,
    0x0202, 0x0202, 0x0202, 0x0202, 0x0202, 0x0202, 0x0202, 0x0202, 0x0202, 0x0202,
    0x0202, 0x0202, 0x0202, 0x0202, 0x0202, 0x0202, 0x0202, 0x0202, 0x0202, 0x0202,
    0x0202, 0x0202, 0x0202, 0x0202, 0x0202, 0x0202, 0x0202, 0x0202, 0x0202, 0x0202,
    0x0202, 0x0202, 0x0202, 0x0202, 0x0202, 0x0202, 0x0202, 0x0202, 0x0202, 0x0202,
    0x0202, 0x0202, 0x0202, 0x0202, 0x0202, 0x0202, 0x0202, 0x0202, 0x0202, 0x0202,
    0x0202, 0x0202, 0x0202, 0x0202, 0x0202, 0x0202, 0x0202, 0x0202, 0x0202, 0x0202,
    0x0202, 0x0202, 0x0202, 0x0202, 0x0202, 0x0202, 0x0202, 0x0202, 0x0202, 0x0202,
    0x0202, 0x0202, 0x0202, 0x0202, 0x0202, 0x0202, 0x261F, 0x0202, 0x0202, 0x0202,
    0x0202, 0x0202, 0x0202, 0x0202, 0x0202, 0x0202, 0x0202, 0x0202, 0x0202, 0x0202,
    0x0202, 0x0202, 0x0202, 0x0202, 0x0202, 0x0202, 0x0202, 0x0202, 0x0202, 0x0202,
    0x0202, 0x0202, 0x0202, 0x0202, 0x0202, 0x0202, 0x0202, 0x0202, 0x0202, 0x0202,
    0x0202, 0x0202, 0x0202, 0x0202, 0x0202, 0x0202, 0x0202, 0x0202, 0x0202, 0x0202,
    0x0202, 0x0202, 0x0202, 0x0202, 0x0202, 0x0202, 0x0202, 0x0202, 0x0202, 0x0202,
    0x0202, 0x0202, 0x0202, 0x0202, 0x0202, 0x0202, 0x0202, 0x0202, 0x0202, 0x0202,
    0x0202, 0x0202, 0x0202, 0x0202, 0x0202, 0x0202, 0x0202, 0x0202, 0x0202, 0x0202,
    0x0202, 0x0202, 0x0202, 0x0202, 0x0202, 0x0202, 0x0202, 0x0202, 0x0202, 0x2622,
    0x0202, 0x0202, 0x0202, 0x0202, 0x260C, 0x260D, 0x260E, 0x260F, 0x260C, 0x260D,
    0x260E, 0x260F, 0x260C, 0x260D, 0x260E, 0x260F, 0x260C, 0x260D, 0x260E, 0x260F,
    0x260C, 0x260D, 0x260E, 0x260F, 0x260C, 0x260D, 0x0202, 0x0202, 0x0202, 0x0202,
    0x0202, 0x0202, 0x0202, 0x0202, 0x0202, 0x0202, 0x0202, 0x0202, 0x0202, 0x0202,
    0x0202, 0x0202, 0x0202, 0x0202, 0x0202, 0x0202, 0x0202, 0x0202, 0x0202, 0x0202,
    0x0202, 0x0202, 0x0202, 0x0202, 0x0202, 0x0202, 0x0202, 0x0202, 0x0202, 0x0202,
    0x0202, 0x0202, 0x0202, 0x0202, 0x261D, 0x0202, 0x0202, 0x0202, 0x0202, 0x0202,
    0x0202, 0x0202, 0x0202, 0x0202, 0x0202, 0x0202, 0x0202, 0x0202, 0x0202, 0x0202,
    0x0202, 0x0202, 0x0202, 0x0202, 0x0202, 0x0202, 0x0202, 0x0202, 0x0202, 0x0202,
    0x0202, 0x0202, 0x0202, 0x0202, 0x0202, 0x0202, 0x0202, 0x0202, 0x0202, 0x0202,
    0x0202, 0x0202, 0x0202, 0x0202, 0x0202, 0x0202, 0x0202, 0x0202, 0x0202, 0x0202,
    0x0202, 0x0202, 0x0202, 0x0202, 0x0202, 0x0202, 0x0202, 0x0202, 0x0202, 0x0202,
    0x0202, 0x0202, 0x0202, 0x0202, 0x0202, 0x0202, 0x0202, 0x0202, 0x0202, 0x0202,
    0x0202, 0x0202, 0x0202, 0x0202, 0x0202, 0x0202, 0x0202, 0x0202, 0x0202, 0x0202,
    0x0202, 0x0202, 0x0202, 0x0202, 0x0202, 0x0202, 0x0202, 0x0202, 0x0202, 0x0202,
    0x0202, 0x0202, 0x0202, 0x0202, 0x0202, 0x0202, 0x0202, 0x0202, 0x0202, 0x0202,
    0x0202, 0x0202, 0x0202, 0x0202, 0x0202, 0x0202, 0x0202, 0x0202, 0x0202, 0x0202,
    0x0202, 0x0202, 0x0202, 0x0202, 0x0202, 0x0202, 0x0202, 0x0202, 0x0202, 0x0202,
    0x0202, 0x0202, 0x0202, 0x0202, 0x0202, 0x0202, 0x0202, 0x0202, 0x0202, 0x0202,
    0x0202, 0x0202, 0x0202, 0x0202, 0x0202, 0x0202, 0x0202, 0x0202, 0x0202, 0x0202,
    0x0202, 0x0202, 0x0202, 0x0202, 0x0202, 0x0202, 0x0202, 0x0202, 0x0202, 0x0202,
    0x0202, 0x0202, 0x0202, 0x0202, 0x0202, 0x0202, 0x0202, 0x0202, 0x0202, 0x0202,
    0x0202, 0x0202, 0x0202, 0x0202, 0x0202, 0x0202, 0x261F, 0x0202, 0x0202, 0x0202,
    0x0202, 0x0202, 0x0202, 0x0202, 0x0202, 0x0202, 0x0202, 0x0202, 0x0202, 0x0202,
    0x0202, 0x0202, 0x0202, 0x0202, 0x0202, 0x0202, 0x0202, 0x0202, 0x0202, 0x0202,
    0x0202, 0x0202, 0x0202, 0x0202, 0x0202, 0x0202, 0x0202, 0x0202, 0x0202, 0x0202,
    0x0202, 0x0202, 0x0202, 0x0202, 0x0202, 0x0202, 0x0202, 0x0202, 0x0202, 0x0202,
    0x0202, 0x0202, 0x0202, 0x0202, 0x0202, 0x0202, 0x0202, 0x0202, 0x0202, 0x0202,
    0x0202, 0x0202, 0x0202, 0x0202, 0x0202, 0x0202, 0x0202, 0x0202, 0x0202, 0x0202,
    0x0202, 0x0202, 0x0202, 0x0202, 0x0202, 0x0202, 0x0202, 0x0202, 0x0202, 0x2622,
    0x0202, 0x0202, 0x0202, 0x0202, 0x0202, 0x0202, 0x0202, 0x0202, 0x0202, 0x0202,
    0x0202, 0x0202, 0x0202, 0x0202, 0x0202, 0x0202, 0x0202, 0x0202, 0x0202, 0x0202,
    0x0202, 0x0202, 0x0202, 0x0202, 0x0202, 0x0202, 0x0202, 0x0202, 0x0202, 0x0202,
    0x0202, 0x0202, 0x0202, 0x0202, 0x0202, 0x0202, 0x0202, 0x0202, 0x0202, 0x0202,
    0x0202, 0x0202, 0x0202, 0x0202, 0x0202, 0x0202, 0x0202, 0x0202, 0x0202, 0x0202,
    0x0202, 0x0202, 0x0202, 0x0202, 0x0202, 0x0202, 0x0202, 0x0202, 0x0202, 0x0202,
    0x0202, 0x0202, 0x0202, 0x0202, 0x0202, 0x0202, 0x0202, 0x0202, 0x0202, 0x0202,
    0x0202, 0x0202, 0x0202, 0x0202, 0x0202, 0x0202, 0x0202, 0x0202, 0x0202, 0x0202,
    0x0202, 0x0202, 0x0202, 0x0202, 0x0202, 0x0202, 0x0202, 0x0202, 0x0202, 0x0202,
    0x0202, 0x0202, 0x0202, 0x0202, 0x0202, 0x0202, 0x0202, 0x0202, 0x0202, 0x0202,
    0x0202, 0x0202, 0x0202, 0x0202, 0x0202, 0x0202, 0x0202, 0x0202, 0x0202, 0x0202,
    0x0202, 0x0202, 0x0202, 0x0202, 0x0202, 0x0202, 0x0202, 0x0202, 0x0202, 0x0202,
    0x0202, 0x0202, 0x0202, 0x0202, 0x0202, 0x0202, 0x0202, 0x0202, 0x2620, 0x0202,
    0x0202, 0x0202, 0x0202, 0x0202, 0x0202, 0x0202, 0x0202, 0x0202, 0x0202, 0x0202,
    0x0202, 0x0202, 0x0202, 0x0202, 0x0202, 0x0202, 0x0202, 0x0202, 0x0202, 0x0202,
    0x0202, 0x0202, 0x0202, 0x0202, 0x0202, 0x0202, 0x0202, 0x0202, 0x0202, 0x0202,
    0x0202, 0x0202, 0x0202, 0x0202, 0x0202, 0x0202, 0x0202, 0x0202, 0x0202, 0x0202,
    0x0202, 0x0202, 0x0202, 0x0202, 0x0202, 0x0202, 0x0202, 0x0202, 0x0202, 0x0202,
    0x0202, 0x0202, 0x0202, 0x0202, 0x0202, 0x0202, 0x0202, 0x0202, 0x0202, 0x0202,
    0x0202, 0x0202, 0x0202, 0x0202, 0x0202, 0x0202, 0x0202, 0x0202, 0x0202, 0x0202,
    0x0202, 0x0202, 0x0202, 0x0202, 0x0202, 0x0202, 0x0202, 0x0202, 0x0202, 0x0202,
    0x0202, 0x2623, 0x0202, 0x0202, 0x0202, 0x0202, 0x0202, 0x0202, 0x0202, 0x0202,
    0x0202, 0x0202, 0x0202, 0x0202, 0x0202, 0x0202, 0x0202, 0x0202, 0x0202, 0x0202,
    0x0202, 0x0606, 0x0606, 0x0606, 0x0606, 0x0606, 0x0202, 0x0202, 0x0202, 0x0202,
    0x0202, 0x0202, 0x0202, 0x0202, 0x0202, 0x0202, 0x0202, 0x0202, 0x0202, 0x0202,
    0x0202, 0x0202, 0x0202, 0x0202, 0x0202, 0x0202, 0x0202, 0x0202, 0x0202, 0x0202,
    0x0202, 0x0202, 0x0202, 0x0202, 0x0202, 0x0202, 0x0202, 0x0202, 0x0202, 0x0202,
    0x0202, 0x0202, 0x0202, 0x0202, 0x0202, 0x0202, 0x261E, 0x0202, 0x0202, 0x0202,
    0x0202, 0x0202, 0x0202, 0x0202, 0x0202, 0x0202, 0x0202, 0x0202, 0x0202, 0x0202,
    0x0202, 0x0202, 0x0202, 0x0202, 0x0202, 0x0202, 0x0202, 0x0202, 0x0202, 0x0202,
    0x0202, 0x0202, 0x0202, 0x0202, 0x0202, 0x0202, 0x0202, 0x0202, 0x0202, 0x0202,
    0x0202, 0x0202, 0x0202, 0x0202, 0x0202, 0x0202, 0x0202, 0x0202, 0x0202, 0x0202,
    0x0202, 0x0202, 0x0202, 0x0202, 0x0202, 0x0202, 0x0202, 0x0202, 0x0202, 0x0202,
    0x0202, 0x0202, 0x0202, 0x0202, 0x0202, 0x0202, 0x0202, 0x0202, 0x0202, 0x0202,
    0x0202, 0x0202, 0x0202, 0x0202, 0x0202, 0x0202, 0x0202, 0x0202, 0x0202, 0x0202,
    0x0202, 0x0202, 0x0202, 0x0202, 0x0202, 0x0202, 0x0202, 0x0202, 0x0202, 0x0202,
    0x0202, 0x0202, 0x0202, 0x0202, 0x0202, 0x0202, 0x0202, 0x0202, 0x0202, 0x0202,
    0x0202, 0x0202, 0x0202, 0x0202, 0x0202, 0x0202, 0x0202, 0x0202, 0x0202, 0x0202,
    0x0202, 0x0202, 0x0202, 0x0202, 0x0202, 0x0202, 0x0202, 0x0202, 0x0202, 0x0202,
    0x0202, 0x0202, 0x0202, 0x0202, 0x0202, 0x0202, 0x0202, 0x0202, 0x0202, 0x0202,
    0x0202, 0x0202, 0x0202, 0x0202, 0x0202, 0x0202, 0x0202, 0x0202, 0x0202, 0x0202,
    0x0202, 0x0202, 0x0202, 0x0202, 0x0202, 0x0202, 0x0202, 0x0202, 0x0202, 0x0202,
    0x0202, 0x0202, 0x0202, 0x0202, 0x0202, 0x0202, 0x0202, 0x0202, 0x0202, 0x0202,
    0x0202, 0x0202, 0x0202, 0x0202, 0x0202, 0x0202, 0x0202, 0x0202, 0x2620, 0x0202,
    0x0202, 0x0202, 0x0202, 0x0202, 0x0202, 0x0202, 0x0202, 0x0202, 0x0202, 0x0202,
    0x0202, 0x0202, 0x0202, 0x0202, 0x0202, 0x0202, 0x0202, 0x0202, 0x0202, 0x0202,
    0x0202, 0x0202, 0x0202, 0x0202, 0x0202, 0x0202, 0x0202, 0x0202, 0x0202, 0x0202,
    0x0202, 0x0202, 0x0202, 0x0202, 0x0202, 0x0202, 0x0202, 0x0202, 0x0202, 0x0202,
    0x0202, 0x0202, 0x0202, 0x0202, 0x0202, 0x0202, 0x0202, 0x0202, 0x0202, 0x0202,
    0x0202, 0x0202, 0x0202, 0x0202, 0x0202, 0x0202, 0x0202, 0x0202, 0x0202, 0x0202,
    0x0202, 0x0202, 0x0202, 0x0202, 0x0202, 0x0202, 0x0202, 0x0202, 0x0202, 0x0202,
    0x0202, 0x2623, 0x0202, 0x0202, 0x0202, 0x0202, 0x0202, 0x0202, 0x0202, 0x0202,
    0x0202, 0x0202, 0x0202, 0x0202, 0x0202, 0x0202, 0x0202, 0x0202, 0x0202, 0x0202,
    0x0202, 0x0202, 0x0202, 0x0202, 0x0202, 0x0202, 0x0202, 0x0202, 0x0202, 0x0202,
    0x0202, 0x0202, 0x0202, 0x0202, 0x0202, 0x0202, 0x0202, 0x0202, 0x0202, 0x0202,
    0x0202, 0x0202, 0x0202, 0x0202, 0x0202, 0x0202, 0x0202, 0x0202, 0x0202, 0x0202,
    0x0202, 0x0202, 0x0202, 0x0202, 0x0202, 0x0202, 0x0202, 0x0202, 0x0202, 0x0202,
    0x0202, 0x0202, 0x0202, 0x0202, 0x0202, 0x0202, 0x0202, 0x0202, 0x0202, 0x0202,
    0x0202, 0x0202, 0x0202, 0x0202, 0x0202, 0x0202, 0x0202, 0x0202, 0x0202, 0x0202,
    0x0202, 0x0202, 0x0202, 0x0202, 0x0202, 0x0202, 0x0202, 0x0202, 0x0202, 0x0202,
    0x0202, 0x0202, 0x0202, 0x0202, 0x0202, 0x0202, 0x0202, 0x0202, 0x0202, 0x0202,
    0x0202, 0x0202, 0x0202, 0x0202, 0x0202, 0x0202, 0x0202, 0x0202, 0x0202, 0x0202,
    0x0202, 0x0202, 0x0202, 0x0202, 0x0202, 0x0202, 0x0202, 0x0202, 0x0202, 0x0202,
    0x0202, 0x260F, 0x260C, 0x260D, 0x260E, 0x260F, 0x260C, 0x260D, 0x260E, 0x260F,
    0x2621, 0x260D, 0x260E, 0x260F, 0x260C, 0x260D, 0x260E, 0x260F, 0x260C, 0x260D,
    0x260E, 0x0202, 0x0202, 0x0202, 0x0202, 0x0202, 0x0202, 0x0202, 0x0202, 0x0202,
    0x0202, 0x0202, 0x0202, 0x0202, 0x0202, 0x0202, 0x0202, 0x0202, 0x0202, 0x0202,
    0x0202, 0x0202, 0x0202, 0x0202, 0x0202, 0x0202, 0x0202, 0x0202, 0x0202, 0x0202,
    0x0202, 0x0202, 0x0202, 0x0202, 0x0202, 0x0202, 0x0202, 0x0202, 0x0202, 0x0202,
    0x0202, 0x0202, 0x0202, 0x0202, 0x0202, 0x0202, 0x0202, 0x0202, 0x0202, 0x0202,
    0x0202, 0x0202, 0x0202, 0x0202, 0x0202, 0x0202, 0x0202, 0x0202, 0x0202, 0x0202,
    0x0202, 0x0202, 0x0202, 0x0202, 0x0202, 0x0202, 0x0202, 0x0202, 0x0202, 0x0202,
    0x0202, 0x0202, 0x0202, 0x261A, 0x0202, 0x0202, 0x0202, 0x0202, 0x0202, 0x0202,
    0x0202, 0x0202, 0x0202, 0x0202, 0x0202, 0x0202, 0x0202, 0x0202, 0x0202, 0x0202,
    0x0202, 0x0202, 0x0202, 0x0606, 0x0606, 0x0606, 0x0606, 0x0606, 0x0202, 0x0202,
    0x0202, 0x0202, 0x0202, 0x0202, 0x0202, 0x0202, 0x0202, 0x0202, 0x0202, 0x0202,
    0x0202, 0x0202, 0x0202, 0x0202, 0x0202, 0x0202, 0x0202, 0x0202, 0x0202, 0x0202,
    0x0202, 0x0202, 0x0202, 0x0202, 0x0202, 0x0202, 0x0202, 0x0202, 0x0202, 0x0202,
    0x0202, 0x0202, 0x0202, 0x0202, 0x0202, 0x0202, 0x0202, 0x0202, 0x261F, 0x0202,
    0x0202, 0x0202, 0x0202, 0x0202, 0x0202, 0x0202, 0x0202, 0x0202, 0x0202, 0x0202,
    0x0202, 0x0202, 0x0202, 0x0202, 0x0202, 0x0202, 0x0202, 0x0202, 0x0202, 0x0202,
    0x0202, 0x0202, 0x0202, 0x0202, 0x0202, 0x0202, 0x0202, 0x0202, 0x0202, 0x0202,
    0x0202, 0x0202, 0x0202, 0x0202, 0x0202, 0x0202, 0x0202, 0x0202, 0x0202, 0x0202,
    0x0202, 0x0202, 0x0202, 0x0202, 0x0202, 0x0202, 0x0202, 0x0202, 0x0202, 0x0202,
    0x0202, 0x0202, 0x0202, 0x0202, 0x0202, 0x0202, 0x0202, 0x0202, 0x0202, 0x0202,
    0x0202, 0x0202, 0x0202, 0x0202, 0x0202, 0x0202, 0x0202, 0x0202, 0x0202, 0x0202,
    0x0202, 0x0202, 0x0202, 0x0202, 0x0202, 0x0202, 0x0202, 0x0202, 0x0202, 0x0202,
    0x0202, 0x0202, 0x0202, 0x0202, 0x0202, 0x0202, 0x0202, 0x0202, 0x0202, 0x0202,
    0x0202, 0x0202, 0x0202, 0x0202, 0x0202, 0x0202, 0x0202, 0x0202, 0x0202, 0x0202,
    0x0202, 0x0202, 0x0202, 0x0202, 0x0202, 0x0202, 0x0202, 0x0202, 0x0202, 0x0202,
    0x0202, 0x0202, 0x0202, 0x0202, 0x0202, 0x0202, 0x0202, 0x0202, 0x0202, 0x0202,
    0x0202, 0x0202, 0x0202, 0x0202, 0x0202, 0x0202, 0x0202, 0x0202, 0x0202, 0x0202,
    0x0202, 0x0202, 0x0202, 0x0202, 0x0202, 0x0202, 0x0202, 0x0202, 0x0202, 0x0202,
    0x0202, 0x0202, 0x0202, 0x0202, 0x0202, 0x0202, 0x0202, 0x0202, 0x0202, 0x0202,
    0x0202, 0x0202, 0x0202, 0x0202, 0x0202, 0x0202, 0x0202, 0x0202, 0x0202, 0x0202,
    0x2621, 0x0202, 0x0202, 0x0202, 0x0202, 0x0202, 0x0202, 0x0202, 0x0202, 0x0202,
    0x0202, 0x0202, 0x0202, 0x0202, 0x0202, 0x0202, 0x0202, 0x0202, 0x0202, 0x0202,
    0x0202, 0x0202, 0x0202, 0x0202, 0x0202, 0x0202, 0x0202, 0x0202, 0x0202, 0x0202,
    0x0202, 0x0202, 0x0202, 0x0202, 0x0202, 0x0202, 0x0202, 0x0202, 0x0202, 0x0202,
    0x0202, 0x0202, 0x0202, 0x0202, 0x0202, 0x0202, 0x0202, 0x0202, 0x0202, 0x0202,
    0x0202, 0x0202, 0x0202, 0x0202, 0x0202, 0x0202, 0x0202, 0x0202, 0x0202, 0x0202,
    0x0202, 0x260F, 0x260C, 0x260D, 0x260E, 0x260F, 0x260C, 0x260D, 0x260E, 0x260F,
    0x260C, 0x260D, 0x260E, 0x261A, 0x260C, 0x260D, 0x260E, 0x260F, 0x260C, 0x260D,
    0x260E, 0x260F, 0x260C, 0x0202, 0x0202, 0x0202, 0x0202, 0x0202, 0x0202, 0x0202,
    0x0202, 0x0202, 0x0202, 0x0202, 0x0202, 0x0202, 0x0202, 0x0202, 0x0201, 0x0201,
    0x0201, 0x0201, 0x0201, 0x0201, 0x0201, 0x0201, 0x0201, 0x0201, 0x0201, 0x0201,
    0x0201, 0x0201, 0x0201, 0x0201, 0x0201, 0x0201, 0x0201, 0x0201, 0x0201, 0x0201,
    0x0201, 0x0201, 0x0201, 0x0201, 0x0201, 0x0201, 0x0201, 0x0201, 0x0201, 0x0201,
    0x0201, 0x0201, 0x0201, 0x0201, 0x0201, 0x0201, 0x0201, 0x0201, 0x0201, 0x0201,
    0x0201, 0x0201, 0x0201, 0x0201, 0x0201, 0x0201, 0x260C, 0x260D, 0x260E, 0x260F,
    0x260C, 0x260D, 0x260E, 0x260F, 0x260C, 0x260D, 0x260E, 0x260F, 0x260C, 0x260D,
    0x260E, 0x0201, 0x0201, 0x0201, 0x0201, 0x0201, 0x0201, 0x0201, 0x0201, 0x0201,
    0x0201, 0x0201, 0x0201, 0x0201, 0x0201, 0x0201, 0x0201, 0x0201, 0x0201, 0x0201,
    0x0201, 0x0201, 0x0201, 0x0201, 0x0201, 0x0201, 0x0201, 0x0201, 0x0201, 0x0201,
    0x0201, 0x0201, 0x0201, 0x0201, 0x0201, 0x0201, 0x0201, 0x0201, 0x0201, 0x0201,
    0x0201, 0x0201, 0x2622, 0x0201, 0x0201, 0x0201, 0x0201, 0x0201, 0x0201, 0x0201,
    0x0201, 0x0201, 0x0201, 0x0201, 0x0201, 0x0201, 0x0201, 0x0201, 0x0201, 0x0201,
    0x0201, 0x0201, 0x0201, 0x0201, 0x0201, 0x0201, 0x0201, 0x0201, 0x0201, 0x0201,
    0x0201, 0x0201, 0x0201, 0x0201, 0x0201, 0x0201, 0x0201, 0x0201, 0x0201, 0x0201,
    0x0201, 0x0201, 0x0201, 0x0201, 0x0201, 0x0201, 0x0201, 0x0201, 0x0201, 0x0201,
    0x0201, 0x0201, 0x0201, 0x0201, 0x0201, 0x0201, 0x0201, 0x0201, 0x0201, 0x0201,
    0x0201, 0x0201, 0x0201, 0x0201, 0x0201, 0x0201, 0x0201, 0x0201, 0x0201, 0x0201,
    0x0201, 0x0201, 0x0201, 0x0201, 0x0201, 0x0201, 0x0201, 0x0201, 0x0201, 0x0201,
    0x0201, 0x0201, 0x0201, 0x0201, 0x0201, 0x261B, 0x0201, 0x0201, 0x0201, 0x0201,
    0x0201, 0x0201, 0x0201, 0x0201, 0x0201, 0x0201, 0x0201, 0x0201, 0x0201, 0x0201,
    0x0201, 0x0201, 0x0201, 0x0201, 0x0201, 0x0606, 0x0606, 0x0606, 0x0606, 0x0606,
    0x0201, 0x0201, 0x0201, 0x0201, 0x0201, 0x0201, 0x0201, 0x0201, 0x0201, 0x0201,
    0x0201, 0x0201, 0x0201, 0x0201, 0x0201, 0x0201, 0x0201, 0x0201, 0x0201, 0x0201,
    0x0201, 0x0201, 0x0201, 0x0201, 0x0201, 0x0201, 0x0201, 0x0201, 0x0201, 0x0201,
    0x0201, 0x0201, 0x0201, 0x0201, 0x0201, 0x0201, 0x0201, 0x0201, 0x0201, 0x0201,
    0x2620, 0x0201, 0x0201, 0x0201, 0x0201, 0x0201, 0x0201, 0x0201, 0x0201, 0x0201,
    0x0201, 0x0201, 0x0201, 0x0201, 0x0201, 0x0201, 0x0201, 0x0201, 0x0201, 0x0201,
    0x0201, 0x0201, 0x0201, 0x0201, 0x0201, 0x0201, 0x0201, 0x0201, 0x0201, 0x0201,
    0x0201, 0x0201, 0x0201, 0x0201, 0x0201, 0x0201, 0x0201, 0x0201, 0x0201, 0x0201,
    0x0201, 0x0201, 0x0201, 0x0201, 0x0201, 0x0201, 0x0201, 0x0201, 0x0201, 0x0201,
    0x0201, 0x0201, 0x0201, 0x0201, 0x0201, 0x0201, 0x0201, 0x0201, 0x0201, 0x0201,
    0x0201, 0x0201, 0x0201, 0x0201, 0x0201, 0x0201, 0x0201, 0x0201, 0x0201, 0x0201,
    0x0201, 0x0201, 0x0201, 0x0201, 0x0201, 0x0201, 0x0201, 0x0201, 0x0201, 0x0201,
    0x0201, 0x0201, 0x0201, 0x0201, 0x0201, 0x0201, 0x0201, 0x0201, 0x0606, 0x0606,
    0x0606, 0x0606, 0x0201, 0x0201, 0x0201, 0x0201, 0x0201, 0x0201, 0x0201, 0x0201,
    0x0201, 0x0201, 0x0201, 0x0201, 0x0201, 0x0201, 0x0201, 0x0201, 0x0201, 0x0201,
    0x0201, 0x0201, 0x0201, 0x0201, 0x0201, 0x0201, 0x0201, 0x0201, 0x0201, 0x0201,
    0x0201, 0x0201, 0x0201, 0x0201, 0x0201, 0x0201, 0x0201, 0x0201, 0x0201, 0x0201,
    0x0201, 0x0201, 0x0201, 0x0201, 0x0201, 0x0201, 0x260C, 0x260D, 0x260E, 0x260F,
    0x260C, 0x260D, 0x260E, 0x260F, 0x260C, 0x260D, 0x260E, 0x260F, 0x260C, 0x260D,
    0x260E, 0x260F, 0x0201, 0x0201, 0x0201, 0x0201, 0x0201, 0x0201, 0x0201, 0x0201,
    0x0201, 0x0201, 0x2622, 0x0201, 0x0201, 0x0201, 0x0201, 0x0201, 0x0201, 0x0201,
    0x0201, 0x0201, 0x0201, 0x0201, 0x0201, 0x0201, 0x0201, 0x0201, 0x0201, 0x0201,
    0x0201, 0x0201, 0x0201, 0x0201, 0x0201, 0x0201, 0x0201, 0x0201, 0x0201, 0x0201,
    0x0201, 0x0201, 0x0201, 0x0201, 0x0201, 0x0201, 0x0201, 0x0201, 0x0201, 0x0201,
    0x0201, 0x0201, 0x0201, 0x0201, 0x0201, 0x0201, 0x0201, 0x0201, 0x0201, 0x0201,
    0x0201, 0x0201, 0x0201, 0x0201, 0x0201, 0x0201, 0x0201, 0x0201, 0x0201, 0x0201,
    0x0201, 0x0201, 0x0201, 0x0201, 0x0201, 0x0201, 0x0201, 0x0201, 0x0201, 0x0201,
    0x0201, 0x0201, 0x0201, 0x0201, 0x0201, 0x261B, 0x0201, 0x0201, 0x0201, 0x0201,
    0x0201, 0x0201, 0x0201, 0x0201, 0x0201, 0x0201, 0x0201, 0x0201, 0x0201, 0x0201,
    0x0201, 0x0201, 0x0201, 0x0201, 0x0201, 0x0201, 0x0201, 0x0201, 0x0201, 0x0201,
    0x0201, 0x0201, 0x0201, 0x0201, 0x0201, 0x0201, 0x0201, 0x0201, 0x0201, 0x0201,
    0x0201, 0x0201, 0x0201, 0x0201, 0x0201, 0x0201, 0x0201, 0x0201, 0x0201, 0x0201,
    0x0201, 0x0201, 0x0201, 0x0201, 0x0201, 0x0201, 0x0201, 0x0201, 0x0201, 0x0201,
    0x0201, 0x0201, 0x0201, 0x0201, 0x0201, 0x0201, 0x0201, 0x0201, 0x0201, 0x0201,
    0x0201, 0x0201, 0x0201, 0x0201, 0x0201, 0x0201, 0x0201, 0x0201, 0x0201, 0x0201,
    0x0201, 0x0201, 0x0201, 0x0201, 0x0201, 0x0201, 0x0201, 0x0201, 0x0201, 0x0201,
    0x0201, 0x0201, 0x0201, 0x0201, 0x0201, 0x0201, 0x0201, 0x0201, 0x0201, 0x0201,
    0x0201, 0x0201, 0x0201, 0x0201, 0x0201, 0x0201, 0x0201, 0x0201, 0x0201, 0x0201,
    0x0201, 0x0201, 0x0201, 0x0201, 0x0201, 0x0201, 0x0201, 0x0201, 0x0201, 0x0201,
    0x0201, 0x0201, 0x0201, 0x0201, 0x0201, 0x0201, 0x0201, 0x0201, 0x0201, 0x0201,
    0x0201, 0x0201, 0x0201, 0x0201, 0x2623, 0x0201, 0x0201, 0x0201, 0x0201, 0x0201,
    0x0201, 0x0201, 0x0201, 0x0201, 0x0201, 0x0201, 0x0201, 0x0201, 0x0201, 0x0201,
    0x0201, 0x0201, 0x0201, 0x0201, 0x0201, 0x0201, 0x0201, 0x0201, 0x0201, 0x0201,
    0x0201, 0x0201, 0x0201, 0x0201, 0x0201, 0x0201, 0x0201, 0x0201, 0x0201, 0x0201,
    0x0201, 0x0201, 0x0201, 0x0201, 0x0201, 0x0201, 0x0201, 0x0201, 0x0201, 0x0201,
    0x0201, 0x0201, 0x0201, 0x0201, 0x0201, 0x0201, 0x0201, 0x0201, 0x0201, 0x0201,
    0x0201, 0x0201, 0x0201, 0x0201, 0x0201, 0x0201, 0x0201, 0x0201, 0x0201, 0x0201,
    0x0201, 0x0201, 0x0201, 0x0201, 0x0201, 0x0201, 0x0201, 0x0201, 0x0201, 0x0201,
    0x0201, 0x0201, 0x0201, 0x0201, 0x0201, 0x0201, 0x0201, 0x261C, 0x0201, 0x0201,
    0x0201, 0x0201, 0x0201, 0x0201, 0x0201, 0x0201, 0x0201, 0x0201, 0x0201, 0x0201,
    0x0201, 0x0201, 0x0201, 0x0201, 0x0201, 0x0201, 0x0201, 0x0606, 0x0606, 0x0606,
    0x0606, 0x0606, 0x0201, 0x0201, 0x0201, 0x0201, 0x0201, 0x0201, 0x0201, 0x0201,
    0x0201, 0x0201, 0x0201, 0x0201, 0x0201, 0x0201, 0x0201, 0x0201, 0x0201, 0x0201,
    0x0201, 0x0201, 0x0201, 0x0201, 0x0201, 0x0201, 0x0201, 0x0201, 0x0201, 0x0201,
    0x0201, 0x0201, 0x0201, 0x0201, 0x0201, 0x0201, 0x0201, 0x0201, 0x0201, 0x0201,
    0x0201, 0x0201, 0x2621, 0x0201, 0x0201, 0x0201, 0x0201, 0x0201, 0x0201, 0x0201,
    0x0201, 0x0201, 0x0201, 0x0201, 0x0201, 0x0201, 0x0201, 0x0201, 0x0201, 0x0201,
    0x0201, 0x0201, 0x0201, 0x0201, 0x0201, 0x0201, 0x0201, 0x0201, 0x0201, 0x0201,
    0x0201, 0x0201, 0x0201, 0x0201, 0x0201, 0x0201, 0x0201, 0x0201, 0x0201, 0x0201,
    0x0201, 0x0201, 0x0201, 0x0201, 0x0201, 0x0201, 0x0201, 0x0201, 0x0201, 0x0201,
    0x0201, 0x0201, 0x0201, 0x0201, 0x0201, 0x0201, 0x0201, 0x0201, 0x0201, 0x0201,
    0x0201, 0x0201, 0x0201, 0x0201, 0x0201, 0x0201, 0x0201, 0x0201, 0x0201, 0x0201,
    0x0201, 0x0201, 0x0201, 0x0201, 0x0201, 0x0201, 0x0201, 0x0201, 0x0201, 0x0201,
    0x0201, 0x0201, 0x0201, 0x0201, 0x0201, 0x0201, 0x0201, 0x0201, 0x0201, 0x0201,
    0x0606, 0x0606, 0x0606, 0x0606, 0x0201, 0x0201, 0x0201, 0x0201, 0x0201, 0x0201,
    0x0201, 0x0201, 0x0201, 0x0201, 0x0201, 0x0201, 0x0201, 0x0201, 0x0201, 0x0201,
    0x0201, 0x0201, 0x0201, 0x0201, 0x0201, 0x0201, 0x0201, 0x0201, 0x0201, 0x0201,
    0x0201, 0x0201, 0x0201, 0x0201, 0x0201, 0x0201, 0x0201, 0x0201, 0x0201, 0x0201,
    0x0201, 0x0201, 0x0201, 0x0201, 0x0201, 0x0201, 0x0201, 0x0201, 0x0201, 0x0201,
    0x0201, 0x0201, 0x0201, 0x0201, 0x0201, 0x0201, 0x0201, 0x0201, 0x0201, 0x0201,
    0x0201, 0x0201, 0x0201, 0x0201, 0x0201, 0x0201, 0x0201, 0x0201, 0x0201, 0x0201,
    0x0201, 0x0201, 0x0201, 0x0201, 0x2623, 0x0201, 0x0201, 0x0201, 0x0201, 0x0201,
    0x0201, 0x0201, 0x0201, 0x0201, 0x0201, 0x0201, 0x0201, 0x0201, 0x0201, 0x0201,
    0x0201, 0x0201, 0x0201, 0x0201, 0x0201, 0x0201, 0x0201, 0x0201, 0x0201, 0x0201,
    0x0201, 0x0201, 0x0201, 0x0201, 0x0201, 0x0201, 0x0201, 0x0201, 0x0201, 0x0201,
    0x0201, 0x0201, 0x0201, 0x0201, 0x0201, 0x0201, 0x0201, 0x0201, 0x0201, 0x0201,
    0x0201, 0x0201, 0x0201, 0x0201, 0x0201, 0x0201, 0x0201, 0x0201, 0x0201, 0x0201,
    0x0201, 0x0201, 0x0201, 0x0201, 0x0201, 0x0201, 0x0201, 0x0201, 0x0201, 0x0201,
    0x0201, 0x0201, 0x0201, 0x0201, 0x0201, 0x0201, 0x0201, 0x261C, 0x0201, 0x0201,
    0x0201, 0x0201, 0x0201, 0x0201, 0x0201, 0x0201, 0x0201, 0x0201, 0x0201, 0x0201,
    0x0201, 0x0201, 0x0201, 0x0201, 0x0201, 0x0201, 0x0201, 0x0201, 0x0201, 0x0201,
    0x0201, 0x0201, 0x0201, 0x0201, 0x0201, 0x0201, 0x0201, 0x0201, 0x0201, 0x0201,
    0x0201, 0x0201, 0x0201, 0x0201, 0x0201, 0x0201, 0x0201, 0x0201, 0x0201, 0x0201,
    0x0201, 0x0201, 0x0201, 0x0201, 0x0201, 0x0201, 0x0201, 0x0201, 0x0201, 0x0201,
    0x0201, 0x0201, 0x0201, 0x0201, 0x0201, 0x0201, 0x0201, 0x0201, 0x0201, 0x0201,
    0x0201, 0x0201, 0x0201, 0x0201, 0x0201, 0x0201, 0x0201, 0x0201, 0x0201, 0x0201,
    0x0201, 0x0201, 0x0201, 0x0201, 0x0201, 0x0201, 0x0201, 0x0201, 0x0201, 0x0201,
    0x0201, 0x0201, 0x0201, 0x0201, 0x0201, 0x0201, 0x0201, 0x0201, 0x0201, 0x0201,
    0x0201, 0x0201, 0x0201, 0x0201, 0x0201, 0x0201, 0x0201, 0x0201, 0x0201, 0x0201,
    0x0201, 0x0201, 0x0201, 0x0201, 0x0201, 0x0201, 0x0201, 0x0201, 0x0201, 0x0201,
    0x0201, 0x0201, 0x0201, 0x0201, 0x0201, 0x0201, 0x0201, 0x0201, 0x0201, 0x0201,
    0x0201, 0x0201, 0x0201, 0x0201, 0x0201, 0x0201, 0x261A, 0x0201, 0x0201, 0x0201,
    0x0201, 0x0201, 0x0201, 0x0201, 0x0201, 0x0201, 0x0201, 0x0201, 0x0201, 0x0201,
    0x0201, 0x0201, 0x0201, 0x0201, 0x0201, 0x0201, 0x0201, 0x0201, 0x0201, 0x0201,
    0x0201, 0x0201, 0x0201, 0x0201, 0x0201, 0x0201, 0x0201, 0x0201, 0x0201, 0x0201,
    0x0201, 0x0201, 0x0201, 0x0201, 0x0201, 0x0201, 0x0201, 0x0201, 0x0201, 0x0201,
    0x0201, 0x0201, 0x0201, 0x0201, 0x0201, 0x0201, 0x0201, 0x0201, 0x0201, 0x0201,
    0x0201, 0x0201, 0x0201, 0x0201, 0x0201, 0x0201, 0x0201, 0x0201, 0x0201, 0x0201,
    0x0201, 0x0201, 0x0201, 0x0201, 0x0201, 0x0201, 0x0201, 0x0201, 0x0201, 0x0201,
    0x0201, 0x0201, 0x0201, 0x0201, 0x0201, 0x0201, 0x0201, 0x0201, 0x0201, 0x261D,
    0x0201, 0x0201, 0x0201, 0x0201, 0x0201, 0x0201, 0x0201, 0x0201, 0x0201, 0x0201,
    0x0201, 0x0201, 0x0201, 0x0201, 0x0201, 0x0201, 0x0201, 0x0201, 0x0201, 0x0606,
    0x0606, 0x0606, 0x0606, 0x0606, 0x0201, 0x0201, 0x0201, 0x0201, 0x0201, 0x0201,
    0x0201, 0x0201, 0x0201, 0x0201, 0x0201, 0x0201, 0x0201, 0x0201, 0x0201, 0x0201,
    0x0201, 0x0201, 0x0201, 0x0201, 0x0201, 0x0201, 0x0201, 0x0201, 0x0201, 0x0201,
    0x0201, 0x0201, 0x0201, 0x0201, 0x0201, 0x0608, 0x0608, 0x0604, 0x0604, 0x0604,
    0x0604, 0x0604, 0x0604, 0x0604, 0x2622, 0x0604, 0x0604, 0x0604, 0x0604, 0x0604,
    0x0604, 0x0604, 0x0604, 0x0604, 0x0604, 0x0604, 0x0604, 0x0604, 0x0604, 0x0604,
    0x0604, 0x0604, 0x0604, 0x0604, 0x0604, 0x0604, 0x0604, 0x0604, 0x0604, 0x0604,
    0x0604, 0x0604, 0x0604, 0x0604, 0x0604, 0x0604, 0x0604, 0x0604, 0x0604, 0x0604,
    0x0201, 0x0201, 0x0201, 0x0201, 0x0201, 0x0201, 0x0201, 0x0201, 0x0201, 0x0201,
    0x0201, 0x0201, 0x0201, 0x0201, 0x0201, 0x0201, 0x0201, 0x0201, 0x0201, 0x0201,
    0x0201, 0x0201, 0x0201, 0x0201, 0x0201, 0x0201, 0x0201, 0x0201, 0x0201, 0x0201,
    0x0201, 0x0201, 0x0201, 0x0201, 0x0201, 0x0201, 0x0201, 0x0201, 0x0201, 0x0201,
    0x0201, 0x0201, 0x0201, 0x0201, 0x0201, 0x0201, 0x0201, 0x0201, 0x0201, 0x0201,
    0x0201, 0x0201, 0x0606, 0x0606, 0x0606, 0x0606, 0x0201, 0x0201, 0x0201, 0x0201,
    0x0201, 0x0201, 0x0201, 0x0201, 0x0201, 0x0201, 0x0201, 0x0201, 0x0201, 0x0201,
    0x0201, 0x0201, 0x0201, 0x0201, 0x0201, 0x0201, 0x0201, 0x0201, 0x0201, 0x0201,
    0x0201, 0x0201, 0x0201, 0x0201, 0x0201, 0x0201, 0x0201, 0x0201, 0x0201, 0x0201,
    0x0201, 0x0201, 0x0201, 0x0201, 0x0201, 0x0201, 0x0201, 0x0201, 0x0201, 0x0201,
    0x0201, 0x0201, 0x0201, 0x0201, 0x0201, 0x0201, 0x0201, 0x0201, 0x0201, 0x0201,
    0x0201, 0x0201, 0x0201, 0x0201, 0x0201, 0x0201, 0x0201, 0x0201, 0x0201, 0x0201,
    0x0201, 0x0201, 0x0201, 0x0201, 0x0201, 0x0201, 0x261A, 0x0201, 0x0201, 0x0201,
    0x0201, 0x0201, 0x0201, 0x0201, 0x0201, 0x0201, 0x0201, 0x0201, 0x0201, 0x0201,
    0x0201, 0x0201, 0x0201, 0x0201, 0x0201, 0x0201, 0x0201, 0x0201, 0x0201, 0x0201,
    0x0201, 0x0201, 0x0201, 0x0201, 0x0201, 0x0201, 0x0201, 0x0201, 0x0201, 0x0201,
    0x0201, 0x0201, 0x0201, 0x0201, 0x0201, 0x0201, 0x0201, 0x0201, 0x0201, 0x0201,
    0x0201, 0x0201, 0x0201, 0x0201, 0x0201, 0x0201, 0x0201, 0x0201, 0x0201, 0x0201,
    0x0201, 0x0201, 0x0201, 0x0201, 0x0201, 0x0201, 0x0201, 0x0201, 0x0201, 0x0201,
    0x0201, 0x0201, 0x0201, 0x0201, 0x0201, 0x0201, 0x0201, 0x0201, 0x0201, 0x261D,
    0x0201, 0x0201, 0x0201, 0x0201, 0x0201, 0x0201, 0x0201, 0x0201, 0x0201, 0x0201,
    0x0201, 0x0201, 0x0201, 0x0201, 0x0201, 0x0201, 0x0201, 0x0201, 0x0201, 0x0201,
    0x0201, 0x0201, 0x0201, 0x0201, 0x0201, 0x0201, 0x0201, 0x0201, 0x0201, 0x0201,
    0x0201, 0x0201, 0x0201, 0x0201, 0x0201, 0x0201, 0x0201, 0x0201, 0x0201, 0x0201,
    0x0201, 0x0201, 0x0201, 0x0201, 0x0201, 0x0201, 0x0201, 0x0201, 0x0201, 0x0201,
    0x0201, 0x0201, 0x0201, 0x0201, 0x0201, 0x0201, 0x0201, 0x0201, 0x0201, 0x0201,
    0x0201, 0x0201, 0x0201, 0x0201, 0x0201, 0x0201, 0x0201, 0x0201, 0x0201, 0x0201,
    0x0201, 0x0201, 0x0201, 0x0201, 0x0201, 0x0201, 0x0201, 0x0201, 0x0201, 0x0201,
    0x0201, 0x0201, 0x0201, 0x0201, 0x0201, 0x0201, 0x0201, 0x0201, 0x0201, 0x0201,
    0x0201, 0x0201, 0x0201, 0x0201, 0x0201, 0x0201, 0x0201, 0x0201, 0x0201, 0x0201,
    0x0201, 0x0201, 0x0201, 0x0201, 0x0201, 0x0201, 0x0201, 0x0201, 0x0201, 0x0201,
    0x0201, 0x0201, 0x0201, 0x0201, 0x0201, 0x0201, 0x0201, 0x0201, 0x0201, 0x0201,
    0x0201, 0x0201, 0x0201, 0x0201, 0x0201, 0x0201, 0x0201, 0x0201, 0x261B, 0x0201,
    0x0201, 0x0201, 0x0201, 0x0201, 0x0201, 0x0201, 0x0201, 0x0201, 0x0201, 0x0201,
    0x0201, 0x0201, 0x0201, 0x0201, 0x0201, 0x0201, 0x0201, 0x0201, 0x0201, 0x0201,
    0x0201, 0x0201, 0x0201, 0x0201, 0x0201, 0x0201, 0x0201, 0x0201, 0x0201, 0x0201,
    0x0201, 0x0201, 0x0201, 0x0201, 0x0201, 0x0201, 0x0201, 0x0201, 0x0201, 0x0201,
    0x0201, 0x0201, 0x0201, 0x0201, 0x0201, 0x0201, 0x0201, 0x0201, 0x0201, 0x0201,
    0x0201, 0x0201, 0x0201, 0x0201, 0x0201, 0x0201, 0x0201, 0x0201, 0x0201, 0x0201,
    0x0201, 0x0201, 0x0201, 0x0201, 0x0201, 0x0201, 0x0201, 0x0201, 0x0201, 0x0201,
    0x0201, 0x0201, 0x0201, 0x0201, 0x0201, 0x0201, 0x0201, 0x0201, 0x0201, 0x0201,
    0x0201, 0x261E, 0x260C, 0x260D, 0x260E, 0x260F, 0x260C, 0x260D, 0x260E, 0x260F,
    0x260C, 0x260D, 0x260E, 0x260F, 0x260C, 0x260D, 0x260E, 0x260F, 0x260C, 0x260D,
    0x260E, 0x0606, 0x0606, 0x0606, 0x0606, 0x0606, 0x0201, 0x0201, 0x0201, 0x0201,
    0x0201, 0x0201, 0x0201, 0x0201, 0x0201, 0x0201, 0x0201, 0x0201, 0x0201, 0x0201,
    0x0201, 0x0201, 0x0201, 0x0201, 0x0201, 0x0201, 0x0201, 0x0201, 0x0201, 0x0201,
    0x0201, 0x0201, 0x0201, 0x0201, 0x0608, 0x0608, 0x0608, 0x0605, 0x0605, 0x0605,
    0x0605, 0x0605, 0x0606, 0x0605, 0x0605, 0x0605, 0x2623, 0x0606, 0x0605, 0x0605,
    0x0605, 0x0605, 0x0606, 0x0605, 0x0605, 0x0605, 0x0605, 0x0606, 0x0605, 0x0605,
    0x0605, 0x0605, 0x0606, 0x0605, 0x0605, 0x0605, 0x0605, 0x0606, 0x0605, 0x0605,
    0x0605, 0x0605, 0x0606, 0x0605, 0x0605, 0x0605, 0x0605, 0x0606, 0x0605, 0x0605,
    0x0605, 0x0605, 0x0201, 0x0201, 0x0201, 0x0201, 0x0201, 0x0201, 0x0201, 0x0201,
    0x0201, 0x0201, 0x0201, 0x0201, 0x0201, 0x0201, 0x0201, 0x0201, 0x0201, 0x0201,
    0x0201, 0x0201, 0x0201, 0x0201, 0x0201, 0x0201, 0x0201, 0x0201, 0x0201, 0x0201,
    0x0201, 0x0201, 0x0201, 0x0201, 0x260C, 0x260D, 0x260E, 0x260F, 0x260C, 0x260D,
    0x260E, 0x260F, 0x260C, 0x260D, 0x260E, 0x260F, 0x260C, 0x260D, 0x260E, 0x260F,
    0x260C, 0x260D, 0x260E, 0x0201, 0x0606, 0x0606, 0x0606, 0x0606, 0x0201, 0x0201,
    0x0201, 0x0201, 0x0201, 0x0201, 0x0201, 0x0201, 0x0201, 0x0201, 0x0201, 0x0201,
    0x0201, 0x0201, 0x0201, 0x0201, 0x0201, 0x0201, 0x0201, 0x0201, 0x0201, 0x0201,
    0x0201, 0x0201, 0x0201, 0x0201, 0x0201, 0x0201, 0x0201, 0x0201, 0x0201, 0x0201,
    0x0201, 0x0201, 0x0201, 0x0201, 0x0201, 0x0201, 0x0201, 0x0201, 0x0201, 0x0201,
    0x0201, 0x0201, 0x0201, 0x0201, 0x0201, 0x0201, 0x0201, 0x0201, 0x0201, 0x0201,
    0x0201, 0x0201, 0x0201, 0x0201, 0x0201, 0x0201, 0x0201, 0x0201, 0x0201, 0x0201,
    0x0201, 0x0201, 0x0201, 0x0201, 0x0201, 0x0201, 0x0201, 0x0201, 0x261B, 0x0201,
    0x0201, 0x0201, 0x0201, 0x0201, 0x0201, 0x0201, 0x0201, 0x0201, 0x0201, 0x0201,
    0x0201, 0x0201, 0x0201, 0x0201, 0x0201, 0x0201, 0x0201, 0x0201, 0x0201, 0x0201,
    0x0201, 0x0201, 0x0201, 0x0201, 0x0201, 0x0201, 0x0201, 0x0201, 0x0201, 0x0201,
    0x260E, 0x260F, 0x260C, 0x260D, 0x260E, 0x260F, 0x260C, 0x260D, 0x260E, 0x260F,
    0x260C, 0x260D, 0x260E, 0x260F, 0x260C, 0x260D, 0x260E, 0x260F, 0x0201, 0x0201,
    0x0201, 0x0201, 0x0201, 0x0201, 0x0201, 0x0201, 0x0201, 0x0201, 0x0201, 0x0201,
    0x0201, 0x0201, 0x0201, 0x0201, 0x0201, 0x0201, 0x0201, 0x0201, 0x0201, 0x0201,
    0x0201, 0x261E, 0x0201, 0x0201, 0x0201, 0x0201, 0x0201, 0x0201, 0x0201, 0x0201,
    0x0201, 0x0201, 0x0201, 0x0201, 0x0201, 0x0201, 0x0201, 0x0201, 0x0201, 0x0201,
    0x0201, 0x0201, 0x0201, 0x0201, 0x0201, 0x0201, 0x0201, 0x0201, 0x0201, 0x0201,
    0x0201, 0x0201, 0x0201, 0x0201, 0x0201, 0x0201, 0x0201, 0x0201, 0x0201, 0x0201,
    0x0201, 0x0201, 0x0201, 0x0201, 0x0201, 0x0201, 0x0201, 0x0201, 0x0201, 0x0201,
    0x0201, 0x0201, 0x0201, 0x260F, 0x260C, 0x260D, 0x260E, 0x260F, 0x260C, 0x260D,
    0x260E, 0x260F, 0x260C, 0x260D, 0x260E, 0x260F, 0x260C, 0x260D, 0x260E, 0x260F,
    0x260C, 0x0201, 0x0201, 0x0201, 0x0201, 0x0201, 0x0201, 0x0201, 0x0201, 0x0201,
    0x0201, 0x0201, 0x0201, 0x0201, 0x0201, 0x0201, 0x0201, 0x0201, 0x0201, 0x0201,
    0x0201, 0x0201, 0x0201, 0x0201, 0x0201, 0x0201, 0x0201, 0x0201, 0x0201, 0x0201,
    0x0201, 0x0201, 0x0201, 0x0201, 0x0201, 0x0201, 0x0201, 0x0201, 0x0201, 0x0201,
    0x0201, 0x0201, 0x0201, 0x0201, 0x0201, 0x0201, 0x0201, 0x0201, 0x0201, 0x0201,
    0x0201, 0x0201, 0x0201, 0x0201, 0x0201, 0x0201, 0x0201, 0x0201, 0x0201, 0x0201,
    0x261C, 0x0201, 0x0201, 0x0201, 0x0201, 0x0201, 0x0201, 0x0201, 0x0201, 0x0201,
    0x0201, 0x0201, 0x0201, 0x0201, 0x0201, 0x0201, 0x0201, 0x0201, 0x0201, 0x0201,
    0x0201, 0x0201, 0x0201, 0x0201, 0x0201, 0x0201, 0x0201, 0x0201, 0x0201, 0x0201,
    0x0201, 0x0201, 0x0201, 0x0201, 0x0201, 0x0201, 0x0201, 0x0201, 0x0201, 0x0201,
    0x0201, 0x0201, 0x0201, 0x0201, 0x0201, 0x0201, 0x0201, 0x0201, 0x0201, 0x0201,
    0x0201, 0x0201, 0x0201, 0x0201, 0x0201, 0x0201, 0x0201, 0x0201, 0x0201, 0x0201,
    0x0201, 0x0201, 0x0201, 0x0201, 0x0201, 0x0201, 0x0201, 0x0201, 0x0201, 0x0201,
    0x0201, 0x0201, 0x0201, 0x0201, 0x0201, 0x0201, 0x0201, 0x0201, 0x0201, 0x0201,
    0x0201, 0x0201, 0x0201, 0x261F, 0x0201, 0x0201, 0x0201, 0x0201, 0x0201, 0x0201,
    0x0201, 0x0201, 0x0201, 0x0201, 0x0201, 0x0201, 0x0201, 0x0201, 0x0201, 0x0201,
    0x0201, 0x0201, 0x0201, 0x0606, 0x0606, 0x0606, 0x0606, 0x0606, 0x0201, 0x0201,
    0x0201, 0x0201, 0x0201, 0x0201, 0x0201, 0x0201, 0x0201, 0x0201, 0x0201, 0x0201,
    0x0201, 0x0201, 0x0201, 0x0201, 0x0201, 0x0201, 0x0201, 0x0201, 0x0201, 0x0201,
    0x0201, 0x0201, 0x0201, 0x0201, 0x0608, 0x0608, 0x0605, 0x0605, 0x0605, 0x0605,
    0x0605, 0x0605, 0x0605, 0x0606, 0x0605, 0x0605, 0x0605, 0x0605, 0x261A, 0x0605,
    0x0605, 0x0605, 0x0605, 0x0606, 0x0605, 0x0605, 0x0605, 0x0605, 0x0606, 0x0605,
    0x0605, 0x0605, 0x0605, 0x0606, 0x0605, 0x0605, 0x0605, 0x0605, 0x0606, 0x0605,
    0x0605, 0x0605, 0x0605, 0x0606, 0x0605, 0x0605, 0x0605, 0x0605, 0x0606, 0x0605,
    0x0605, 0x0605, 0x0605, 0x0606, 0x0201, 0x0201, 0x0201, 0x0201, 0x0201, 0x0201,
    0x0201, 0x0201, 0x0201, 0x0201, 0x0201, 0x0201, 0x0201, 0x0201, 0x0201, 0x0201,
    0x0201, 0x0201, 0x0201, 0x0201, 0x0201, 0x0201, 0x0201, 0x0201, 0x0201, 0x0201,
    0x0201, 0x0201, 0x0201, 0x0201, 0x0201, 0x0201, 0x0201, 0x0201, 0x0201, 0x0201,
    0x0201, 0x0201, 0x0201, 0x0201, 0x0201, 0x0201, 0x0201, 0x0201, 0x0201, 0x0201,
    0x0201, 0x0201, 0x0201, 0x0201, 0x0201, 0x0201, 0x0606, 0x0606, 0x0606, 0x0606,
    0x0201, 0x0201, 0x0201, 0x0201, 0x0201, 0x0201, 0x0201, 0x0201, 0x0201, 0x0201,
    0x0201, 0x0201, 0x0201, 0x0201, 0x0201, 0x0201, 0x0201, 0x0201, 0x0201, 0x0201,
    0x0201, 0x0201, 0x0201, 0x0201, 0x0201, 0x0201, 0x0201, 0x0201, 0x0201, 0x0201,
    0x0201, 0x0201, 0x0201, 0x0201, 0x0201, 0x0201, 0x0201, 0x0201, 0x0201, 0x0201,
    0x0201, 0x0201, 0x0201, 0x0201, 0x0201, 0x0201, 0x0201, 0x0201, 0x0201, 0x0201,
    0x0201, 0x0201, 0x0201, 0x0201, 0x0201, 0x0201, 0x0201, 0x0201, 0x0201, 0x0201,
    0x0201, 0x0201, 0x0201, 0x0201, 0x0201, 0x0201, 0x0201, 0x0201, 0x0201, 0x0201,
    0x261C, 0x0201, 0x0201, 0x0201, 0x0201, 0x0201, 0x0201, 0x0201, 0x0201, 0x0201,
    0x0201, 0x0201, 0x0201, 0x0201, 0x0201, 0x0201, 0x0201, 0x0201, 0x0201, 0x0201,
    0x0201, 0x0201, 0x0201, 0x0201, 0x0201, 0x0201, 0x0201, 0x0201, 0x0201, 0x0201,
    0x0201, 0x0201, 0x0201, 0x0201, 0x0201, 0x0201, 0x0201, 0x0201, 0x0201, 0x0201,
    0x0201, 0x0201, 0x0201, 0x0201, 0x0201, 0x0201, 0x0201, 0x0201, 0x0201, 0x0201,
    0x0201, 0x0201, 0x0201, 0x0201, 0x0201, 0x0201, 0x0201, 0x0201, 0x0201, 0x0201,
    0x0201, 0x0201, 0x0201, 0x0201, 0x0201, 0x0201, 0x0201, 0x0201, 0x0201, 0x0201,
    0x0201, 0x0201, 0x0201, 0x261F, 0x0201, 0x0201, 0x0201, 0x0201, 0x0201, 0x0201,
    0x0201, 0x0201, 0x0201, 0x0201, 0x0201, 0x0201, 0x0201, 0x0201, 0x0201, 0x0201,
    0x0201, 0x0201, 0x0201, 0x0201, 0x0201, 0x0201, 0x0201, 0x0201, 0x0201, 0x0201,
    0x0201, 0x0201, 0x0201, 0x0201, 0x0201, 0x0201, 0x0201, 0x0201, 0x0201, 0x0201,
    0x0201, 0x0201, 0x0201, 0x0201, 0x0201, 0x0201, 0x0201, 0x0201, 0x0201, 0x0201,
    0x0201, 0x0201, 0x0201, 0x0201, 0x0201, 0x0201, 0x0201, 0x0201, 0x0201, 0x0201,
    0x0201, 0x0201, 0x0201, 0x0201, 0x0201, 0x0201, 0x0201, 0x0201, 0x0201, 0x0201,
    0x0201, 0x0201, 0x0201, 0x0201, 0x0201, 0x0201, 0x0201, 0x0201, 0x0201, 0x0201,
    0x0201, 0x0201, 0x0201, 0x0201, 0x0201, 0x0201, 0x0201, 0x0201, 0x0201, 0x0201,
    0x0201, 0x0201, 0x0201, 0x0201, 0x0201, 0x0201, 0x0201, 0x0201, 0x0201, 0x0201,
    0x0201, 0x0201, 0x0201, 0x0201, 0x0201, 0x0201, 0x0201, 0x0201, 0x0201, 0x0201,
    0x0201, 0x0201, 0x0201, 0x0201, 0x0608, 0x0608, 0x0608, 0x0608, 0x0604, 0x0604,
    0x0604, 0x0604, 0x0604, 0x0604, 0x0604, 0x0604, 0x0604, 0x0604, 0x0604, 0x0604,
    0x0604, 0x0604, 0x261D, 0x0604, 0x0604, 0x0604, 0x0604, 0x0604, 0x0604, 0x0604,
    0x0604, 0x0604, 0x0604, 0x0604, 0x0604, 0x0604, 0x0604, 0x0604, 0x0604, 0x0604,
    0x0604, 0x0604, 0x0604, 0x0604, 0x0604, 0x0604, 0x0604, 0x0604, 0x0604, 0x0604,
    0x0604, 0x0604, 0x0604, 0x0604, 0x0604, 0x0604, 0x0604, 0x0604, 0x0604, 0x0604,
    0x0604, 0x0609, 0x0609, 0x0609, 0x0609, 0x0609, 0x0201, 0x0201, 0x0201, 0x0201,
    0x0201, 0x0201, 0x0201, 0x0201, 0x0201, 0x0201, 0x0201, 0x0201, 0x0201, 0x0201,
    0x0201, 0x0201, 0x0201, 0x0201, 0x0201, 0x0201, 0x0201, 0x0201, 0x0201, 0x0201,
    0x0201, 0x0201, 0x0201, 0x0201, 0x0201, 0x0201, 0x0201, 0x0201, 0x0201, 0x0201,
    0x0201, 0x0201, 0x0201, 0x0201, 0x0201, 0x2620, 0x0201, 0x0201, 0x0201, 0x0201,
    0x0201, 0x0201, 0x0201, 0x0201, 0x0201, 0x0201, 0x0201, 0x0201, 0x0201, 0x0201,
    0x0201, 0x0201, 0x0201, 0x0201, 0x0201, 0x0606, 0x0606, 0x0606, 0x0606, 0x0606,
    0x0201, 0x0201, 0x0201, 0x0201, 0x0201, 0x0201, 0x0201, 0x0201, 0x0201, 0x0201,
    0x0201, 0x0201, 0x0201, 0x0201, 0x0201, 0x0201, 0x0201, 0x0201, 0x0201, 0x0201,
    0x0201, 0x0201, 0x0201, 0x0608, 0x0608, 0x0608, 0x0605, 0x0605, 0x0605, 0x0605,
    0x0605, 0x0605, 0x0605, 0x0605, 0x0606, 0x0605, 0x0605, 0x0605, 0x0605, 0x0606,
    0x261B, 0x0605, 0x0605, 0x0605, 0x0606, 0x0605, 0x0605, 0x0605, 0x0605, 0x0606,
    0x0605, 0x0605, 0x0605, 0x0605, 0x0606, 0x0605, 0x0605, 0x0605, 0x0605, 0x0606,
    0x0605, 0x0605, 0x0605, 0x0605, 0x0606, 0x0605, 0x0605, 0x0605, 0x0605, 0x0606,
    0x0605, 0x0605, 0x0605, 0x0605, 0x0606, 0x0605, 0x0201, 0x0201, 0x0201, 0x0201,
    0x0201, 0x0201, 0x0201, 0x0201, 0x0201, 0x0201, 0x0201, 0x0201, 0x0201, 0x0201,
    0x0201, 0x0201, 0x0201, 0x0201, 0x0201, 0x0201, 0x0201, 0x0201, 0x0201, 0x0201,
    0x0201, 0x0201, 0x0201, 0x0201, 0x0201, 0x0201, 0x0201, 0x0201, 0x0201, 0x0201,
    0x0201, 0x0201, 0x0201, 0x0201, 0x0201, 0x0201, 0x0201, 0x0201, 0x0201, 0x0201,
    0x0201, 0x0201, 0x0201, 0x0201, 0x0201, 0x0201, 0x0201, 0x0201, 0x0606, 0x0606,
    0x0606, 0x0606, 0x0201, 0x0201, 0x0201, 0x0201, 0x0201, 0x0201, 0x0201, 0x0201,
    0x0201, 0x0201, 0x0201, 0x0201, 0x0201, 0x0201, 0x0201, 0x0201, 0x0201, 0x0201,
    0x0201, 0x0201, 0x0201, 0x0201, 0x0201, 0x0201, 0x0201, 0x0201, 0x0201, 0x0201,
    0x0201, 0x0201, 0x0201, 0x0201, 0x0201, 0x0201, 0x0201, 0x0201, 0x0201, 0x0201,
    0x0201, 0x0201, 0x0201, 0x0201, 0x0201, 0x0201, 0x0201, 0x0201, 0x0201, 0x0201,
    0x0201, 0x0201, 0x0201, 0x0201, 0x0201, 0x0201, 0x0201, 0x0201, 0x0201, 0x0201,
    0x0201, 0x0201, 0x0201, 0x0201, 0x0201, 0x0201, 0x0201, 0x0201, 0x0201, 0x0201,
    0x0201, 0x0201, 0x261D, 0x0201, 0x0201, 0x0201, 0x0201, 0x0201, 0x0201, 0x0201,
    0x0201, 0x0201, 0x0201, 0x0201, 0x0201, 0x0201, 0x0201, 0x0201, 0x0201, 0x0201,
    0x0201, 0x0201, 0x0201, 0x0201, 0x0201, 0x0201, 0x0201, 0x0201, 0x0201, 0x0201,
    0x0201, 0x0201, 0x0201, 0x0201, 0x0201, 0x0201, 0x0201, 0x0201, 0x0201, 0x0201,
    0x0201, 0x0201, 0x0201, 0x0201, 0x0201, 0x0201, 0x0201, 0x0201, 0x0201, 0x0201,
    0x0201, 0x0201, 0x0201, 0x0201, 0x0201, 0x0201, 0x0201, 0x0201, 0x0201, 0x0201,
    0x0201, 0x0201, 0x0201, 0x0201, 0x0201, 0x0201, 0x0201, 0x0201, 0x0201, 0x0201,
    0x0201, 0x0201, 0x0201, 0x0201, 0x0201, 0x2620, 0x0201, 0x0201, 0x0201, 0x0201,
    0x0201, 0x0201, 0x0201, 0x0201, 0x0201, 0x0201, 0x0201, 0x0201, 0x0201, 0x0201,
    0x0201, 0x0201, 0x0201, 0x0201, 0x0201, 0x0201, 0x0201, 0x0201, 0x0201, 0x0201,
    0x0201, 0x0201, 0x0201, 0x0201, 0x0201, 0x0201, 0x0201, 0x0201, 0x0201, 0x0201,
    0x0201, 0x0201, 0x0201, 0x0201, 0x0201, 0x0201, 0x0201, 0x0201, 0x0201, 0x0201,
    0x0201, 0x0201, 0x0201, 0x0201, 0x0201, 0x0201, 0x0201, 0x0201, 0x0201, 0x0201,
    0x0201, 0x0201, 0x0201, 0x0201, 0x0201, 0x0201, 0x0201, 0x0201, 0x0201, 0x0201,
    0x0201, 0x0201, 0x0201, 0x0201, 0x0201, 0x0201, 0x0201, 0x0201, 0x0201, 0x0201,
    0x0201, 0x0201, 0x0201, 0x0201, 0x0201, 0x0201, 0x0201, 0x0201, 0x0201, 0x0201,
    0x0201, 0x0201, 0x0201, 0x0201, 0x0201, 0x0201, 0x0201, 0x0201, 0x0201, 0x0201,
    0x0201, 0x0201, 0x0201, 0x0201, 0x0201, 0x0201, 0x0201, 0x0201, 0x0201, 0x0201,
    0x0201, 0x0201, 0x0608, 0x0608, 0x0608, 0x0608, 0x0605, 0x0605, 0x0605, 0x0605,
    0x0606, 0x0605, 0x0605, 0x0605, 0x0605, 0x0606, 0x0605, 0x0605, 0x0605, 0x0605,
    0x0606, 0x0605, 0x0605, 0x0605, 0x0605, 0x0606, 0x0605, 0x0605, 0x0605, 0x0605,
    0x0606, 0x0605, 0x0605, 0x0605, 0x0605, 0x0606, 0x0605, 0x0605, 0x0605, 0x0605,
    0x0606, 0x0605, 0x0605, 0x0605, 0x0605, 0x0606, 0x0605, 0x0605, 0x0605, 0x0605,
    0x0606, 0x0605, 0x0605, 0x0605, 0x0605, 0x0606, 0x0605, 0x0605, 0x0605, 0x0605,
    0x0606, 0x0605, 0x0605, 0x0605, 0x0605, 0x0605, 0x0605, 0x0605, 0x0609, 0x0609,
    0x0609, 0x0609, 0x0201, 0x0201, 0x0201, 0x0201, 0x0201, 0x0201, 0x0201, 0x0201,
    0x0201, 0x0201, 0x0201, 0x0201, 0x0201, 0x0201, 0x0201, 0x0201, 0x0201, 0x0201,
    0x0201, 0x0201, 0x0201, 0x0201, 0x0201, 0x0201, 0x0201, 0x0201, 0x0201, 0x0201,
    0x0201, 0x0201, 0x0201, 0x0201, 0x0201, 0x0201, 0x0201, 0x0201, 0x0201, 0x0201,
    0x0201, 0x0201, 0x0201, 0x0201, 0x0201, 0x0201, 0x0201, 0x0201, 0x0201, 0x0201,
    0x0201, 0x0201, 0x0201, 0x0201, 0x0201, 0x0201, 0x0201, 0x0606, 0x0606, 0x0606,
    0x0606, 0x0606, 0x0201, 0x0201, 0x0201, 0x0201, 0x0201, 0x0201, 0x0201, 0x0201,
    0x0201, 0x0201, 0x0201, 0x0201, 0x0201, 0x0201, 0x0201, 0x0201, 0x0201, 0x0201,
    0x0201, 0x0201, 0x0201, 0x0608, 0x0608, 0x0605, 0x0605, 0x0605, 0x0605, 0x0605,
    0x0605, 0x0605, 0x0605, 0x0605, 0x0605, 0x0606, 0x0605, 0x0605, 0x0605, 0x0605,
    0x0606, 0x0605, 0x0605, 0x0605, 0x0605, 0x0606, 0x0605, 0x0605, 0x0605, 0x0605,
    0x0606, 0x0605, 0x0605, 0x0605, 0x0605, 0x0606, 0x0605, 0x0605, 0x0605, 0x0605,
    0x0606, 0x0605, 0x0605, 0x0605, 0x0605, 0x0606, 0x0605, 0x0605, 0x0605, 0x0605,
    0x0606, 0x0605, 0x0605, 0x0605, 0x0605, 0x0606, 0x0605, 0x0605, 0x0201, 0x0201,
    0x0201, 0x0201, 0x0201, 0x0201, 0x0201, 0x0201, 0x0201, 0x0201, 0x0201, 0x0201,
    0x0201, 0x0201, 0x0201, 0x0201, 0x0201, 0x0201, 0x0201, 0x0201, 0x0201, 0x0201,
    0x0201, 0x0201, 0x0201, 0x0201, 0x0201, 0x0201, 0x0201, 0x0201, 0x0201, 0x0201,
    0x0201, 0x0201, 0x0201, 0x0201, 0x0201, 0x0201, 0x0201, 0x0201, 0x0201, 0x0201,
    0x0201, 0x0201, 0x0201, 0x0201, 0x0201, 0x0201, 0x0201, 0x0201, 0x0201, 0x0201,
    0x0606, 0x0606, 0x0606, 0x0606, 0x0201, 0x0201, 0x0201, 0x0201, 0x0201, 0x0201,
    0x0201, 0x0201, 0x0201, 0x0201, 0x0201, 0x0201, 0x0201, 0x0201, 0x0201, 0x0201,
    0x0201, 0x0201, 0x0201, 0x0201, 0x0201, 0x0201, 0x0201, 0x0201, 0x0201, 0x0201,
    0x0201, 0x0201, 0x0201, 0x0201, 0x0201, 0x0604, 0x0604, 0x0604, 0x0604, 0x0604,
    0x0604, 0x0604, 0x0604, 0x0604, 0x0604, 0x0604, 0x0604, 0x0604, 0x0604, 0x0604,
    0x0604, 0x0604, 0x0604, 0x0604, 0x0604, 0x0604, 0x0604, 0x0604, 0x0604, 0x0604,
    0x0604, 0x0604, 0x0604, 0x0604, 0x0604, 0x0604, 0x0604, 0x0604, 0x0604, 0x0604,
    0x0604, 0x0604, 0x0604, 0x0201, 0x0201, 0x0201, 0x0201, 0x0201, 0x0201, 0x0201,
    0x0201, 0x0201, 0x0201, 0x0201, 0x0201, 0x0201, 0x0201, 0x0201, 0x0201, 0x0201,
    0x0201, 0x0201, 0x0201, 0x0201, 0x0201, 0x0201, 0x0201, 0x0201, 0x0201, 0x0201,
    0x0201, 0x0201, 0x0201, 0x0201, 0x0201, 0x0201, 0x0201, 0x0201, 0x0201, 0x0201,
    0x0201, 0x0201, 0x0201, 0x0201, 0x0201, 0x0201, 0x0201, 0x0201, 0x0201, 0x0201,
    0x0201, 0x0201, 0x0201, 0x0201, 0x0201, 0x0201, 0x0201, 0x0201, 0x0201, 0x0201,
    0x0201, 0x0201, 0x0201, 0x0201, 0x0201, 0x0201, 0x0201, 0x0201, 0x0201, 0x0201,
    0x0201, 0x0201, 0x0201, 0x0201, 0x0201, 0x0201, 0x0201, 0x0201, 0x0201, 0x0201,
    0x0201, 0x0201, 0x0201, 0x0201, 0x0201, 0x0201, 0x0201, 0x0201, 0x0201, 0x0201,
    0x0201, 0x0201, 0x0201, 0x0201, 0x0201, 0x0201, 0x0201, 0x0201, 0x0201, 0x0201,
    0x0201, 0x0201, 0x0201, 0x0201, 0x0201, 0x0201, 0x0201, 0x0201, 0x0201, 0x0201,
    0x0201, 0x0201, 0x0201, 0x0201, 0x0201, 0x0201, 0x0201, 0x0201, 0x0201, 0x0201,
    0x0201, 0x0201, 0x0201, 0x0201, 0x0201, 0x0201, 0x0201, 0x0201, 0x0201, 0x0201,
    0x0201, 0x0201, 0x0201, 0x0201, 0x0201, 0x0201, 0x0201, 0x0201, 0x0201, 0x0201,
    0x0201, 0x0201, 0x0201, 0x0201, 0x0201, 0x0201, 0x0201, 0x0201, 0x0201, 0x0201,
    0x0201, 0x0201, 0x0201, 0x0201, 0x0201, 0x0201, 0x0201, 0x0201, 0x0201, 0x0201,
    0x0201, 0x0201, 0x0201, 0x0201, 0x0201, 0x0201, 0x0201, 0x0201, 0x0201, 0x0201,
    0x0201, 0x0201, 0x0201, 0x0201, 0x0201, 0x0201, 0x0201, 0x0201, 0x0201, 0x0201,
    0x0608, 0x0608, 0x0608, 0x0608, 0x0605, 0x0605, 0x0605, 0x0605, 0x0605, 0x0605,
    0x0605, 0x0605, 0x0605, 0x0605, 0x0605, 0x0605, 0x0606, 0x0605, 0x0605, 0x0605,
    0x0605, 0x0606, 0x0605, 0x0605, 0x0605, 0x0605, 0x0606, 0x0605, 0x0605, 0x0605,
    0x0605, 0x0606, 0x0605, 0x0605, 0x0605, 0x0605, 0x0606, 0x0605, 0x0605, 0x0605,
    0x0605, 0x0606, 0x0605, 0x0605, 0x0605, 0x0605, 0x0606, 0x0605, 0x0605, 0x0605,
    0x0605, 0x0606, 0x0605, 0x0605, 0x0605, 0x0605, 0x0606, 0x0605, 0x0605, 0x0605,
    0x0605, 0x0606, 0x0605, 0x0605, 0x0605, 0x0605, 0x0605, 0x0605, 0x0605, 0x0605,
    0x0605, 0x0605, 0x0605, 0x0605, 0x0609, 0x0609, 0x0609, 0x0609, 0x0201, 0x0201,
    0x0201, 0x0201, 0x0201, 0x0201, 0x0201, 0x0201, 0x0201, 0x0201, 0x0201, 0x0201,
    0x0201, 0x0201, 0x0201, 0x0201, 0x0201, 0x0201, 0x0201, 0x0201, 0x0201, 0x0201,
    0x0201, 0x0201, 0x0201, 0x0201, 0x0201, 0x0201, 0x0201, 0x0201, 0x0201, 0x0201,
    0x0201, 0x0201, 0x0201, 0x0201, 0x0201, 0x0201, 0x0201, 0x0201, 0x0201, 0x0201,
    0x0201, 0x0201, 0x0201, 0x0201, 0x0201, 0x0201, 0x0201, 0x0201, 0x0201, 0x0606,
    0x0606, 0x0606, 0x0606, 0x0606, 0x0201, 0x0201, 0x0201, 0x0201, 0x0201, 0x0201,
    0x0201, 0x0201, 0x0201, 0x0201, 0x0201, 0x0201, 0x0201, 0x0201, 0x0201, 0x0201,
    0x0201, 0x0201, 0x0608, 0x0608, 0x0608, 0x0605, 0x0605, 0x0605, 0x0605, 0x0605,
    0x0605, 0x0605, 0x0605, 0x0605, 0x0605, 0x0605, 0x0605, 0x0605, 0x0605, 0x0605,
    0x0605, 0x0606, 0x0605, 0x0605, 0x0605, 0x0605, 0x0606, 0x0605, 0x0605, 0x0605,
    0x0605, 0x0606, 0x0605, 0x0605, 0x0605, 0x0605, 0x0606, 0x0605, 0x0605, 0x0605,
    0x0605, 0x0606, 0x0605, 0x0605, 0x0605, 0x0605, 0x0606, 0x0605, 0x0605, 0x0605,
    0x0605, 0x0606, 0x0605, 0x0605, 0x0605, 0x0605, 0x0606, 0x0605, 0x0605, 0x0605,
    0x0201, 0x0201, 0x0201, 0x0201, 0x0201, 0x0201, 0x0201, 0x0201, 0x0201, 0x0201,
    0x0201, 0x0201, 0x0201, 0x0201, 0x0201, 0x0201, 0x0201, 0x0201, 0x0201, 0x0201,
    0x0201, 0x0201, 0x0201, 0x0201, 0x0201, 0x0201, 0x0201, 0x0201, 0x0201, 0x0201,
    0x0201, 0x0201, 0x0201, 0x0201, 0x0201, 0x0201, 0x0201, 0x0201, 0x0201, 0x0201,
    0x0201, 0x0201, 0x0201, 0x0201, 0x0201, 0x0201, 0x0201, 0x0201, 0x0201, 0x0201,
    0x0201, 0x0201, 0x0606, 0x0606, 0x0606, 0x0606, 0x0201, 0x0201, 0x0201, 0x0201,
    0x0201, 0x0201, 0x0201, 0x0201, 0x0201, 0x0201, 0x0201, 0x0201, 0x0201, 0x0201,
    0x0201, 0x0201, 0x0201, 0x0201, 0x0201, 0x0201, 0x0201, 0x0201, 0x0201, 0x0201,
    0x0201, 0x0201, 0x0201, 0x0201, 0x0201, 0x0201, 0x0201, 0x0605, 0x0605, 0x0605,
    0x0605, 0x0606, 0x0605, 0x0605, 0x0605, 0x0605, 0x0606, 0x0605, 0x0605, 0x0605,
    0x0605, 0x0606, 0x0605, 0x0605, 0x0605, 0x0605, 0x0606, 0x0605, 0x0605, 0x0605,
    0x0605, 0x0606, 0x0605, 0x0605, 0x0605, 0x0605, 0x0606, 0x0605, 0x0605, 0x0605,
    0x0605, 0x0606, 0x0605, 0x0605, 0x0605, 0x0201, 0x0201, 0x0201, 0x0201, 0x0201,
    0x0201, 0x0201, 0x0201, 0x0201, 0x0201, 0x0201, 0x0201, 0x0201, 0x0201, 0x0201,
    0x0201, 0x0201, 0x0201, 0x0201, 0x0201, 0x0201, 0x0201, 0x0201, 0x0201, 0x0201,
    0x0201, 0x0201, 0x0201, 0x0201, 0x0201, 0x0201, 0x0201, 0x0201, 0x0201, 0x0201,
    0x0201, 0x0201, 0x0201, 0x0201, 0x0201, 0x0201, 0x0201, 0x0201, 0x0201, 0x0201,
    0x0201, 0x0201, 0x0201, 0x0201, 0x0201, 0x0201, 0x0201, 0x0201, 0x0201, 0x0201,
    0x0201, 0x0201, 0x0201, 0x0201, 0x0201, 0x0201, 0x0201, 0x0201, 0x0201, 0x0201,
    0x0201, 0x0201, 0x0201, 0x0201, 0x0201, 0x0201, 0x0201, 0x0201, 0x0201, 0x0201,
    0x0201, 0x0201, 0x0201, 0x0201, 0x0201, 0x0201, 0x0201, 0x0201, 0x0201, 0x0201,
    0x0201, 0x0201, 0x0201, 0x0201, 0x0201, 0x0201, 0x0201, 0x0201, 0x0201, 0x0201,
    0x0201, 0x0201, 0x0201, 0x0201, 0x0201, 0x0201, 0x0201, 0x0201, 0x0201, 0x0201,
    0x0201, 0x0201, 0x0201, 0x0201, 0x0201, 0x0201, 0x0201, 0x0201, 0x0201, 0x0201,
    0x0201, 0x0201, 0x0201, 0x0201, 0x0201, 0x0201, 0x0201, 0x0201, 0x0201, 0x0201,
    0x0201, 0x0201, 0x0201, 0x0201, 0x0201, 0x0201, 0x0201, 0x0201, 0x0201, 0x0201,
    0x0201, 0x0201, 0x0201, 0x0201, 0x0201, 0x0201, 0x0201, 0x0201, 0x0201, 0x0201,
    0x0201, 0x0201, 0x0201, 0x0201, 0x0201, 0x0201, 0x0201, 0x0201, 0x0201, 0x0201,
    0x0201, 0x0201, 0x0201, 0x0201, 0x0201, 0x0201, 0x0201, 0x0201, 0x0201, 0x0201,
    0x0201, 0x0201, 0x0201, 0x0201, 0x0201, 0x0201, 0x0201, 0x0201, 0x0608, 0x0608,
    0x0608, 0x0608, 0x0605, 0x0605, 0x0605, 0x0605, 0x0605, 0x0605, 0x0605, 0x0605,
    0x0605, 0x0605, 0x0605, 0x0605, 0x0605, 0x0605, 0x0605, 0x0606, 0x0605, 0x0605,
    0x0605, 0x0605, 0x0606, 0x0605, 0x0605, 0x0605, 0x0605, 0x0606, 0x0605, 0x0605,
    0x0605, 0x0605, 0x0606, 0x0605, 0x0605, 0x0605, 0x0605, 0x0606, 0x0605, 0x0605,
    0x0605, 0x0605, 0x0606, 0x0605, 0x0605, 0x0605, 0x0605, 0x0606, 0x0605, 0x0605,
    0x0605, 0x0605, 0x0606, 0x0605, 0x0605, 0x0605, 0x0605, 0x0606, 0x0605, 0x0605,
    0x0605, 0x0605, 0x0606, 0x0605, 0x0605, 0x0605, 0x0605, 0x0605, 0x0605, 0x0605,
    0x0605, 0x0605, 0x0605, 0x0605, 0x0605, 0x0605, 0x0605, 0x0605, 0x0605, 0x0605,
    0x0609, 0x0609, 0x0609, 0x0609, 0x0201, 0x0201, 0x0201, 0x0201, 0x0201, 0x0201,
    0x0201, 0x0201, 0x0201, 0x0201, 0x0201, 0x0201, 0x0201, 0x0201, 0x0201, 0x0201,
    0x0201, 0x0201, 0x0201, 0x0201, 0x0201, 0x0201, 0x0201, 0x0201, 0x0201, 0x0201,
    0x0201, 0x0201, 0x0201, 0x0201, 0x0201, 0x0201, 0x0201, 0x0201, 0x0201, 0x0201,
    0x0201, 0x0201, 0x0201, 0x0201, 0x0201, 0x0201, 0x0201, 0x0201, 0x0201, 0x0201,
    0x0201, 0x0606, 0x0606, 0x0606, 0x0606, 0x0606, 0x0201, 0x0201, 0x0201, 0x0201,
    0x0201, 0x0201, 0x0201, 0x0201, 0x0201, 0x0201, 0x0201, 0x0201, 0x0201, 0x0201,
    0x0201, 0x0201, 0x0608, 0x0608, 0x0605, 0x0605, 0x0605, 0x0605, 0x0605, 0x0605,
    0x0605, 0x0605, 0x0605, 0x0605, 0x0605, 0x0605, 0x0605, 0x0605, 0x0605, 0x0605,
    0x0605, 0x0605, 0x0606, 0x0605, 0x0605, 0x0605, 0x0605, 0x0606, 0x0605, 0x0605,
    0x0605, 0x0605, 0x0606, 0x0605, 0x0605, 0x0605, 0x0605, 0x0606, 0x0605, 0x0605,
    0x0605, 0x0605, 0x0606, 0x0605, 0x0605, 0x0605, 0x0605, 0x0606, 0x0605, 0x0605,
    0x0605, 0x0605, 0x0606, 0x0605, 0x0605, 0x0605, 0x0605, 0x0606, 0x0605, 0x0605,
    0x0605, 0x0605, 0x0201, 0x0201, 0x0201, 0x0201, 0x0201, 0x0201, 0x0201, 0x0201,
    0x0201, 0x0201, 0x0201, 0x0201, 0x0201, 0x0201, 0x0201, 0x0201, 0x0201, 0x0201,
    0x0201, 0x0201, 0x0201, 0x0201, 0x0201, 0x0201, 0x0201, 0x0201, 0x0201, 0x0201,
    0x0201, 0x0201, 0x0201, 0x0201, 0x0201, 0x0201, 0x0201, 0x0201, 0x0201, 0x0201,
    0x0201, 0x0201, 0x0201, 0x0201, 0x0201, 0x0201, 0x0201, 0x0201, 0x0201, 0x0201,
    0x0201, 0x0201, 0x0201, 0x0201, 0x0606, 0x0606, 0x0606, 0x0606, 0x0201, 0x0201,
    0x0201, 0x0201, 0x0201, 0x0201, 0x0201, 0x0201, 0x0201, 0x0201, 0x0201, 0x0201,
    0x0201, 0x0201, 0x0201, 0x0201, 0x0201, 0x0201, 0x0201, 0x0201, 0x0201, 0x0201,
    0x0201, 0x0201, 0x0201, 0x0201, 0x0201, 0x0201, 0x0201, 0x0201, 0x0201, 0x0605,
    0x0605, 0x0605, 0x0606, 0x0605, 0x0605, 0x0605, 0x0605, 0x0606, 0x0605, 0x0605,
    0x0605, 0x0605, 0x0606, 0x0605, 0x0605, 0x0605, 0x0605, 0x0606, 0x0605, 0x0605,
    0x0605, 0x0605, 0x0606, 0x0605, 0x0605, 0x0605, 0x0605, 0x0606, 0x0605, 0x0605,
    0x0605, 0x0605, 0x0606, 0x0605, 0x0605, 0x0605, 0x0605, 0x0201, 0x0201, 0x0201,
    0x0201, 0x0201, 0x0201, 0x0201, 0x0201, 0x0201, 0x0201, 0x0201, 0x0201, 0x0201,
    0x0201, 0x0201, 0x0201, 0x0201, 0x0201, 0x0201, 0x0201, 0x0201, 0x0201, 0x0201,
    0x0201, 0x0201, 0x0201, 0x0201, 0x0201, 0x0201, 0x0201, 0x0201, 0x0201, 0x0201,
    0x0201, 0x0201, 0x0201, 0x0201, 0x0201, 0x0201, 0x0201, 0x0201, 0x0201, 0x0201,
    0x0201, 0x0201, 0x0201, 0x0201, 0x0201, 0x0201, 0x0201, 0x0201, 0x0201, 0x0201,
    0x0201, 0x0201, 0x0201, 0x0201, 0x0201, 0x0201, 0x0201, 0x0201, 0x0201, 0x0201,
    0x0201, 0x0201, 0x0201, 0x0201, 0x0201, 0x0201, 0x0201, 0x0201, 0x0201, 0x0201,
    0x0201, 0x0201, 0x0201, 0x0201, 0x0201, 0x0201, 0x0201, 0x0201, 0x0201, 0x0201,
    0x0201, 0x0201, 0x0201, 0x0201, 0x0201, 0x0201, 0x0201, 0x0201, 0x0201, 0x0201,
    0x0201, 0x0201, 0x0201, 0x0201, 0x0201, 0x0201, 0x0201, 0x0201, 0x0201, 0x0201,
    0x0201, 0x0201, 0x0201, 0x0201, 0x0201, 0x0201, 0x0201, 0x0201, 0x0201, 0x0201,
    0x0201, 0x0201, 0x0201, 0x0201, 0x0201, 0x0201, 0x0201, 0x0201, 0x0201, 0x0201,
    0x0201, 0x0201, 0x0201, 0x0201, 0x0201, 0x0201, 0x0201, 0x0201, 0x0201, 0x0201,
    0x0201, 0x0201, 0x0201, 0x0201, 0x0201, 0x0201, 0x0201, 0x0201, 0x0201, 0x0201,
    0x0201, 0x0201, 0x0201, 0x0201, 0x0201, 0x0201, 0x0201, 0x0201, 0x0201, 0x0201,
    0x0201, 0x0201, 0x0201, 0x0201, 0x0201, 0x0201, 0x0201, 0x0201, 0x0201, 0x0201,
    0x0201, 0x0201, 0x0201, 0x0201, 0x0201, 0x0201, 0x0608, 0x0608, 0x0608, 0x0608,
    0x0605, 0x0605, 0x0605, 0x0605, 0x0605, 0x0605, 0x0605, 0x0605, 0x0605, 0x0605,
    0x0605, 0x0605, 0x0605, 0x0605, 0x0605, 0x0605, 0x0605, 0x0605, 0x0606, 0x0605,
    0x0605, 0x0605, 0x0605, 0x0606, 0x0605, 0x0605, 0x0605, 0x0605, 0x0606, 0x0605,
    0x0605, 0x0605, 0x0605, 0x0606, 0x0605, 0x0605, 0x0605, 0x0605, 0x0606, 0x0605,
    0x0605, 0x0605, 0x0605, 0x0606, 0x0605, 0x0605, 0x0605, 0x0605, 0x0606, 0x0605,
    0x0605, 0x0605, 0x0605, 0x0606, 0x0605, 0x0605, 0x0605, 0x0605, 0x0606, 0x0605,
    0x0605, 0x0605, 0x0605, 0x0606, 0x0605, 0x0605, 0x0605, 0x0605, 0x0606, 0x0605,
    0x0605, 0x0605, 0x0605, 0x0605, 0x0605, 0x0605, 0x0605, 0x0605, 0x0605, 0x0605,
    0x0605, 0x0605, 0x0605, 0x0605, 0x0605, 0x0605, 0x0609, 0x0609, 0x0609, 0x0609,
    0x0609, 0x0201, 0x0201, 0x0201, 0x0201, 0x0201, 0x0201, 0x0201, 0x0201, 0x0201,
    0x0201, 0x0201, 0x0201, 0x0201, 0x0201, 0x0201, 0x0201, 0x0201, 0x0201, 0x0201,
    0x0201, 0x0201, 0x0201, 0x0201, 0x0201, 0x0201, 0x0201, 0x0201, 0x0201, 0x0201,
    0x0201, 0x0201, 0x0201, 0x0201, 0x0201, 0x0201, 0x0201, 0x0201, 0x0201, 0x0201,
    0x0201, 0x0201, 0x0201, 0x0606, 0x0606, 0x0606, 0x0606, 0x0606, 0x0201, 0x0201,
    0x0201, 0x0201, 0x0201, 0x0201, 0x0201, 0x0201, 0x0201, 0x0201, 0x0201, 0x0201,
    0x0201, 0x0608, 0x0608, 0x0608, 0x0605, 0x0605, 0x0605, 0x0605, 0x0605, 0x0605,
    0x0605, 0x0605, 0x0605, 0x0605, 0x0605, 0x0605, 0x0605, 0x0605, 0x0605, 0x0605,
    0x0605, 0x0605, 0x0605, 0x0606, 0x0605, 0x0605, 0x0605, 0x0605, 0x0606, 0x0605,
    0x0605, 0x0605, 0x0605, 0x0606, 0x0605, 0x0605, 0x0605, 0x0605, 0x0606, 0x0605,
    0x0605, 0x0605, 0x0605, 0x0606, 0x0605, 0x0605, 0x0605, 0x0605, 0x0606, 0x0605,
    0x0605, 0x0605, 0x0605, 0x0606, 0x0605, 0x0605, 0x0605, 0x0605, 0x0606, 0x0605,
    0x0605, 0x0605, 0x0605, 0x0606, 0x0201, 0x0201, 0x0201, 0x0201, 0x0201, 0x0201,
    0x0201, 0x0201, 0x0201, 0x0201, 0x0201, 0x0201, 0x0201, 0x0201, 0x0201, 0x0201,
    0x0201, 0x0201, 0x0201, 0x0201, 0x0201, 0x0201, 0x0201, 0x0201, 0x0201, 0x0201,
    0x0201, 0x0201, 0x0201, 0x0201, 0x0201, 0x0201, 0x0201, 0x0201, 0x0201, 0x0201,
    0x0201, 0x0201, 0x0201, 0x0201, 0x0201, 0x0201, 0x0201, 0x0201, 0x0201, 0x0201,
    0x0201, 0x0201, 0x0201, 0x0201, 0x0201, 0x0201, 0x0606, 0x0606, 0x0606, 0x0606,
    0x0201, 0x0201, 0x0201, 0x0201, 0x0201, 0x0201, 0x0201, 0x0201, 0x0201, 0x0201,
    0x0201, 0x0201, 0x0201, 0x0201, 0x0201, 0x0201, 0x0201, 0x0201, 0x0201, 0x0201,
    0x0201, 0x0201, 0x0201, 0x0201, 0x0201, 0x0201, 0x0201, 0x0201, 0x0201, 0x0201,
    0x0201, 0x0605, 0x0605, 0x0606, 0x0605, 0x0605, 0x0605, 0x0605, 0x0606, 0x0605,
    0x0605, 0x0605, 0x0605, 0x0606, 0x0605, 0x0605, 0x0605, 0x0605, 0x0606, 0x0605,
    0x0605, 0x0605, 0x0605, 0x0606, 0x0605, 0x0605, 0x0605, 0x0605, 0x0606, 0x0605,
    0x0605, 0x0605, 0x0605, 0x0606, 0x0605, 0x0605, 0x0605, 0x0605, 0x0606, 0x0201,
    0x0201, 0x0201, 0x0201, 0x0201, 0x0201, 0x0201, 0x0201, 0x0201, 0x0201, 0x0201,
    0x0201, 0x0201, 0x0201, 0x0201, 0x0201, 0x0201, 0x0201, 0x0201, 0x0201, 0x0201,
    0x0201, 0x0201, 0x0201, 0x0201, 0x0201, 0x0201, 0x0201, 0x0201, 0x0201, 0x0201,
    0x0201, 0x0201, 0x0201, 0x0201, 0x0201, 0x0201, 0x0201, 0x0201, 0x0201, 0x0201,
    0x0201, 0x0201, 0x0201, 0x0201, 0x0201, 0x0201, 0x0201, 0x0201, 0x0201, 0x0201,
    0x0201, 0x0201, 0x0201, 0x0201, 0x0201, 0x0201, 0x0201, 0x0201, 0x0201, 0x0201,
    0x0201, 0x0201, 0x0201, 0x0201, 0x0201, 0x0201, 0x0201, 0x0201, 0x0201, 0x0201,
    0x0201, 0x0201, 0x0201, 0x0201, 0x0201, 0x0201, 0x0201, 0x0201, 0x0201, 0x0201,
    0x0201, 0x0201, 0x0201, 0x0201, 0x0201, 0x0201, 0x0201, 0x0201, 0x0201, 0x0201,
    0x0201, 0x0201, 0x0201, 0x0201, 0x0201, 0x0201, 0x0201, 0x0201, 0x0604, 0x0604,
    0x0604, 0x0604, 0x0604, 0x0604, 0x0604, 0x0604, 0x0604, 0x0604, 0x0604, 0x0604,
    0x0604, 0x0604, 0x0604, 0x0604, 0x0604, 0x0604, 0x0604, 0x0604, 0x0604, 0x0604,
    0x0604, 0x0604, 0x0604, 0x0604, 0x0604, 0x0604, 0x0604, 0x0604, 0x0604, 0x0604,
    0x0604, 0x0604, 0x0604, 0x0604, 0x0604, 0x0604, 0x0604, 0x0604, 0x0604, 0x0604,
    0x0604, 0x0604, 0x0604, 0x0604, 0x0604, 0x0604, 0x0604, 0x0604, 0x0604, 0x0604,
    0x0604, 0x0604, 0x0604, 0x0604, 0x0604, 0x0604, 0x0604, 0x0604, 0x0604, 0x0604,
    0x0604, 0x0604, 0x0604, 0x0604, 0x0604, 0x0604, 0x0604, 0x0604, 0x0605, 0x0605,
    0x0605, 0x0605, 0x0605, 0x0605, 0x0605, 0x0605, 0x0605, 0x0605, 0x0605, 0x0605,
    0x0605, 0x0605, 0x0605, 0x0605, 0x0605, 0x0605, 0x0605, 0x0605, 0x0605, 0x0606,
    0x0605, 0x0605, 0x0605, 0x0605, 0x0606, 0x0605, 0x0605, 0x0605, 0x0605, 0x0606,
    0x0605, 0x0605, 0x0605, 0x0605, 0x0606, 0x0605, 0x0605, 0x0605, 0x0605, 0x0606,
    0x0605, 0x0605, 0x0605, 0x0605, 0x0606, 0x0605, 0x0605, 0x0605, 0x0605, 0x0606,
    0x0605, 0x0605, 0x0605, 0x0605, 0x0606, 0x0605, 0x0605, 0x0605, 0x0605, 0x0606,
    0x0605, 0x0605, 0x0605, 0x0605, 0x0606, 0x0605, 0x0605, 0x0605, 0x0605, 0x0606,
    0x0605, 0x0605, 0x0605, 0x0605, 0x0605, 0x0605, 0x0605, 0x0605, 0x0605, 0x0605,
    0x0605, 0x0605, 0x0605, 0x0605, 0x0605, 0x0605, 0x0605, 0x0605, 0x0605, 0x0605,
    0x0605, 0x0605, 0x0605, 0x0201, 0x0201, 0x0201, 0x0201, 0x0201, 0x0201, 0x0201,
    0x0201, 0x0201, 0x0201, 0x0201, 0x0201, 0x0201, 0x0201, 0x0201, 0x0201, 0x0604,
    0x0604, 0x0604, 0x0604, 0x0604, 0x0604, 0x0604, 0x0604, 0x0604, 0x0604, 0x0604,
    0x0604, 0x0604, 0x0604, 0x0604, 0x0604, 0x0604, 0x0604, 0x0604, 0x0604, 0x0604,
    0x0604, 0x0604, 0x0604, 0x0604, 0x0604, 0x0604, 0x0604, 0x0604, 0x0604, 0x0604,
    0x0604, 0x0604, 0x0604, 0x0604, 0x0604, 0x0604, 0x0604, 0x0604, 0x0604, 0x0604,
    0x0604, 0x0604, 0x0604, 0x0605, 0x0605, 0x0605, 0x0605, 0x0605, 0x0605, 0x0605,
    0x0605, 0x0605, 0x0605, 0x0605, 0x0605, 0x0605, 0x0605, 0x0605, 0x0605, 0x0605,
    0x0605, 0x0605, 0x0605, 0x0605, 0x0606, 0x0605, 0x0605, 0x0605, 0x0605, 0x0606,
    0x0605, 0x0605, 0x0605, 0x0605, 0x0606, 0x0605, 0x0605, 0x0605, 0x0605, 0x0606,
    0x0605, 0x0605, 0x0605, 0x0605, 0x0606, 0x0605, 0x0605, 0x0605, 0x0605, 0x0606,
    0x0605, 0x0605, 0x0605, 0x0605, 0x0606, 0x0605, 0x0605, 0x0605, 0x0605, 0x0606,
    0x0605, 0x0605, 0x0605, 0x0605, 0x0606, 0x0605, 0x0201, 0x0201, 0x0201, 0x0201,
    0x0201, 0x0201, 0x0201, 0x0201, 0x0201, 0x0201, 0x0201, 0x0201, 0x0201, 0x0201,
    0x0201, 0x0201, 0x0201, 0x0201, 0x0201, 0x0201, 0x0201, 0x0201, 0x0604, 0x0604,
    0x0604, 0x0604, 0x0604, 0x0604, 0x0604, 0x0604, 0x0604, 0x0604, 0x0604, 0x0604,
    0x0604, 0x0604, 0x0604, 0x0604, 0x0604, 0x0604, 0x0604, 0x0604, 0x0604, 0x0604,
    0x0604, 0x0604, 0x0604, 0x0604, 0x0604, 0x0604, 0x0604, 0x0604, 0x0604, 0x0604,
    0x0604, 0x0604, 0x0604, 0x0604, 0x0604, 0x0604, 0x0604, 0x0604, 0x0604, 0x0604,
    0x0604, 0x0604, 0x0604, 0x0604, 0x0604, 0x0604, 0x0604, 0x0604, 0x0604, 0x0604,
    0x0604, 0x0604, 0x0604, 0x0604, 0x0604, 0x0604, 0x0604, 0x0604, 0x0604, 0x0604,
    0x0604, 0x0604, 0x0604, 0x0605, 0x0606, 0x0605, 0x0605, 0x0605, 0x0605, 0x0606,
    0x0605, 0x0605, 0x0605, 0x0605, 0x0606, 0x0605, 0x0605, 0x0605, 0x0605, 0x0606,
    0x0605, 0x0605, 0x0605, 0x0605, 0x0606, 0x0605, 0x0605, 0x0605, 0x0605, 0x0606,
    0x0605, 0x0605, 0x0605, 0x0605, 0x0606, 0x0605, 0x0605, 0x0605, 0x0605, 0x0606,
    0x0605, 0x0201, 0x0201, 0x0201, 0x0201, 0x0201, 0x0201, 0x0201, 0x0201, 0x0201,
    0x0201, 0x0201, 0x0201, 0x0201, 0x0201, 0x0201, 0x0201, 0x0201, 0x0201, 0x0201,
    0x0201, 0x0201, 0x0201, 0x0201, 0x0201, 0x0604, 0x0604, 0x0604, 0x0604, 0x0604,
    0x0604, 0x0604, 0x0604, 0x0604, 0x0604, 0x0604, 0x0604, 0x0604, 0x0604, 0x0604,
    0x0604, 0x0604, 0x0604, 0x0604, 0x0604, 0x0604, 0x0604, 0x0604, 0x0604, 0x0604,
    0x0604, 0x0604, 0x0604, 0x0604, 0x0604, 0x0604, 0x0604, 0x0604, 0x0604, 0x0604,
    0x0604, 0x0604, 0x0604, 0x0604, 0x0604, 0x0604, 0x0604, 0x0604, 0x0604, 0x0604,
    0x0604, 0x0604, 0x0604, 0x0604, 0x0604, 0x0604, 0x0604, 0x0604, 0x0604, 0x0604,
    0x0604, 0x0604, 0x0604, 0x0604, 0x0604, 0x0604, 0x0604, 0x0604, 0x0604, 0x0604,
    0x0604, 0x0604, 0x0604, 0x0604, 0x0604, 0x0604, 0x0604, 0x0604, 0x0604, 0x0604,
    0x0606, 0x0605, 0x0605, 0x0605, 0x0605, 0x0606, 0x0605, 0x0605, 0x0605, 0x0605,
    0x0606, 0x0605, 0x0605, 0x0605, 0x0605, 0x0606, 0x0605, 0x0605, 0x0605, 0x0605,
    0x0606, 0x0605, 0x0605, 0x0605, 0x0605, 0x0606, 0x0605, 0x0605, 0x0605, 0x0605,
    0x0606, 0x0605, 0x0605, 0x0605, 0x0605, 0x0606, 0x0605, 0x0605, 0x0605, 0x0605,
    0x0606, 0x0605, 0x0605, 0x0605, 0x0605, 0x0606, 0x0605, 0x0605, 0x0605, 0x0605,
    0x0606, 0x0605, 0x0605, 0x0605, 0x0605, 0x0606, 0x0605, 0x0605, 0x0605, 0x0605,
    0x0606, 0x0605, 0x0605, 0x0605, 0x0605, 0x0606, 0x0605, 0x0605, 0x0605, 0x0605,
    0x0605, 0x0605, 0x0605, 0x0605, 0x0605, 0x0605, 0x0605, 0x0605, 0x0605, 0x0605,
    0x0605, 0x0605, 0x0605, 0x0605, 0x0605, 0x0605, 0x0605, 0x0605, 0x0605, 0x0605,
    0x0606, 0x0605, 0x0605, 0x0605, 0x0605, 0x0606, 0x0605, 0x0605, 0x0605, 0x0605,
    0x0606, 0x0605, 0x0605, 0x0605, 0x0605, 0x0606, 0x0605, 0x0605, 0x0605, 0x0605,
    0x0606, 0x0605, 0x0605, 0x0605, 0x0605, 0x0606, 0x0605, 0x0605, 0x0605, 0x0605,
    0x0606, 0x0605, 0x0605, 0x0605, 0x0605, 0x0606, 0x0605, 0x0605, 0x0605, 0x0605,
    0x0606, 0x0605, 0x0605, 0x0605, 0x0605, 0x0606, 0x0605, 0x0605, 0x0605, 0x0605,
    0x0606, 0x0605, 0x0605, 0x0605, 0x0605, 0x0605, 0x0605, 0x0605, 0x0605, 0x0605,
    0x0605, 0x0605, 0x0605, 0x0605, 0x0605, 0x0605, 0x0605, 0x0605, 0x0605, 0x0605,
    0x0605, 0x0605, 0x0605, 0x0605, 0x0605, 0x0201, 0x0201, 0x0201, 0x0201, 0x0201,
    0x0201, 0x0201, 0x0201, 0x0201, 0x0201, 0x0201, 0x0201, 0x0201, 0x0201, 0x0201,
    0x0201, 0x0605, 0x0605, 0x0605, 0x0605, 0x0606, 0x0605, 0x0605, 0x0605, 0x0605,
    0x0606, 0x0605, 0x0605, 0x0605, 0x0605, 0x0606, 0x0605, 0x0605, 0x0605, 0x0605,
    0x0606, 0x0605, 0x0605, 0x0605, 0x0605, 0x0606, 0x0605, 0x0605, 0x0605, 0x0605,
    0x0606, 0x0605, 0x0605, 0x0605, 0x0605, 0x0606, 0x0605, 0x0605, 0x0605, 0x0605,
    0x0606, 0x0605, 0x0605, 0x0605, 0x0605, 0x0605, 0x0605, 0x0605, 0x0605, 0x0605,
    0x0605, 0x0605, 0x0605, 0x0605, 0x0605, 0x0605, 0x0605, 0x0605, 0x0605, 0x0605,
    0x0605, 0x0605, 0x0605, 0x0605, 0x0605, 0x0606, 0x0605, 0x0605, 0x0605, 0x0605,
    0x0606, 0x0605, 0x0605, 0x0605, 0x0605, 0x0606, 0x0605, 0x0605, 0x0605, 0x0605,
    0x0606, 0x0605, 0x0605, 0x0605, 0x0605, 0x0606, 0x0605, 0x0605, 0x0605, 0x0605,
    0x0606, 0x0605, 0x0605, 0x0605, 0x0605, 0x0606, 0x0605, 0x0605, 0x0605, 0x0605,
    0x0606, 0x0605, 0x0605, 0x0605, 0x0605, 0x0606, 0x0605, 0x0605, 0x0201, 0x0201,
    0x0201, 0x0201, 0x0201, 0x0201, 0x0201, 0x0201, 0x0201, 0x0201, 0x0201, 0x0201,
    0x0201, 0x0201, 0x0201, 0x0201, 0x0201, 0x0201, 0x0201, 0x0201, 0x0201, 0x0201,
    0x0606, 0x0605, 0x0605, 0x0605, 0x0605, 0x0606, 0x0605, 0x0605, 0x0605, 0x0605,
    0x0606, 0x0605, 0x0605, 0x0605, 0x0605, 0x0606, 0x0605, 0x0605, 0x0605, 0x0605,
    0x0606, 0x0605, 0x0605, 0x0605, 0x0605, 0x0606, 0x0605, 0x0605, 0x0605, 0x0605,
    0x0606, 0x0605, 0x0605, 0x0605, 0x0605, 0x0606, 0x0605, 0x0605, 0x0605, 0x0605,
    0x0606, 0x0605, 0x0605, 0x0605, 0x0605, 0x0606, 0x0605, 0x0605, 0x0605, 0x0605,
    0x0606, 0x0605, 0x0605, 0x0605, 0x0605, 0x0606, 0x0605, 0x0605, 0x0605, 0x0605,
    0x0606, 0x0605, 0x0605, 0x0605, 0x0605, 0x0606, 0x0605, 0x0605, 0x0605, 0x0605,
    0x0606, 0x0605, 0x0605, 0x0605, 0x0605, 0x0606, 0x0605, 0x0605, 0x0605, 0x0605,
    0x0606, 0x0605, 0x0605, 0x0605, 0x0605, 0x0606, 0x0605, 0x0605, 0x0605, 0x0605,
    0x0606, 0x0605, 0x0605, 0x0605, 0x0605, 0x0606, 0x0605, 0x0605, 0x0605, 0x0605,
    0x0606, 0x0605, 0x0605, 0x0201, 0x0201, 0x0201, 0x0201, 0x0201, 0x0201, 0x0201,
    0x0201, 0x0201, 0x0201, 0x0201, 0x0201, 0x0201, 0x0201, 0x0201, 0x0201, 0x0201,
    0x0201, 0x0201, 0x0201, 0x0201, 0x0201, 0x0201, 0x0201, 0x0605, 0x0605, 0x0605,
    0x0606, 0x0605, 0x0605, 0x0605, 0x0605, 0x0606, 0x0605, 0x0605, 0x0605, 0x0605,
    0x0606, 0x0605, 0x0605, 0x0605, 0x0605, 0x0606, 0x0605, 0x0605, 0x0605, 0x0605,
    0x0606, 0x0605, 0x0605, 0x0605, 0x0605, 0x0606, 0x0605, 0x0605, 0x0605, 0x0605,
    0x0606, 0x0605, 0x0605, 0x0605, 0x0605, 0x0606, 0x0605, 0x0605, 0x0605, 0x0605,
    0x0606, 0x0605, 0x0605, 0x0605, 0x0605, 0x0606, 0x0605, 0x0605, 0x0605, 0x0605,
    0x0606, 0x0605, 0x0605, 0x0605, 0x0605, 0x0606, 0x0605, 0x0605, 0x0605, 0x0605,
    0x0606, 0x0605, 0x0605, 0x0605, 0x0605, 0x0606, 0x0605, 0x0605, 0x0605, 0x0605,
    0x0606, 0x0605, 0x0605, 0x0605, 0x0605, 0x0605, 0x0606, 0x0605, 0x0605, 0x0605,
    0x0605, 0x0606, 0x0605, 0x0605, 0x0605, 0x0605, 0x0606, 0x0605, 0x0605, 0x0605,
    0x0605, 0x0606, 0x0605, 0x0605, 0x0605, 0x0605, 0x0606, 0x0605, 0x0605, 0x0605,
    0x0605, 0x0606, 0x0605, 0x0605, 0x0605, 0x0605, 0x0606, 0x0605, 0x0605, 0x0605,
    0x0605, 0x0606, 0x0605, 0x0605, 0x0605, 0x0605, 0x0606, 0x0605, 0x0605, 0x0605,
    0x0605, 0x0606, 0x0605, 0x0605, 0x0605, 0x0605, 0x0606, 0x0605, 0x0605, 0x0605,
    0x0605, 0x0606, 0x0605, 0x0605, 0x0605, 0x0605, 0x0606, 0x0605, 0x0605, 0x0605,
    0x0605, 0x0606, 0x0605, 0x0605, 0x0605, 0x0605, 0x0605, 0x0605, 0x0605, 0x0605,
    0x0605, 0x0605, 0x0605, 0x0605, 0x0605, 0x0605, 0x0605, 0x0605, 0x0605, 0x0605,
    0x0605, 0x0605, 0x0605, 0x0605, 0x0605, 0x0605, 0x0606, 0x0605, 0x0605, 0x0605,
    0x0605, 0x0606, 0x0605, 0x0605, 0x0605, 0x0605, 0x0606, 0x0605, 0x0605, 0x0605,
    0x0605, 0x0606, 0x0605, 0x0605, 0x0605, 0x0605, 0x0606, 0x0605, 0x0605, 0x0605,
    0x0605, 0x0606, 0x0605, 0x0605, 0x0605, 0x0605, 0x0606, 0x0605, 0x0605, 0x0605,
    0x0605, 0x0606, 0x0605, 0x0605, 0x0605, 0x0605, 0x0606, 0x0605, 0x0605, 0x0605,
    0x0605, 0x0606, 0x0605, 0x0605, 0x0605, 0x0605, 0x0605, 0x0605, 0x0605, 0x0605,
    0x0605, 0x0605, 0x0605, 0x0605, 0x0605, 0x0605, 0x0605, 0x0605, 0x0605, 0x0605,
    0x0605, 0x0605, 0x0605, 0x0605, 0x0605, 0x0605, 0x0605, 0x2610, 0x2610, 0x2610,
    0x2610, 0x2610, 0x2610, 0x2610, 0x2610, 0x2610, 0x2610, 0x2610, 0x2610, 0x2610,
    0x2610, 0x2610, 0x2610, 0x0605, 0x0605, 0x0605, 0x0606, 0x0605, 0x0605, 0x0605,
    0x0605, 0x0606, 0x0605, 0x0605, 0x0605, 0x0605, 0x0606, 0x0605, 0x0605, 0x0605,
    0x0605, 0x0606, 0x0605, 0x0605, 0x0605, 0x0605, 0x0606, 0x0605, 0x0605, 0x0605,
    0x0605, 0x0606, 0x0605, 0x0605, 0x0605, 0x0605, 0x0606, 0x0605, 0x0605, 0x0605,
    0x0605, 0x0606, 0x0605, 0x0605, 0x0605, 0x0605, 0x0606, 0x0605, 0x0605, 0x0605,
    0x0605, 0x0605, 0x0605, 0x0605, 0x0605, 0x0605, 0x0605, 0x0605, 0x0605, 0x0605,
    0x0605, 0x0605, 0x0605, 0x0605, 0x0605, 0x0605, 0x0605, 0x0605, 0x0605, 0x0605,
    0x0605, 0x0606, 0x0605, 0x0605, 0x0605, 0x0605, 0x0606, 0x0605, 0x0605, 0x0605,
    0x0605, 0x0606, 0x0605, 0x0605, 0x0605, 0x0605, 0x0606, 0x0605, 0x0605, 0x0605,
    0x0605, 0x0606, 0x0605, 0x0605, 0x0605, 0x0605, 0x0606, 0x0605, 0x0605, 0x0605,
    0x0605, 0x0606, 0x0605, 0x0605, 0x0605, 0x0605, 0x0606, 0x0605, 0x0605, 0x2612,
    0x2612, 0x2612, 0x2612, 0x2612, 0x2612, 0x2612, 0x2612, 0x2612, 0x2612, 0x2612,
    0x2612, 0x2612, 0x2612, 0x2612, 0x2612, 0x2612, 0x2612, 0x2612, 0x2612, 0x2612,
    0x2612, 0x2612, 0x0605, 0x0605, 0x0605, 0x0605, 0x0606, 0x0605, 0x0605, 0x0605,
    0x0605, 0x0606, 0x0605, 0x0605, 0x0605, 0x0605, 0x0606, 0x0605, 0x0605, 0x0605,
    0x0605, 0x0606, 0x0605, 0x0605, 0x0605, 0x0605, 0x0606, 0x0605, 0x0605, 0x0605,
    0x0605, 0x0606, 0x0605, 0x0605, 0x0605, 0x0605, 0x0606, 0x0605, 0x0605, 0x0605,
    0x0605, 0x0606, 0x0605, 0x0605, 0x0605, 0x0605, 0x0606, 0x0605, 0x0605, 0x0605,
    0x0605, 0x0606, 0x0605, 0x0605, 0x0605, 0x0605, 0x0606, 0x0605, 0x0605, 0x0605,
    0x0605, 0x0606, 0x0605, 0x0605, 0x0605, 0x0605, 0x0606, 0x0605, 0x0605, 0x0605,
    0x0605, 0x0606, 0x0605, 0x0605, 0x0605, 0x0605, 0x0606, 0x0605, 0x0605, 0x0605,
    0x0605, 0x0606, 0x0605, 0x0605, 0x0605, 0x0605, 0x0606, 0x0605, 0x0605, 0x0605,
    0x0605, 0x0606, 0x0605, 0x0605, 0x0605, 0x0605, 0x0606, 0x0605, 0x0605, 0x0605,
    0x0605, 0x0606, 0x0605, 0x0605, 0x2610, 0x2610, 0x2610, 0x2610, 0x2610, 0x2610,
    0x2610, 0x2610, 0x2610, 0x2610, 0x2610, 0x2610, 0x2610, 0x2610, 0x2610, 0x2610,
    0x2610, 0x2610, 0x2610, 0x2610, 0x2610, 0x2610, 0x2610, 0x2610, 0x2610, 0x0605,
    0x0605, 0x0606, 0x0605, 0x0605, 0x0605, 0x0605, 0x0606, 0x0605, 0x0605, 0x0605,
    0x0605, 0x0606, 0x0605, 0x0605, 0x0605, 0x0605, 0x0606, 0x0605, 0x0605, 0x0605,
    0x0605, 0x0606, 0x0605, 0x0605, 0x0605, 0x0605, 0x0606, 0x0605, 0x0605, 0x0605,
    0x0605, 0x0606, 0x0605, 0x0605, 0x0605, 0x0605, 0x0606, 0x0605, 0x0605, 0x0605,
    0x0605, 0x0606, 0x0605, 0x0605, 0x0605, 0x0605, 0x0606, 0x0605, 0x0605, 0x0605,
    0x0605, 0x0606, 0x0605, 0x0605, 0x0605, 0x0605, 0x0606, 0x0605, 0x0605, 0x0605,
    0x0605, 0x0606, 0x0605, 0x0605, 0x0605, 0x0605, 0x0606, 0x0605, 0x0605, 0x0605,
    0x0605, 0x0606, 0x0605, 0x0605, 0x0605, 0x0605, 0x0605, 0x0606, 0x0605, 0x0605,
    0x0605, 0x0605, 0x0606, 0x0605, 0x0605, 0x0605, 0x0605, 0x0606, 0x0605, 0x0605,
    0x0605, 0x0605, 0x0606, 0x0605, 0x0605, 0x0605, 0x0605, 0x0606, 0x0605, 0x0605,
    0x0605, 0x0605, 0x0606, 0x0605, 0x0605, 0x0605, 0x0605, 0x0606, 0x0605, 0x0605,
    0x0605, 0x0605, 0x0606, 0x0605, 0x0605, 0x0605, 0x0605, 0x0606, 0x0605, 0x0605,
    0x0605, 0x0605, 0x0606, 0x0605, 0x0605, 0x0605, 0x0605, 0x0606, 0x0605, 0x0605,
    0x0605, 0x0605, 0x0606, 0x0605, 0x0605, 0x0605, 0x0605, 0x0606, 0x0605, 0x0605,
    0x0605, 0x0605, 0x0606, 0x0605, 0x0605, 0x0605, 0x0605, 0x0605, 0x0605, 0x0605,
    0x0605, 0x0605, 0x0605, 0x0605, 0x0605, 0x0605, 0x0605, 0x0605, 0x0605, 0x0605,
    0x0605, 0x0605, 0x0605, 0x0605, 0x0605, 0x0605, 0x0605, 0x0606, 0x0605, 0x0605,
    0x0605, 0x0605, 0x0606, 0x0605, 0x0605, 0x0605, 0x0605, 0x0606, 0x0605, 0x0605,
    0x0605, 0x0605, 0x0606, 0x0605, 0x0605, 0x0605, 0x0605, 0x0606, 0x0605, 0x0605,
    0x0605, 0x0605, 0x0606, 0x0605, 0x0605, 0x0605, 0x0605, 0x0606, 0x0605, 0x0605,
    0x0605, 0x0605, 0x0606, 0x0605, 0x0605, 0x0605, 0x0605, 0x0606, 0x0605, 0x0605,
    0x0605, 0x0605, 0x0606, 0x0605, 0x0605, 0x0605, 0x0605, 0x0605, 0x0605, 0x0605,
    0x0605, 0x0605, 0x0605, 0x0605, 0x0605, 0x0605, 0x0605, 0x0605, 0x0605, 0x0605,
    0x0605, 0x0605, 0x0605, 0x0605, 0x0605, 0x0605, 0x0605, 0x0605, 0x0605, 0x0201,
    0x0201, 0x0201, 0x0201, 0x0201, 0x0201, 0x0201, 0x0201, 0x0201, 0x0201, 0x0201,
    0x0201, 0x0201, 0x0201, 0x0201, 0x0201, 0x0605, 0x0605, 0x0606, 0x0605, 0x0605,
    0x0605, 0x0605, 0x0606, 0x0605, 0x0605, 0x0605, 0x0605, 0x0606, 0x0605, 0x0605,
    0x0605, 0x0605, 0x0606, 0x0605, 0x0605, 0x0605, 0x0605, 0x0606, 0x0605, 0x0605,
    0x0605, 0x0605, 0x0606, 0x0605, 0x0605, 0x0605, 0x0605, 0x0606, 0x0605, 0x0605,
    0x0605, 0x0605, 0x0606, 0x0605, 0x0605, 0x0605, 0x0605, 0x0606, 0x0605, 0x0605,
    0x0605, 0x0605, 0x0605, 0x0605, 0x0605, 0x0605, 0x0605, 0x0605, 0x0605, 0x0605,
    0x0605, 0x0605, 0x0605, 0x0605, 0x0605, 0x0605, 0x0605, 0x0605, 0x0605, 0x0605,
    0x0605, 0x0605, 0x0606, 0x0605, 0x0605, 0x0605, 0x0605, 0x0606, 0x0605, 0x0605,
    0x0605, 0x0605, 0x0606, 0x0605, 0x0605, 0x0605, 0x0605, 0x0606, 0x0605, 0x0605,
    0x0605, 0x0605, 0x0606, 0x0605, 0x0605, 0x0605, 0x0605, 0x0606, 0x0605, 0x0605,
    0x0605, 0x0605, 0x0606, 0x0605, 0x0605, 0x0605, 0x0605, 0x0606, 0x0605, 0x0605,
    0x0605, 0x0605, 0x0201, 0x0201, 0x0201, 0x0201, 0x0201, 0x0201, 0x0201, 0x0201,
    0x0201, 0x0201, 0x0201, 0x0201, 0x0201, 0x0201, 0x0201, 0x0201, 0x0201, 0x0201,
    0x0201, 0x0201, 0x0201, 0x0201, 0x0605, 0x0605, 0x0605, 0x0606, 0x0605, 0x0605,
    0x0605, 0x0605, 0x0606, 0x0605, 0x0605, 0x0605, 0x0605, 0x0606, 0x0605, 0x0605,
    0x0605, 0x0605, 0x0606, 0x0605, 0x0605, 0x0605, 0x0605, 0x0606, 0x0605, 0x0605,
    0x0605, 0x0605, 0x0606, 0x0605, 0x0605, 0x0605, 0x0605, 0x0606, 0x0605, 0x0605,
    0x0605, 0x0605, 0x0606, 0x0605, 0x0605, 0x0605, 0x0605, 0x0606, 0x0605, 0x0605,
    0x0605, 0x0605, 0x0606, 0x0605, 0x0605, 0x0605, 0x0605, 0x0606, 0x0605, 0x0605,
    0x0605, 0x0605, 0x0606, 0x0605, 0x0605, 0x0605, 0x0605, 0x0606, 0x0605, 0x0605,
    0x0605, 0x0605, 0x0606, 0x0605, 0x0605, 0x0605, 0x0605, 0x0606, 0x0605, 0x0605,
    0x0605, 0x0605, 0x0606, 0x0605, 0x0605, 0x0605, 0x0605, 0x0606, 0x0605, 0x0605,
    0x0605, 0x0605, 0x0606, 0x0605, 0x0605, 0x0605, 0x0605, 0x0606, 0x0605, 0x0605,
    0x0605, 0x0605, 0x0606, 0x0605, 0x0605, 0x0605, 0x0605, 0x0201, 0x0201, 0x0201,
    0x0201, 0x0201, 0x0201, 0x0201, 0x0201, 0x0201, 0x0201, 0x0201, 0x0201, 0x0201,
    0x0201, 0x0201, 0x0201, 0x0201, 0x0201, 0x0201, 0x0201, 0x0201, 0x0201, 0x0201,
    0x0201, 0x0605, 0x0606, 0x0605, 0x0605, 0x0605, 0x0605, 0x0606, 0x0605, 0x0605,
    0x0605, 0x0605, 0x0606, 0x0605, 0x0605, 0x0605, 0x0605, 0x0606, 0x0605, 0x0605,
    0x0605, 0x0605, 0x0606, 0x0605, 0x0605, 0x0605, 0x0605, 0x0606, 0x0605, 0x0605,
    0x0605, 0x0605, 0x0606, 0x0605, 0x0605, 0x0605, 0x0605, 0x0606, 0x0605, 0x0605,
    0x0605, 0x0605, 0x0606, 0x0605, 0x0605, 0x0605, 0x0605, 0x0606, 0x0605, 0x0605,
    0x0605, 0x0605, 0x0606, 0x0605, 0x0605, 0x0605, 0x0605, 0x0606, 0x0605, 0x0605,
    0x0605, 0x0605, 0x0606, 0x0605, 0x0605, 0x0605, 0x0605, 0x0606, 0x0605, 0x0605,
    0x0605, 0x0605, 0x0606, 0x0605, 0x0605, 0x0605,
};

const uint16_t platform_map_b[14336] = {
    0x0A00, 0x0A00, 0x0A00, 0x0A00, 0x0A00, 0x0A00, 0x0A00, 0x0A00, 0x0A00, 0x0A00,
    0x0A00, 0x0A00, 0x0A00, 0x0A00, 0x0A00, 0x0A00, 0x0A00, 0x0A00, 0x0A00, 0x0A00,
    0x0A00, 0x0A00, 0x0A00, 0x0A00, 0x0A00, 0x0A00, 0x0A00, 0x0A00, 0x0A00, 0x0A00,
    0x0A00, 0x0A00, 0x0A00, 0x0A00, 0x0A00, 0x0A00, 0x0A00, 0x0A00, 0x0A00, 0x0A00,
    0x0A00, 0x0A00, 0x0A00, 0x0A00, 0x0A00, 0x0A00, 0x0A00, 0x0A00, 0x0A00, 0x0A00,
    0x0A00, 0x0A00, 0x0A00, 0x0A00, 0x0A00, 0x0A00, 0x0A00, 0x0A00, 0x0A00, 0x0A00,
    0x0A00, 0x0A00, 0x0A00, 0x0A00, 0x0A00, 0x0A00, 0x0A00, 0x0A00, 0x0A00, 0x0A00,
    0x0A00, 0x0A00, 0x0A00, 0x0A00, 0x0A00, 0x0A00, 0x0A00, 0x0A00, 0x0A00, 0x0A00,
    0x0A00, 0x0A00, 0x0A00, 0x0A00, 0x0A00, 0x0A00, 0x0A00, 0x0A00, 0x0A00, 0x0A00,
    0x0A00, 0x0A00, 0x0A00, 0x0A00, 0x0A00, 0x0A00, 0x0A00, 0x0A00, 0x0A00, 0x0A00,
    0x0A00, 0x0A00, 0x0A00, 0x0A00, 0x0A00, 0x0A00, 0x0A00, 0x0A00, 0x0A00, 0x0A00,
    0x0A00, 0x0A00, 0x0A00, 0x0A00, 0x0A00, 0x0A00, 0x0A00, 0x0A00, 0x0A00, 0x0A00,
    0x0A00, 0x0A00, 0x0A00, 0x0A00, 0x0A00, 0x0A00, 0x0A00, 0x0A00, 0x0A00, 0x0A00,
    0x0A00, 0x0A00, 0x0A00, 0x0A00, 0x0A00, 0x0A00, 0x0A00, 0x0A00, 0x0A00, 0x0A00,
    0x0A00, 0x0A00, 0x0A00, 0x0A00, 0x0A00, 0x0A00, 0x0A00, 0x0A00, 0x0A00, 0x0A00,
    0x0A00, 0x0A00, 0x0A00, 0x0A00, 0x0A00, 0x0A00, 0x0A00, 0x0A00, 0x0A00, 0x0A00,
    0x0A00, 0x0A00, 0x0A00, 0x0A00, 0x0A00, 0x0A00, 0x0A00, 0x0A00, 0x0A00, 0x0A00,
    0x0A00, 0x0A00, 0x0A00, 0x0A00, 0x0A00, 0x0A00, 0x0A00, 0x0A00, 0x0A00, 0x0A00,
    0x0A00, 0x0A00, 0x0A00, 0x0A00, 0x0A00, 0x0A00, 0x0A00, 0x0A00, 0x0A00, 0x0A00,
    0x0A00, 0x0A00, 0x0A00, 0x0A00, 0x0A00, 0x0A00, 0x0A00, 0x0A00, 0x0A00, 0x0A00,
    0x0A00, 0x0A00, 0x0A00, 0x0A00, 0x0A00, 0x0A00, 0x0A00, 0x0A00, 0x0A00, 0x0A00,
    0x0A00, 0x0A00, 0x0A00, 0x0A00, 0x0A00, 0x0A00, 0x0A00, 0x0A00, 0x0A00, 0x0A00,
    0x0A00, 0x0A00, 0x0A00, 0x0A00, 0x0A00, 0x0A00, 0x0A00, 0x0A00, 0x0A00, 0x0A00,
    0x0A00, 0x0A00, 0x0A00, 0x0A00, 0x0A00, 0x0A00, 0x0A00, 0x0A00, 0x0A00, 0x0A00,
    0x0A00, 0x0A00, 0x0A00, 0x0A00, 0x0A00, 0x0A00, 0x0A00, 0x0A00, 0x0A00, 0x0A00,
    0x0A00, 0x0A00, 0x0A00, 0x0A00, 0x0A00, 0x0A00, 0x0A00, 0x0A00, 0x0A00, 0x0A00,
    0x0A00, 0x0A00, 0x0A00, 0x0A00, 0x0A00, 0x0A00, 0x0A00, 0x0A00, 0x0A00, 0x0A00,
    0x0A00, 0x0A00, 0x0A00, 0x0A00, 0x0A00, 0x0A00, 0x0A00, 0x0A00, 0x0A00, 0x0A00,
    0x0A00, 0x0A00, 0x0A00, 0x0A00, 0x0A00, 0x0A00, 0x0A00, 0x0A00, 0x0A00, 0x0A00,
    0x0A00, 0x0A00, 0x0A00, 0x0A00, 0x0A00, 0x0A00, 0x0A00, 0x0A00, 0x0A00, 0x0A00,
    0x0A00, 0x0A00, 0x0A00, 0x0A00, 0x0A00, 0x0A00, 0x0A00, 0x0A00, 0x0A00, 0x0A00,
    0x0A00, 0x0A00, 0x0A00, 0x0A00, 0x0A00, 0x0A00, 0x0A00, 0x0A00, 0x0A00, 0x0A00,
    0x0A00, 0x0A00, 0x0A00, 0x0A00, 0x0A00, 0x0A00, 0x0A00, 0x0A00, 0x0A00, 0x0A00,
    0x0A00, 0x0A00, 0x0A00, 0x0A00, 0x0A00, 0x0A00, 0x0A00, 0x0A00, 0x0A00, 0x0A00,
    0x0A00, 0x0A00, 0x0A00, 0x0A00, 0x0A00, 0x0A00, 0x0A00, 0x0A00, 0x0A00, 0x0A00,
    0x0A00, 0x0A00, 0x0A00, 0x0A00, 0x0A00, 0x0A00, 0x0A00, 0x0A00, 0x0A00, 0x0A00,
    0x0A00, 0x0A00, 0x0A00, 0x0A00, 0x0A00, 0x0A00, 0x0A00, 0x0A00, 0x0A00, 0x0A00,
    0x0A00, 0x0A00, 0x0A00, 0x0A00, 0x0A00, 0x0A00, 0x0A00, 0x0A00, 0x0A00, 0x0A00,
    0x0A00, 0x0A00, 0x0A00, 0x0A00, 0x0A00, 0x0A00, 0x0A00, 0x0A00, 0x0A00, 0x0A00,
    0x0A00, 0x0A00, 0x0A00, 0x0A00, 0x0A00, 0x0A00, 0x0A00, 0x0A00, 0x0A00, 0x0A00,
    0x0A00, 0x0A00, 0x0A00, 0x0A00, 0x0A00, 0x0A00, 0x0A00, 0x0A00, 0x0A00, 0x0A00,
    0x0A00, 0x0A00, 0x0A00, 0x0A00, 0x0A00, 0x0A00, 0x0A00, 0x0A00, 0x0A00, 0x0A00,
    0x0A00, 0x0A00, 0x0A00, 0x0A00, 0x0A00, 0x0A00, 0x0A00, 0x0A00, 0x0A00, 0x0A00,
    0x0A00, 0x0A00, 0x0A00, 0x0A00, 0x0A00, 0x0A00, 0x0A00, 0x0A00, 0x0A00, 0x0A00,
    0x0A00, 0x0A00, 0x0A00, 0x0A00, 0x0A00, 0x0A00, 0x0A00, 0x0A00, 0x0A00, 0x0A00,
    0x0A00, 0x0A00, 0x0A00, 0x0A00, 0x0A00, 0x0A00, 0x0A00, 0x0A00, 0x0A00, 0x0A00,
    0x0A00, 0x0A00, 0x0A00, 0x0A00, 0x0A00, 0x0A00, 0x0A00, 0x0A00, 0x0A00, 0x0A00,
    0x0A00, 0x0A00, 0x0A00, 0x0A00, 0x0A00, 0x0A00, 0x0A00, 0x0A00, 0x0A00, 0x0A00,
    0x0A00, 0x0A00, 0x0A00, 0x0A00, 0x0A00, 0x0A00, 0x0A00, 0x0A00, 0x0A00, 0x0A00,
    0x0A00, 0x0A00, 0x0A00, 0x0A00, 0x0A00, 0x0A00, 0x0A00, 0x0A00, 0x0A00, 0x0A00,
    0x0A00, 0x0A00, 0x0A00, 0x0A00, 0x0A00, 0x0A00, 0x0A00, 0x0A00, 0x0A00, 0x0A00,
    0x0A00, 0x0A00, 0x0A00, 0x0A00, 0x0A00, 0x0A00, 0x0A00, 0x0A00, 0x0A00, 0x0A00,
    0x0A00, 0x0A00, 0x0A00, 0x0A00, 0x0A00, 0x0A00, 0x0A00, 0x0A00, 0x0A00, 0x0A00,
    0x0A00, 0x0A00, 0x0A00, 0x0A00, 0x0A00, 0x0A00, 0x0A00, 0x0A00, 0x0A00, 0x0A00,
    0x0A00, 0x0A00, 0x0A00, 0x0A00, 0x0A00, 0x0A00, 0x0A00, 0x0A00, 0x0A00, 0x0A00,
    0x0A00, 0x0A00, 0x0A00, 0x0A00, 0x0A00, 0x0A00, 0x0A00, 0x0A00, 0x0A00, 0x0A00,
    0x0A00, 0x0A00, 0x0A00, 0x0A00, 0x0A00, 0x0A00, 0x0A00, 0x0A00, 0x0A00, 0x0A00,
    0x0A00, 0x0A00, 0x0A00, 0x0A00, 0x0A00, 0x0A00, 0x0A00, 0x0A00, 0x0A00, 0x0A00,
    0x0A00, 0x0A00, 0x0A00, 0x0A00, 0x0A00, 0x0A00, 0x0A00, 0x0A00, 0x0A00, 0x0A00,
    0x0A00, 0x0A00, 0x0A00, 0x0A00, 0x0A00, 0x0A00, 0x0A00, 0x0A00, 0x0A00, 0x0A00,
    0x0A00, 0x0A00, 0x0A00, 0x0A00, 0x0A00, 0x0A00, 0x0A00, 0x0A00, 0x0A00, 0x0A00,
    0x0A00, 0x0A00, 0x0A00, 0x0A00, 0x0A00, 0x0A00, 0x0A00, 0x0A00, 0x0A00, 0x0A00,
    0x0A00, 0x0A00, 0x0A00, 0x0A00, 0x0A00, 0x0A00, 0x0A00, 0x0A00, 0x0A00, 0x0A00,
    0x0A00, 0x0A00, 0x0A00, 0x0A00, 0x0A00, 0x0A00, 0x0A00, 0x0A00, 0x0A00, 0x0A00,
    0x0A00, 0x0A00, 0x0A00, 0x0A00, 0x0A00, 0x0A00, 0x0A00, 0x0A00, 0x0A00, 0x0A00,
    0x0A00, 0x0A00, 0x0A00, 0x0A00, 0x0A00, 0x0A00, 0x0A00, 0x0A00, 0x0A00, 0x0A00,
    0x0A00, 0x0A00, 0x0A00, 0x0A00, 0x0A00, 0x0A00, 0x0A00, 0x0A00, 0x0A00, 0x0A00,
    0x0A00, 0x0A00, 0x0A00, 0x0A00, 0x0A00, 0x0A00, 0x0A00, 0x0A00, 0x0A00, 0x0A00,
    0x0A00, 0x0A00, 0x0A00, 0x0A00, 0x0A00, 0x0A00, 0x0A00, 0x0A00, 0x0A00, 0x0A00,
    0x0A00, 0x0A00, 0x0A00, 0x0A00, 0x0A00, 0x0A00, 0x0A00, 0x0A00, 0x0A00, 0x0A00,
    0x0A00, 0x0A00, 0x0A00, 0x0A00, 0x0A00, 0x0A00, 0x0A00, 0x0A00, 0x0A00, 0x0A00,
    0x0A00, 0x0A00, 0x0A00, 0x0A00, 0x0A00, 0x0A00, 0x0A00, 0x0A00, 0x0A00, 0x0A00,
    0x0A00, 0x0A00, 0x0A00, 0x0A00, 0x0A00, 0x0A00, 0x0A00, 0x0A00, 0x0A00, 0x0A00,
    0x0A00, 0x0A00, 0x0A00, 0x0A00, 0x0A00, 0x0A00, 0x0A00, 0x0A00, 0x0A00, 0x0A00,
    0x0A00, 0x0A00, 0x0A00, 0x0A00, 0x0A00, 0x0A00, 0x0A00, 0x0A00, 0x0A00, 0x0A00,
    0x0A00, 0x0A00, 0x0A00, 0x0A00, 0x0A00, 0x0A00, 0x0A00, 0x0A00, 0x0A00, 0x0A00,
    0x0A00, 0x0A00, 0x0A00, 0x0A00, 0x0A00, 0x0A00, 0x0A00, 0x0A00, 0x0A00, 0x0A00,
    0x0A00, 0x0A00, 0x0A00, 0x0A00, 0x0A00, 0x0A00, 0x0A00, 0x0A00, 0x0A00, 0x0A00,
    0x0A00, 0x0A00, 0x0A00, 0x0A00, 0x0A00, 0x0A00, 0x0A00, 0x0A00, 0x0A00, 0x0A00,
    0x0A00, 0x0A00, 0x0A00, 0x0A00, 0x0A00, 0x0A00, 0x0A00, 0x0A00, 0x0A00, 0x0A00,
    0x0A00, 0x0A00, 0x0A00, 0x0A00, 0x0A00, 0x0A00, 0x0A00, 0x0A00, 0x0A00, 0x0A00,
    0x0A00, 0x0A00, 0x0A00, 0x0A00, 0x0A00, 0x0A00, 0x0A00, 0x0A00, 0x0A00, 0x0A00,
    0x0A00, 0x0A00, 0x0A00, 0x0A00, 0x0A00, 0x0A00, 0x0A00, 0x0A00, 0x0A00, 0x0A00,
    0x0A00, 0x0A00, 0x0A00, 0x0A00, 0x0A00, 0x0A00, 0x0A00, 0x0A00, 0x0A00, 0x0A00,
    0x0A00, 0x0A00, 0x0A00, 0x0A00, 0x0A00, 0x0A00, 0x0A00, 0x0A00, 0x0A00, 0x0A00,
    0x0A00, 0x0A00, 0x0A00, 0x0A00, 0x0A00, 0x0A00, 0x0A00, 0x0A00, 0x0A00, 0x0A00,
    0x0A00, 0x0A00, 0x0A00, 0x0A00, 0x0A00, 0x0A00, 0x0A00, 0x0A00, 0x0A00, 0x0A00,
    0x0A00, 0x0A00, 0x0A00, 0x0A00, 0x0A00, 0x0A00, 0x0A00, 0x0A00, 0x0A00, 0x0A00,
    0x0A00, 0x0A00, 0x0A00, 0x0A00, 0x0A00, 0x0A00, 0x0A00, 0x0A00, 0x0A00, 0x0A00,
    0x0A00, 0x0A00, 0x0A00, 0x0A00, 0x0A00, 0x0A00, 0x0A00, 0x0A00, 0x0A00, 0x0A00,
    0x0A00, 0x0A00, 0x0A00, 0x0A00, 0x0A00, 0x0A00, 0x0A00, 0x0A00, 0x0A00, 0x0A00,
    0x0A00, 0x0A00, 0x0A00, 0x0A00, 0x0A00, 0x0A00, 0x0A00, 0x0A00, 0x0A00, 0x0A00,
    0x0A00, 0x0A00, 0x0A00, 0x0A00, 0x0A00, 0x0A00, 0x0A00, 0x0A00, 0x0A00, 0x0A00,
    0x0A00, 0x0A00, 0x0A00, 0x0A00, 0x0A00, 0x0A00, 0x0A00, 0x0A00, 0x0A00, 0x0A00,
    0x0A00, 0x0A00, 0x0A00, 0x0A00, 0x0A00, 0x0A00, 0x0A00, 0x0A00, 0x0A00, 0x0A00,
    0x0A00, 0x0A00, 0x0A00, 0x0A00, 0x0A00, 0x0A00, 0x0A00, 0x0A00, 0x0A00, 0x0A00,
    0x0A00, 0x0A00, 0x0A00, 0x0A00, 0x0A00, 0x0A00, 0x0A00, 0x0A00, 0x0A00, 0x0A00,
    0x0A00, 0x0A00, 0x0A00, 0x0A00, 0x0A00, 0x0A00, 0x0A00, 0x0A00, 0x0A00, 0x0A00,
    0x0A00, 0x0A00, 0x0A00, 0x0A00, 0x0A00, 0x0A00, 0x0A00, 0x0A00, 0x0A00, 0x0A00,
    0x0A00, 0x0A00, 0x0A00, 0x0A00, 0x0A00, 0x0A00, 0x0A00, 0x0A00, 0x0A00, 0x0A00,
    0x0A00, 0x0A00, 0x0A00, 0x0A00, 0x0A00, 0x0A00, 0x0A00, 0x0A00, 0x0A00, 0x0A00,
    0x0A00, 0x0A00, 0x0A00, 0x0A00, 0x0A00, 0x0A00, 0x0A00, 0x0A00, 0x0A00, 0x0A00,
    0x0A00, 0x0A00, 0x0A00, 0x0A00, 0x0A00, 0x0A00, 0x0A00, 0x0A00, 0x0A00, 0x0A00,
    0x0A00, 0x0A00, 0x0A00, 0x0A00, 0x0A00, 0x0A00, 0x0A00, 0x0A00, 0x0A00, 0x0A00,
    0x0A00, 0x0A00, 0x0A00, 0x0A00, 0x0A00, 0x0A00, 0x0A00, 0x0A00, 0x0A00, 0x0A00,
    0x0A00, 0x0A00, 0x0A00, 0x0A00, 0x0A00, 0x0A00, 0x0A00, 0x0A00, 0x0A00, 0x0A00,
    0x0A00, 0x0A00, 0x0A00, 0x0A00, 0x0A00, 0x0A00, 0x0A00, 0x0A00, 0x0A00, 0x0A00,
    0x0A00, 0x0A00, 0x0A00, 0x0A00, 0x0A00, 0x0A00, 0x0A00, 0x0A00, 0x0A00, 0x0A00,
    0x0A00, 0x0A00, 0x0A00, 0x0A00, 0x0A00, 0x0A00, 0x0A00, 0x0A00, 0x0A00, 0x0A00,
    0x0A00, 0x0A00, 0x0A00, 0x0A00, 0x0A00, 0x0A00, 0x0A00, 0x0A00, 0x0A00, 0x0A00,
    0x0A00, 0x0A00, 0x0A00, 0x0A00, 0x0A00, 0x0A00, 0x0A00, 0x0A00, 0x0A00, 0x0A00,
    0x0A00, 0x0A00, 0x0A00, 0x0A00, 0x0A00, 0x0A00, 0x0A00, 0x0A00, 0x0A00, 0x0A00,
    0x0A00, 0x0A00, 0x0A00, 0x0A00, 0x0A00, 0x0A00, 0x0A00, 0x0A00, 0x0A00, 0x0A00,
    0x0A00, 0x0A00, 0x0A00, 0x0A00, 0x0A00, 0x0A00, 0x0A00, 0x0A00, 0x0A00, 0x0A00,
    0x0A00, 0x0A00, 0x0A00, 0x0A00, 0x0A00, 0x0A00, 0x0A00, 0x0A00, 0x0A00, 0x0A00,
    0x0A00, 0x0A00, 0x0A00, 0x0A00, 0x0A00, 0x0A00, 0x0A00, 0x0A00, 0x0A00, 0x0A00,
    0x0A00, 0x0A00, 0x0A00, 0x0A00, 0x0A00, 0x0A00, 0x0A00, 0x0A00, 0x0A00, 0x0A00,
    0x0A00, 0x0A00, 0x0A00, 0x0A00, 0x0A00, 0x0A00, 0x0A00, 0x0A00, 0x0A00, 0x0A00,
    0x0A00, 0x0A00, 0x0A00, 0x0A00, 0x0A00, 0x0A00, 0x0A00, 0x0A00, 0x0A00, 0x0A00,
    0x0A00, 0x0A00, 0x0A00, 0x0A00, 0x0A00, 0x0A00, 0x0A00, 0x0A00, 0x0A00, 0x0A00,
    0x0A00, 0x0A00, 0x0A00, 0x0A00, 0x0A00, 0x0A00, 0x0A00, 0x0A00, 0x0A00, 0x0A00,
    0x0A00, 0x0A00, 0x0A00, 0x0A00, 0x0A00, 0x0A00, 0x0A00, 0x0A00, 0x0A00, 0x0A00,
    0x0A00, 0x0A00, 0x0A00, 0x0A00, 0x0A00, 0x0A00, 0x0A00, 0x0A00, 0x0A00, 0x0A00,
    0x0A00, 0x0A00, 0x0A00, 0x0A00, 0x0A00, 0x0A00, 0x0A00, 0x0A00, 0x0A00, 0x0A00,
    0x0A00, 0x0A00, 0x0A00, 0x0A00, 0x0A00, 0x0A00, 0x0A00, 0x0A00, 0x0A00, 0x0A00,
    0x0A00, 0x0A00, 0x0A00, 0x0A00, 0x0A00, 0x0A00, 0x0A00, 0x0A00, 0x0A00, 0x0A00,
    0x0A00, 0x0A00, 0x0A00, 0x0A00, 0x0A00, 0x0A00, 0x0A00, 0x0A00, 0x0A00, 0x0A00,
    0x0A00, 0x0A00, 0x0A00, 0x0A00, 0x0A00, 0x0A00, 0x0A00, 0x0A00, 0x0A00, 0x0A00,
    0x0A00, 0x0A00, 0x0A00, 0x0A00, 0x0A00, 0x0A00, 0x0A00, 0x0A00, 0x0A00, 0x0A00,
    0x0A00, 0x0A00, 0x0A00, 0x0A00, 0x0A00, 0x0A00, 0x0A00, 0x0A00, 0x0A00, 0x0A00,
    0x0A00, 0x0A00, 0x0A00, 0x0A00, 0x0A00, 0x0A00, 0x0A00, 0x0A00, 0x0A00, 0x0A00,
    0x0A00, 0x0A00, 0x0A00, 0x0A00, 0x0A00, 0x0A00, 0x0A00, 0x0A00, 0x0A00, 0x0A00,
    0x0A00, 0x0A00, 0x0A00, 0x0A00, 0x0A00, 0x0A00, 0x0A00, 0x0A00, 0x0A00, 0x0A00,
    0x0A00, 0x0A00, 0x0A00, 0x0A00, 0x0A00, 0x0A00, 0x0A00, 0x0A00, 0x0A00, 0x0A00,
    0x0A00, 0x0A00, 0x0A00, 0x0A00, 0x0A00, 0x0A00, 0x0A00, 0x0A00, 0x0A00, 0x0A00,
    0x0A00, 0x0A00, 0x0A00, 0x0A00, 0x0A00, 0x0A00, 0x0A00, 0x0A00, 0x0A00, 0x0A00,
    0x0A00, 0x0A00, 0x0A00, 0x0A00, 0x0A00, 0x0A00, 0x0A00, 0x0A00, 0x0A00, 0x0A00,
    0x0A00, 0x0A00, 0x0A00, 0x0A00, 0x0A00, 0x0A00, 0x0A00, 0x0A00, 0x0A00, 0x0A00,
    0x0A00, 0x0A00, 0x0A00, 0x0A00, 0x0A00, 0x0A00, 0x0A00, 0x0A00, 0x0A00, 0x0A00,
    0x0A00, 0x0A00, 0x0A00, 0x0A00, 0x0A00, 0x0A00, 0x0A00, 0x0A00, 0x0A00, 0x0A00,
    0x0A00, 0x0A00, 0x0A00, 0x0A00, 0x0A00, 0x0A00, 0x0A00, 0x0A00, 0x0A00, 0x0A00,
    0x0A00, 0x0A00, 0x0A00, 0x0A00, 0x0A00, 0x0A00, 0x0A00, 0x0A00, 0x0A00, 0x0A00,
    0x0A00, 0x0A00, 0x0A00, 0x0A00, 0x0A00, 0x0A00, 0x0A00, 0x0A00, 0x0A00, 0x0A00,
    0x0A00, 0x0A00, 0x0A00, 0x0A00, 0x0A00, 0x0A00, 0x0A00, 0x0A00, 0x0A00, 0x0A00,
    0x0A00, 0x0A00, 0x0A00, 0x0A00, 0x0A00, 0x0A00, 0x0A00, 0x0A00, 0x0A00, 0x0A00,
    0x0A00, 0x0A00, 0x0A00, 0x0A00, 0x0A00, 0x0A00, 0x0A00, 0x0A00, 0x0A00, 0x0A00,
    0x0A00, 0x0A00, 0x0A00, 0x0A00, 0x0A00, 0x0A00, 0x0A00, 0x0A00, 0x0A00, 0x0A00,
    0x0A00, 0x0A00, 0x0A00, 0x0A00, 0x0A00, 0x0A00, 0x0A00, 0x0A00, 0x0A00, 0x0A00,
    0x0A00, 0x0A00, 0x0A00, 0x0A00, 0x0A00, 0x0A00, 0x0A00, 0x0A00, 0x0A00, 0x0A00,
    0x0A00, 0x0A00, 0x0A00, 0x0A00, 0x0A00, 0x0A00, 0x0A00, 0x0A00, 0x0A00, 0x0A00,
    0x0A00, 0x0A00, 0x0A00, 0x0A00, 0x0A00, 0x0A00, 0x0A00, 0x0A00, 0x0A00, 0x0A00,
    0x0A00, 0x0A00, 0x0A00, 0x0A00, 0x0A00, 0x0A00, 0x0A00, 0x0A00, 0x0A00, 0x0A00,
    0x0A00, 0x0A00, 0x0A00, 0x0A00, 0x0A00, 0x0A00, 0x0A00, 0x0A00, 0x0A00, 0x0A00,
    0x0A00, 0x0A00, 0x0A00, 0x0A00, 0x0A00, 0x0A00, 0x0A00, 0x0A00, 0x0A00, 0x0A00,
    0x0A00, 0x0A00, 0x0A00, 0x0A00, 0x0A00, 0x0A00, 0x0A00, 0x0A00, 0x0A00, 0x0A00,
    0x0A00, 0x0A00, 0x0A00, 0x0A00, 0x0A00, 0x0A00, 0x0A00, 0x0A00, 0x0A00, 0x0A00,
    0x0A00, 0x0A00, 0x0A00, 0x0A00, 0x0A00, 0x0A00, 0x0A00, 0x0A00, 0x0A00, 0x0A00,
    0x0A00, 0x0A00, 0x0A00, 0x0A00, 0x0A00, 0x0A00, 0x0A00, 0x0A00, 0x0A00, 0x0A00,
    0x0A00, 0x0A00, 0x0A00, 0x0A00, 0x0A00, 0x0A00, 0x0A00, 0x0A00, 0x0A00, 0x0A00,
    0x0A00, 0x0A00, 0x0A00, 0x0A00, 0x0A00, 0x0A00, 0x0A00, 0x0A00, 0x0A00, 0x0A00,
    0x0A00, 0x0A00, 0x0A00, 0x0A00, 0x0A00, 0x0A00, 0x0A00, 0x0A00, 0x0A00, 0x0A00,
    0x0A00, 0x0A00, 0x0A00, 0x0A00, 0x0A00, 0x0A00, 0x0A00, 0x0A00, 0x0A00, 0x0A00,
    0x0A00, 0x0A00, 0x0A00, 0x0A00, 0x0A00, 0x0A00, 0x0A00, 0x0A00, 0x0A00, 0x0A00,
    0x0A00, 0x0A00, 0x0A00, 0x0A00, 0x0A00, 0x0A00, 0x0A00, 0x0A00, 0x0A00, 0x0A00,
    0x0A00, 0x0A00, 0x0A00, 0x0A00, 0x0A00, 0x0A00, 0x0A00, 0x0A00, 0x0A00, 0x0A00,
    0x0A00, 0x0A00, 0x0A00, 0x0A00, 0x0A00, 0x0A00, 0x0A00, 0x0A00, 0x0A00, 0x0A00,
    0x0A00, 0x0A00, 0x0A00, 0x0A00, 0x0A00, 0x0A00, 0x0A00, 0x0A00, 0x0A00, 0x0A00,
    0x0A00, 0x0A00, 0x0A00, 0x0A00, 0x0A00, 0x0A00, 0x0A00, 0x0A00, 0x0A00, 0x0A00,
    0x0A00, 0x0A00, 0x0A00, 0x0A00, 0x0A00, 0x0A00, 0x0A00, 0x0A00, 0x0A00, 0x0A00,
    0x0A00, 0x0A00, 0x0A00, 0x0A00, 0x0A00, 0x0A00, 0x0A00, 0x0A00, 0x0A00, 0x0A00,
    0x0A00, 0x0A00, 0x0A00, 0x0A00, 0x0A00, 0x0A00, 0x0A00, 0x0A00, 0x0A00, 0x0A00,
    0x0A00, 0x0A00, 0x0A00, 0x0A00, 0x0A00, 0x0A00, 0x0A00, 0x0A00, 0x0A00, 0x0A00,
    0x0A00, 0x0A00, 0x0A00, 0x0A00, 0x0A00, 0x0A00, 0x0A00, 0x0A00, 0x0A00, 0x0A00,
    0x0A00, 0x0A00, 0x0A00, 0x0A00, 0x0A00, 0x0A00, 0x0A00, 0x0A00, 0x0A00, 0x0A00,
    0x0A00, 0x0A00, 0x0A00, 0x0A00, 0x0A00, 0x0A00, 0x0A00, 0x0A00, 0x0A00, 0x0A00,
    0x0A00, 0x0A00, 0x0A00, 0x0A00, 0x0A00, 0x0A00, 0x0A00, 0x0A00, 0x0A00, 0x0A00,
    0x0A00, 0x0A00, 0x0A00, 0x0A00, 0x0A00, 0x0A00, 0x0A00, 0x0A00, 0x0A00, 0x0A00,
    0x0A00, 0x0A00, 0x0A00, 0x0A00, 0x0A00, 0x0A00, 0x0A00, 0x0A00, 0x0A00, 0x0A00,
    0x0A00, 0x0A00, 0x0A00, 0x0A00, 0x0A00, 0x0A00, 0x0A00, 0x0A00, 0x0A00, 0x0A00,
    0x0A00, 0x0A00, 0x0A00, 0x0A00, 0x0A00, 0x0A00, 0x0A00, 0x0A00, 0x0A00, 0x0A00,
    0x0A00, 0x0A00, 0x0A00, 0x0A00, 0x0A00, 0x0A00, 0x0A00, 0x0A00, 0x0A00, 0x0A00,
    0x0A00, 0x0A00, 0x0A00, 0x0A00, 0x0A00, 0x0A00, 0x0A00, 0x0A00, 0x0A00, 0x0A00,
    0x0A00, 0x0A00, 0x0A00, 0x0A00, 0x0A00, 0x0A00, 0x0A00, 0x0A00, 0x0A00, 0x0A00,
    0x0A00, 0x0A00, 0x0A00, 0x0A00, 0x0A00, 0x0A00, 0x0A00, 0x0A00, 0x0A00, 0x0A00,
    0x0A00, 0x0A00, 0x0A00, 0x0A00, 0x0A00, 0x0A00, 0x0A00, 0x0A00, 0x0A00, 0x0A00,
    0x0A00, 0x0A00, 0x0A00, 0x0A00, 0x0A00, 0x0A00, 0x0A00, 0x0A00, 0x0A00, 0x0A00,
    0x0A00, 0x0A00, 0x0A00, 0x0A00, 0x0A00, 0x0A00, 0x0A00, 0x0A00, 0x0A00, 0x0A00,
    0x0A00, 0x0A00, 0x0A00, 0x0A00, 0x0A00, 0x0A00, 0x0A00, 0x0A00, 0x0A00, 0x0A00,
    0x0A00, 0x0A00, 0x0A00, 0x0A00, 0x0A00, 0x0A00, 0x0A00, 0x0A00, 0x0A00, 0x0A00,
    0x0A00, 0x0A00, 0x0A00, 0x0A00, 0x0A00, 0x0A00, 0x0A00, 0x0A00, 0x0A00, 0x0A00,
    0x0A00, 0x0A00, 0x0A00, 0x0A00, 0x0A00, 0x0A00, 0x0A00, 0x0A00, 0x0A00, 0x0A00,
    0x0A00, 0x0A00, 0x0A00, 0x0A00, 0x0A00, 0x0A00, 0x0A00, 0x0A00, 0x0A00, 0x0A00,
    0x0A00, 0x0A00, 0x0A00, 0x0A00, 0x0A00, 0x0A00, 0x0A00, 0x0A00, 0x0A00, 0x0A00,
    0x0A00, 0x0A00, 0x0A00, 0x0A00, 0x0A00, 0x0A00, 0x0A00, 0x0A00, 0x0A00, 0x0A00,
    0x0A00, 0x0A00, 0x0A00, 0x0A00, 0x0A00, 0x0A00, 0x0A00, 0x0A00, 0x0A00, 0x0A00,
    0x0A00, 0x0A00, 0x0A00, 0x0A00, 0x0A00, 0x0A00, 0x0A00, 0x0A00, 0x0A00, 0x0A00,
    0x0A00, 0x0A00, 0x0A00, 0x0A00, 0x0A00, 0x0A00, 0x0A00, 0x0A00, 0x0A00, 0x0A00,
    0x0A00, 0x0A00, 0x0A00, 0x0A00, 0x0A00, 0x0A00, 0x0A00, 0x0A00, 0x0A00, 0x0A00,
    0x0A00, 0x0A00, 0x0A00, 0x0A00, 0x0A00, 0x0A00, 0x0A00, 0x0A00, 0x0A00, 0x0A00,
    0x0A00, 0x0A00, 0x0A00, 0x0A00, 0x0A00, 0x0A00, 0x0A00, 0x0A00, 0x0A00, 0x0A00,
    0x0A00, 0x0A00, 0x0A00, 0x0A00, 0x0A00, 0x0A00, 0x0A00, 0x0A00, 0x0A00, 0x0A00,
    0x0A00, 0x0A00, 0x0A00, 0x0A00, 0x0A00, 0x0A00, 0x0A00, 0x0A00, 0x0A00, 0x0A00,
    0x0A00, 0x0A00, 0x0A00, 0x0A00, 0x0A00, 0x0A00, 0x0A00, 0x0A00, 0x0A00, 0x0A00,
    0x0A00, 0x0A00, 0x0A00, 0x0A00, 0x0A00, 0x0A00, 0x0A00, 0x0A00, 0x0A00, 0x0A00,
    0x0A00, 0x0A00, 0x0A00, 0x0A00, 0x0A00, 0x0A00, 0x0A00, 0x0A00, 0x0A00, 0x0A00,
    0x0A00, 0x0A00, 0x0A00, 0x0A00, 0x0A00, 0x0A00, 0x0A00, 0x0A00, 0x0A00, 0x0A00,
    0x0A00, 0x0A00, 0x0A00, 0x0A00, 0x0A00, 0x0A00, 0x0A00, 0x0A00, 0x0A00, 0x0A00,
    0x0A00, 0x0A00, 0x0A00, 0x0A00, 0x0A00, 0x0A00, 0x0A00, 0x0A00, 0x0A00, 0x0A00,
    0x0A00, 0x0A00, 0x0A00, 0x0A00, 0x0A00, 0x0A00, 0x0A00, 0x0A00, 0x0A00, 0x0A00,
    0x0A00, 0x0A00, 0x0A00, 0x0A00, 0x0A00, 0x0A00, 0x0A00, 0x0A00, 0x0A00, 0x0A00,
    0x0A00, 0x0A00, 0x0A00, 0x0A00, 0x0A00, 0x0A00, 0x0A00, 0x0A00, 0x0A00, 0x0A00,
    0x0A00, 0x0A00, 0x0A00, 0x0A00, 0x0A00, 0x0A00, 0x0A00, 0x0A00, 0x0A00, 0x0A00,
    0x0A00, 0x0A00, 0x0A00, 0x0A00, 0x0A00, 0x0A00, 0x0A00, 0x0A00, 0x0A00, 0x0A00,
    0x0A00, 0x0A00, 0x0A00, 0x0A00, 0x0A00, 0x0A00, 0x0A00, 0x0A00, 0x0A00, 0x0A00,
    0x0A00, 0x0A00, 0x0A00, 0x0A00, 0x0A00, 0x0A00, 0x0A00, 0x0A00, 0x0A00, 0x0A00,
    0x0A00, 0x0A00, 0x0A00, 0x0A00, 0x0A00, 0x0A00, 0x0A00, 0x0A00, 0x0A00, 0x0A00,
    0x0A00, 0x0A00, 0x0A00, 0x0A00, 0x0A00, 0x0A00, 0x0A00, 0x0A00, 0x0A00, 0x0A00,
    0x0A00, 0x0A00, 0x0A00, 0x0A00, 0x0A00, 0x0A00, 0x0A00, 0x0A00, 0x0A00, 0x0A00,
    0x0A00, 0x0A00, 0x0A00, 0x0A00, 0x0A00, 0x0A00, 0x0A00, 0x0A00, 0x0A00, 0x0A00,
    0x0A00, 0x0A00, 0x0A00, 0x0A00, 0x0A00, 0x0A00, 0x0A00, 0x0A00, 0x0A00, 0x0A00,
    0x0A00, 0x0A00, 0x0A00, 0x0A00, 0x0A00, 0x0A00, 0x0A00, 0x0A00, 0x0A00, 0x0A00,
    0x0A00, 0x0A00, 0x0A00, 0x0A00, 0x0A00, 0x0A00, 0x0A00, 0x0A00, 0x0A00, 0x0A00,
    0x0A00, 0x0A00, 0x0A00, 0x0A00, 0x0A00, 0x0A00, 0x0A00, 0x0A00, 0x0A00, 0x0A00,
    0x0A00, 0x0A00, 0x0A00, 0x0A00, 0x0A00, 0x0A00, 0x0A00, 0x0A00, 0x0A00, 0x0A00,
    0x0A00, 0x0A00, 0x0A00, 0x0A00, 0x0A00, 0x0A00, 0x0A00, 0x0A00, 0x0A00, 0x0A00,
    0x0A00, 0x0A00, 0x0A00, 0x0A00, 0x0A00, 0x0A00, 0x0A00, 0x0A00, 0x0A00, 0x0A00,
    0x0A00, 0x0A00, 0x0A00, 0x0A00, 0x0A00, 0x0A00, 0x0A00, 0x0A00, 0x0A00, 0x0A00,
    0x0A00, 0x0A00, 0x0A00, 0x0A00, 0x0A00, 0x0A00, 0x0A00, 0x0A00, 0x0A00, 0x0A00,
    0x0A00, 0x0A00, 0x0A00, 0x0A00, 0x0A00, 0x0A00, 0x0A00, 0x0A00, 0x0A00, 0x0A00,
    0x0A00, 0x0A00, 0x0A00, 0x0A00, 0x0A00, 0x0A00, 0x0A00, 0x0A00, 0x0A00, 0x0A00,
    0x0A00, 0x0A00, 0x0A00, 0x0A00, 0x0A00, 0x0A00, 0x0A00, 0x0A00, 0x0A00, 0x0A00,
    0x0A00, 0x0A00, 0x0A00, 0x0A00, 0x0A00, 0x0A00, 0x0A00, 0x0A00, 0x0A00, 0x0A00,
    0x0A00, 0x0A00, 0x0A00, 0x0A00, 0x0A00, 0x0A00, 0x0A00, 0x0A00, 0x0A00, 0x0A00,
    0x0A00, 0x0A00, 0x0A00, 0x0A00, 0x0A00, 0x0A00, 0x0A00, 0x0A00, 0x0A00, 0x0A00,
    0x0A00, 0x0A00, 0x0A00, 0x0A00, 0x0A00, 0x0A00, 0x0A00, 0x0A00, 0x0A00, 0x0A00,
    0x0A00, 0x0A00, 0x0A00, 0x0A00, 0x0A00, 0x0A00, 0x0A00, 0x0A00, 0x0A00, 0x0A00,
    0x0A00, 0x0A00, 0x0A00, 0x0A00, 0x0A00, 0x0A00, 0x0A00, 0x0A00, 0x0A00, 0x0A00,
    0x0A00, 0x0A00, 0x0A00, 0x0A00, 0x0A00, 0x0A00, 0x0A00, 0x0A00, 0x0A00, 0x0A00,
    0x0A00, 0x0A00, 0x0A00, 0x0A00, 0x0A00, 0x0A00, 0x0A00, 0x0A00, 0x0A00, 0x0A00,
    0x0A00, 0x0A00, 0x0A00, 0x0A00, 0x0A00, 0x0A00, 0x0A00, 0x0A00, 0x0A00, 0x0A00,
    0x0A00, 0x0A00, 0x0A00, 0x0A00, 0x0A00, 0x0A00, 0x0A00, 0x0A00, 0x0A00, 0x0A00,
    0x0A00, 0x0A00, 0x0A00, 0x0A00, 0x0A00, 0x0A00, 0x0A00, 0x0A00, 0x0A00, 0x0A00,
    0x0A00, 0x0A00, 0x0A00, 0x0A00, 0x0A00, 0x0A00, 0x0A00, 0x0A00, 0x0A00, 0x0A00,
    0x0A00, 0x0A00, 0x0A00, 0x0A00, 0x0A00, 0x0A00, 0x0A00, 0x0A00, 0x0A00, 0x0A00,
    0x0A00, 0x0A00, 0x0A00, 0x0A00, 0x0A00, 0x0A00, 0x0A00, 0x0A00, 0x0A00, 0x0A00,
    0x0A00, 0x0A00, 0x0A00, 0x0A00, 0x0A00, 0x0A00, 0x0A00, 0x0A00, 0x0A00, 0x0A00,
    0x0A00, 0x0A00, 0x0A00, 0x0A00, 0x0A00, 0x0A00, 0x0A00, 0x0A00, 0x0A00, 0x0A00,
    0x0A00, 0x0A00, 0x0A00, 0x0A00, 0x0A00, 0x0A00, 0x0A00, 0x0A00, 0x0A00, 0x0A00,
    0x0A00, 0x0A00, 0x0A00, 0x0A00, 0x0A00, 0x0A00, 0x0A00, 0x0A00, 0x0A00, 0x0A00,
    0x0A00, 0x0A00, 0x0A00, 0x0A00, 0x0A00, 0x0A00, 0x0A00, 0x0A00, 0x0A00, 0x0A00,
    0x0A00, 0x0A00, 0x0A00, 0x0A00, 0x0A00, 0x0A00, 0x0A00, 0x0A00, 0x0A00, 0x0A00,
    0x0A00, 0x0A00, 0x0A00, 0x0A00, 0x0A00, 0x0A00, 0x0A00, 0x0A00, 0x0A00, 0x0A00,
    0x0A00, 0x0A00, 0x0A00, 0x0A00, 0x0A00, 0x0A00, 0x0A00, 0x0A00, 0x0A00, 0x0A00,
    0x0A00, 0x0A00, 0x0A00, 0x0A00, 0x0A00, 0x0A00, 0x0A00, 0x0A00, 0x0A00, 0x0A00,
    0x0A00, 0x0A00, 0x0A00, 0x0A00, 0x0A00, 0x0A00, 0x0A00, 0x0A00, 0x0A00, 0x0A00,
    0x0A00, 0x0A00, 0x0A00, 0x0A00, 0x0A00, 0x0A00, 0x0A00, 0x0A00, 0x0A00, 0x0A00,
    0x0A18, 0x0A00, 0x0A00, 0x0A00, 0x0A00, 0x0A00, 0x0A00, 0x0A00, 0x0A00, 0x0A00,
    0x0A00, 0x0A00, 0x0A00, 0x0A00, 0x0A00, 0x0A00, 0x0A00, 0x0A00, 0x0A00, 0x0A00,
    0x0A00, 0x0A00, 0x0A00, 0x0A00, 0x0A00, 0x0A00, 0x0A00, 0x0A00, 0x0A00, 0x0A00,
    0x0A00, 0x0A00, 0x0A00, 0x0A00, 0x0A00, 0x0A00, 0x0A00, 0x0A00, 0x0A00, 0x0A00,
    0x0A00, 0x0A00, 0x0A00, 0x0A00, 0x0A00, 0x0A00, 0x0A00, 0x0A00, 0x0A00, 0x0A00,
    0x0A00, 0x0A00, 0x0A00, 0x0A00, 0x0A00, 0x0A00, 0x0A00, 0x0A00, 0x0A00, 0x0A00,
    0x0A00, 0x0A00, 0x0A00, 0x0A00, 0x0A00, 0x0A00, 0x0A00, 0x0A00, 0x0A00, 0x0A00,
    0x0A00, 0x0A00, 0x0A00, 0x0A00, 0x0A00, 0x0A00, 0x0A00, 0x0A00, 0x0A00, 0x0A00,
    0x0A00, 0x0A00, 0x0A00, 0x0A00, 0x0A00, 0x0A00, 0x0A00, 0x0A00, 0x0A00, 0x0A00,
    0x0A00, 0x0A00, 0x0A00, 0x0A00, 0x0A00, 0x0A00, 0x0A00, 0x0A00, 0x0A00, 0x0A00,
    0x0A00, 0x0A00, 0x0A00, 0x0A00, 0x0A00, 0x0A00, 0x0A00, 0x0A00, 0x0A00, 0x0A00,
    0x0A00, 0x0A00, 0x0A00, 0x0A00, 0x0A00, 0x0A00, 0x0A00, 0x0A00, 0x0A00, 0x0A00,
    0x0A00, 0x0A00, 0x0A00, 0x0A00, 0x0A00, 0x0A00, 0x0A00, 0x0A00, 0x0A00, 0x0A00,
    0x0A00, 0x0A00, 0x0A00, 0x0A00, 0x0A00, 0x0A00, 0x0A00, 0x0A00, 0x0A00, 0x0A00,
    0x0A00, 0x0A00, 0x0A00, 0x0A00, 0x0A00, 0x0A00, 0x0A00, 0x0A00, 0x0A00, 0x0A00,
    0x0A00, 0x0A00, 0x0A00, 0x0A00, 0x0A00, 0x0A00, 0x0A00, 0x0A00, 0x0A00, 0x0A00,
    0x0A00, 0x0A00, 0x0A00, 0x0A00, 0x0A00, 0x0A00, 0x0A00, 0x0A00, 0x0A00, 0x0A00,
    0x0A00, 0x0A18, 0x0A00, 0x0A00, 0x0A00, 0x0A00, 0x0A00, 0x0A00, 0x0A00, 0x0A00,
    0x0A00, 0x0A00, 0x0A00, 0x0A00, 0x0A00, 0x0A00, 0x0A00, 0x0A00, 0x0A00, 0x0A00,
    0x0A00, 0x0A00, 0x0A00, 0x0A00, 0x0A00, 0x0A00, 0x0A00, 0x0A00, 0x0A00, 0x0A00,
    0x0A00, 0x0A00, 0x0A00, 0x0A00, 0x0A00, 0x0A00, 0x0A00, 0x0A00, 0x0A00, 0x0A00,
    0x0A00, 0x0A00, 0x0A00, 0x0A00, 0x0A00, 0x0A00, 0x0A00, 0x0A00, 0x0A00, 0x0A00,
    0x0A00, 0x0A00, 0x0A00, 0x0A00, 0x0A00, 0x0A00, 0x0A00, 0x0A00, 0x0A00, 0x0A00,
    0x0A00, 0x0A00, 0x0A00, 0x0A00, 0x0A00, 0x0A00, 0x0A00, 0x0A00, 0x0A00, 0x0A00,
    0x0A00, 0x0A00, 0x0A00, 0x0A00, 0x0A00, 0x0A00, 0x0A00, 0x0A00, 0x0A00, 0x0A00,
    0x0A00, 0x0A00, 0x0A00, 0x0A00, 0x0A00, 0x0A00, 0x0A00, 0x0A00, 0x0A00, 0x0A00,
    0x0A00, 0x0A00, 0x0A00, 0x0A00, 0x0A00, 0x0A00, 0x0A00, 0x0A00, 0x0A00, 0x0A00,
    0x0A00, 0x0A00, 0x0A00, 0x0A00, 0x0A00, 0x0A00, 0x0A00, 0x0A00, 0x0A00, 0x0A00,
    0x0A00, 0x0A00, 0x0A00, 0x0A00, 0x0A00, 0x0A00, 0x0A00, 0x0A00, 0x0A00, 0x0A00,
    0x0A00, 0x0A00, 0x0A00, 0x0A00, 0x0A00, 0x0A00, 0x0A00, 0x0A00, 0x0A00, 0x0A00,
    0x0A00, 0x0A00, 0x0A00, 0x0A00, 0x0A00, 0x0A00, 0x0A00, 0x0A00, 0x0A00, 0x0A00,
    0x0A00, 0x0A00, 0x0A00, 0x0A00, 0x0A00, 0x0A00, 0x0A00, 0x0A00, 0x0A00, 0x0A00,
    0x0A00, 0x0A00, 0x0A00, 0x0A00, 0x0A00, 0x0A00, 0x0A00, 0x0A00, 0x0A00, 0x0A00,
    0x0A00, 0x0A00, 0x0A00, 0x0A00, 0x0A00, 0x0A00, 0x0A00, 0x0A00, 0x0A00, 0x0A00,
    0x0A00, 0x0A00, 0x0A18, 0x0A00, 0x0A00, 0x0A00, 0x0A00, 0x0A00, 0x0A00, 0x0A00,
    0x0A00, 0x0A00, 0x0A00, 0x0A00, 0x0A00, 0x0A00, 0x0A00, 0x0A00, 0x0A00, 0x0A00,
    0x0A00, 0x0A00, 0x0A00, 0x0A00, 0x0A00, 0x0A00, 0x0A00, 0x0A00, 0x0A00, 0x0A00,
    0x0A00, 0x0A00, 0x0A00, 0x0A00, 0x0A00, 0x0A00, 0x0A00, 0x0A00, 0x0A00, 0x0A00,
    0x0A00, 0x0A00, 0x0A00, 0x0A00, 0x0A00, 0x0A00, 0x0A00, 0x0A00, 0x0A00, 0x0A00,
    0x0A00, 0x0A00, 0x0A00, 0x0A00, 0x0A00, 0x0A00, 0x0A00, 0x0A00, 0x0A00, 0x0A00,
    0x0A00, 0x0A00, 0x0A00, 0x0A00, 0x0A00, 0x0A00, 0x0A00, 0x0A00, 0x0A00, 0x0A00,
    0x0A00, 0x0A00, 0x0A00, 0x0A00, 0x0A00, 0x0A00, 0x0A00, 0x0A00, 0x0A00, 0x0A00,
    0x0A00, 0x0A00, 0x0A00, 0x0A00, 0x0A00, 0x0A00, 0x0A00, 0x0A00, 0x0A00, 0x0A00,
    0x0A00, 0x0A00, 0x0A00, 0x0A00, 0x0A00, 0x0A00, 0x0A00, 0x0A00, 0x0A00, 0x0A00,
    0x0A00, 0x0A00, 0x0A00, 0x0A00, 0x0A00, 0x0A00, 0x0A00, 0x0A00, 0x0A00, 0x0A00,
    0x0A00, 0x0A00, 0x0A00, 0x0A00, 0x0A00, 0x0A00, 0x0A00, 0x0A00, 0x0A00, 0x0A00,
    0x0A00, 0x0A00, 0x0A00, 0x0A00, 0x0A00, 0x0A00, 0x0A00, 0x0A00, 0x0A00, 0x0A00,
    0x0A00, 0x0A00, 0x0A00, 0x0A00, 0x0A00, 0x0A00, 0x0A00, 0x0A00, 0x0A00, 0x0A00,
    0x0A00, 0x0A00, 0x0A00, 0x0A00, 0x0A00, 0x0A00, 0x0A00, 0x0A00, 0x0A00, 0x0A00,
    0x0A00, 0x0A00, 0x0A00, 0x0A00, 0x0A00, 0x0A00, 0x0A00, 0x0A00, 0x0A00, 0x0A00,
    0x0A00, 0x0A00, 0x0A00, 0x0A00, 0x0A00, 0x0A00, 0x0A00, 0x0A00, 0x0A00, 0x0A00,
    0x0A00, 0x0A00, 0x0A00, 0x0A00, 0x0A00, 0x0A00, 0x0A00, 0x0A00, 0x0A00, 0x0A00,
    0x0A00, 0x0A00, 0x0A00, 0x0A00, 0x0A00, 0x0A00, 0x0A00, 0x0A00, 0x0A00, 0x0A00,
    0x0A00, 0x0A18, 0x0A00, 0x0A00, 0x0A00, 0x0A00, 0x0A00, 0x0A00, 0x0A00, 0x0A00,
    0x0A00, 0x0A00, 0x0A00, 0x0A00, 0x0A00, 0x0A00, 0x0A00, 0x0A00, 0x0A00, 0x0A00,
    0x0A00, 0x0A00, 0x0A00, 0x0A00, 0x0A00, 0x0A00, 0x0A00, 0x0A00, 0x0A00, 0x0A00,
    0x0A00, 0x0A00, 0x0A00, 0x0A00, 0x0A00, 0x0A00, 0x0A00, 0x0A00, 0x0A00, 0x0A00,
    0x0A00, 0x0A00, 0x0A00, 0x0A00, 0x0A00, 0x0A00, 0x0A00, 0x0A00, 0x0A00, 0x0A00,
    0x0A00, 0x0A00, 0x0A00, 0x0A00, 0x0A00, 0x0A00, 0x0A00, 0x0A00, 0x0A00, 0x0A00,
    0x0A00, 0x0A00, 0x0A00, 0x0A00, 0x0A00, 0x0A00, 0x0A00, 0x0A00, 0x0A00, 0x0A00,
    0x0A00, 0x0A00, 0x0A00, 0x0A00, 0x0A00, 0x0A00, 0x0A00, 0x0A00, 0x0A00, 0x0A00,
    0x0A00, 0x0A00, 0x0A00, 0x0A00, 0x0A00, 0x0A00, 0x0A00, 0x0A00, 0x0A00, 0x0A00,
    0x0A00, 0x0A00, 0x0A00, 0x0A00, 0x0A00, 0x0A00, 0x0A00, 0x0A00, 0x0A00, 0x0A00,
    0x0A00, 0x0A00, 0x0A00, 0x0A00, 0x0A00, 0x0A00, 0x0A00, 0x0A00, 0x0A00, 0x0A00,
    0x0A00, 0x0A00, 0x0A00, 0x0A00, 0x0A00, 0x0A00, 0x0A00, 0x0A00, 0x0A00, 0x0A00,
    0x0A00, 0x0A00, 0x0A00, 0x0A00, 0x0A00, 0x0A00, 0x0A00, 0x0A00, 0x0A00, 0x0A00,
    0x0A00, 0x0A00, 0x0A00, 0x0A00, 0x0A00, 0x0A00, 0x0A00, 0x0A00, 0x0A00, 0x0A00,
    0x0A00, 0x0A00, 0x0A00, 0x0A00, 0x0A00, 0x0A00, 0x0A00, 0x0A00, 0x0A00, 0x0A00,
    0x0A00, 0x0A00, 0x0A00, 0x0A00, 0x0A00, 0x0A00, 0x0A00, 0x0A00, 0x0A00, 0x0A00,
    0x0A00, 0x0A00, 0x0A00, 0x0A00, 0x0A00, 0x0A00, 0x0A00, 0x0A00, 0x0A00, 0x0A00,
    0x0A00, 0x0A00, 0x0A18, 0x0A00, 0x0A00, 0x0A00, 0x0A00, 0x0A00, 0x0A00, 0x0A00,
    0x0A00, 0x0A00, 0x0A00, 0x0A00, 0x0A00, 0x0A00, 0x0A00, 0x0A00, 0x0A00, 0x0A00,
    0x0A00, 0x0A00, 0x0A00, 0x0A00, 0x0A00, 0x0A00, 0x0A00, 0x0A00, 0x0A00, 0x0A00,
    0x0A00, 0x0A00, 0x0A00, 0x0A00, 0x0A00, 0x0A00, 0x0A00, 0x0A00, 0x0A00, 0x0A00,
    0x0A00, 0x0A00, 0x0A00, 0x0A00, 0x0A00, 0x0A00, 0x0A00, 0x0A00, 0x0A00, 0x0A00,
    0x0A00, 0x0A00, 0x0A00, 0x0A00, 0x0A00, 0x0A00, 0x0A00, 0x0A00, 0x0A00, 0x0A00,
    0x0A00, 0x0A00, 0x0A00, 0x0A00, 0x0A00, 0x0A00, 0x0A00, 0x0A00, 0x0A00, 0x0A00,
    0x0A00, 0x0A00, 0x0A00, 0x0A00, 0x0A00, 0x0A00, 0x0A00, 0x0A00, 0x0A00, 0x0A00,
    0x0A00, 0x0A00, 0x0A00, 0x0A00, 0x0A00, 0x0A00, 0x0A00, 0x0A00, 0x0A00, 0x0A00,
    0x0A00, 0x0A00, 0x0A00, 0x0A00, 0x0A00, 0x0A00, 0x0A00, 0x0A00, 0x0A00, 0x0A00,
    0x0A00, 0x0A00, 0x0A00, 0x0A00, 0x0A00, 0x0A00, 0x0A00, 0x0A00, 0x0A00, 0x0A00,
    0x0A00, 0x0A00, 0x0A00, 0x0A00, 0x0A00, 0x0A00, 0x0A00, 0x0A00, 0x0A00, 0x0A00,
    0x0A00, 0x0A00, 0x0A00, 0x0A00, 0x0A00, 0x0A00, 0x0A00, 0x0A00, 0x0A00, 0x0A00,
    0x0A00, 0x0A00, 0x0A00, 0x0A00, 0x0A00, 0x0A00, 0x0A00, 0x0A00, 0x0A00, 0x0A00,
    0x0A00, 0x0A00, 0x0A00, 0x0A00, 0x0A00, 0x0A00, 0x0A00, 0x0A00, 0x0A00, 0x0A00,
    0x0A00, 0x0A00, 0x0A00, 0x0A00, 0x0A00, 0x0A00, 0x0A00, 0x0A00, 0x0A00, 0x0A00,
    0x0A00, 0x0A00, 0x0A00, 0x0A00, 0x0A00, 0x0A00, 0x0A00, 0x0A00, 0x0A00, 0x0A00,
    0x0A00, 0x0A00, 0x0A00, 0x0A18, 0x0A00, 0x0A00, 0x0A00, 0x0A00, 0x0A00, 0x0A00,
    0x0A00, 0x0A00, 0x0A00, 0x0A00, 0x0A00, 0x0A00, 0x0A00, 0x0A00, 0x0A00, 0x0A00,
    0x0A00, 0x0A00, 0x0A00, 0x0A00, 0x0A00, 0x0A00, 0x0A00, 0x0A00, 0x0A00, 0x0A00,
    0x0A00, 0x0A00, 0x0A00, 0x0A00, 0x0A00, 0x0A00, 0x0A00, 0x0A00, 0x0A00, 0x0A00,
    0x0A00, 0x0A00, 0x0A00, 0x0A00, 0x0A00, 0x0A00, 0x0A00, 0x0A00, 0x0A00, 0x0A00,
    0x0A00, 0x0A00, 0x0A00, 0x0A00, 0x0A00, 0x0A00, 0x0A00, 0x0A00, 0x0A00, 0x0A00,
    0x0A00, 0x0A00, 0x0A00, 0x0A00, 0x0A00, 0x0A00, 0x0A00, 0x0A00, 0x0A00, 0x0A00,
    0x0A00, 0x0A00, 0x0A00, 0x0A00, 0x0A00, 0x0A00, 0x0A00, 0x0A00, 0x0A00, 0x0A00,
    0x0A00, 0x0A00, 0x0A00, 0x0A00, 0x0A00, 0x0A00, 0x0A00, 0x0A00, 0x0A00, 0x0A00,
    0x0A00, 0x0A00, 0x0A00, 0x0A00, 0x0A00, 0x0A00, 0x0A00, 0x0A00, 0x0A00, 0x0A00,
    0x0A00, 0x0A00, 0x0A00, 0x0A00, 0x0A00, 0x0A00, 0x0A00, 0x0A00, 0x0A00, 0x0A00,
    0x0A00, 0x0A00, 0x0A00, 0x0A00, 0x0A00, 0x0A00, 0x0A00, 0x0A00, 0x0A00, 0x0A00,
    0x0A00, 0x0A00, 0x0A00, 0x0A00, 0x0A00, 0x0A00, 0x0A00, 0x0A00, 0x0A00, 0x0A00,
    0x0A00, 0x0A00, 0x0A00, 0x0A00, 0x0A00, 0x0A00, 0x0A00, 0x0A00, 0x0A00, 0x0A00,
    0x0A00, 0x0A00, 0x0A00, 0x0A00, 0x0A00, 0x0A00, 0x0A00, 0x0A00, 0x0A00, 0x0A00,
    0x0A00, 0x0A00, 0x0A00, 0x0A00, 0x0A00, 0x0A00, 0x0A00, 0x0A00, 0x0A00, 0x0A00,
    0x0A00, 0x0A00, 0x0A00, 0x0A00, 0x0A00, 0x0A00, 0x0A00, 0x0A00, 0x0A00, 0x0A00,
    0x0A00, 0x0A00, 0x0A00, 0x0A00, 0x0A00, 0x0A00, 0x0A00, 0x0A00, 0x0A00, 0x0A00,
    0x0A00, 0x0A00, 0x0A00, 0x0A00, 0x0A00, 0x0A00, 0x0A00, 0x0A00, 0x0A00, 0x0A00,
    0x0A00, 0x0A00, 0x0A18, 0x0A00, 0x0A00, 0x0A00, 0x0A00, 0x0A00, 0x0A00, 0x0A00,
    0x0A00, 0x0A00, 0x0A00, 0x0A00, 0x0A00, 0x0A00, 0x0A00, 0x0A00, 0x0A00, 0x0A00,
    0x0A00, 0x0A00, 0x0A00, 0x0A00, 0x0A00, 0x0A00, 0x0A00, 0x0A00, 0x0A00, 0x0A00,
    0x0A00, 0x0A00, 0x0A00, 0x0A00, 0x0A00, 0x0A00, 0x0A00, 0x0A00, 0x0A00, 0x0A00,
    0x0A00, 0x0A00, 0x0A00, 0x0A00, 0x0A00, 0x0A00, 0x0A00, 0x0A00, 0x0A00, 0x0A00,
    0x0A00, 0x0A00, 0x0A00, 0x0A00, 0x0A00, 0x0A00, 0x0A00, 0x0A00, 0x0A00, 0x0A00,
    0x0A00, 0x0A00, 0x0A00, 0x0A00, 0x0A00, 0x0A00, 0x0A00, 0x0A00, 0x0A00, 0x0A00,
    0x0A00, 0x0A00, 0x0A00, 0x0A00, 0x0A00, 0x0A00, 0x0A00, 0x0A00, 0x0A00, 0x0A00,
    0x0A00, 0x0A00, 0x0A00, 0x0A00, 0x0A00, 0x0A00, 0x0A00, 0x0A00, 0x0A00, 0x0A00,
    0x0A00, 0x0A00, 0x0A00, 0x0A00, 0x0A00, 0x0A00, 0x0A00, 0x0A00, 0x0A00, 0x0A00,
    0x0A00, 0x0A00, 0x0A00, 0x0A00, 0x0A00, 0x0A00, 0x0A00, 0x0A00, 0x0A00, 0x0A00,
    0x0A00, 0x0A00, 0x0A00, 0x0A00, 0x0A00, 0x0A00, 0x0A00, 0x0A00, 0x0A00, 0x0A00,
    0x0A00, 0x0A00, 0x0A00, 0x0A00, 0x0A00, 0x0A00, 0x0A00, 0x0A00, 0x0A00, 0x0A00,
    0x0A00, 0x0A00, 0x0A00, 0x0A00, 0x0A00, 0x0A00, 0x0A00, 0x0A00, 0x0A00, 0x0A00,
    0x0A00, 0x0A00, 0x0A00, 0x0A00, 0x0A00, 0x0A00, 0x0A00, 0x0A00, 0x0A00, 0x0A00,
    0x0A00, 0x0A00, 0x0A00, 0x0A00, 0x0A00, 0x0A00, 0x0A00, 0x0A00, 0x0A00, 0x0A00,
    0x0A00, 0x0A00, 0x0A00, 0x0A00, 0x0A00, 0x0A00, 0x0A00, 0x0A00, 0x0A00, 0x0A00,
    0x0A00, 0x0A00, 0x0A00, 0x0A18, 0x0A00, 0x0A00, 0x0A00, 0x0A00, 0x0A00, 0x0A00,
    0x0A00, 0x0A00, 0x0A00, 0x0A00, 0x0A00, 0x0A00, 0x0A00, 0x0A00, 0x0A00, 0x0A00,
    0x0A00, 0x0A00, 0x0A00, 0x0A00, 0x0A00, 0x0A00, 0x0A00, 0x0A00, 0x0A00, 0x0A00,
    0x0A00, 0x0A00, 0x0A00, 0x0A00, 0x0A00, 0x0A00, 0x0A00, 0x0A00, 0x0A00, 0x0A00,
    0x0A00, 0x0A00, 0x0A00, 0x0A00, 0x0A00, 0x0A00, 0x0A00, 0x0A00, 0x0A00, 0x0A00,
    0x0A00, 0x0A00, 0x0A00, 0x0A00, 0x0A00, 0x0A00, 0x0A00, 0x0A00, 0x0A00, 0x0A00,
    0x0A00, 0x0A00, 0x0A00, 0x0A00, 0x0A00, 0x0A00, 0x0A00, 0x0A00, 0x0A00, 0x0A00,
    0x0A00, 0x0A00, 0x0A00, 0x0A00, 0x0A00, 0x0A00, 0x0A00, 0x0A00, 0x0A00, 0x0A00,
    0x0A00, 0x0A00, 0x0A00, 0x0A00, 0x0A00, 0x0A00, 0x0A00, 0x0A00, 0x0A00, 0x0A00,
    0x0A00, 0x0A00, 0x0A00, 0x0A00, 0x0A00, 0x0A00, 0x0A00, 0x0A00, 0x0A00, 0x0A00,
    0x0A00, 0x0A00, 0x0A00, 0x0A00, 0x0A00, 0x0A00, 0x0A00, 0x0A00, 0x0A00, 0x0A00,
    0x0A00, 0x0A00, 0x0A00, 0x0A00, 0x0A00, 0x0A00, 0x0A00, 0x0A00, 0x0A00, 0x0A00,
    0x0A00, 0x0A00, 0x0A00, 0x0A00, 0x0A00, 0x0A00, 0x0A00, 0x0A00, 0x0A00, 0x0A00,
    0x0A00, 0x0A00, 0x0A00, 0x0A00, 0x0A00, 0x0A00, 0x0A00, 0x0A00, 0x0A00, 0x0A00,
    0x0A00, 0x0A00, 0x0A00, 0x0A00, 0x0A00, 0x0A00, 0x0A00, 0x0A00, 0x0A00, 0x0A00,
    0x0A00, 0x0A00, 0x0A00, 0x0A00, 0x0A00, 0x0A00, 0x0A00, 0x0A00, 0x0A00, 0x0A00,
    0x0A00, 0x0A00, 0x0A00, 0x0A00, 0x0A00, 0x0A00, 0x0A00, 0x0A00, 0x0A00, 0x0A00,
    0x0A00, 0x0A00, 0x0A00, 0x0A00, 0x0A18, 0x0A00, 0x0A00, 0x0A00, 0x0A00, 0x0A00,
    0x0A00, 0x0A00, 0x0A00, 0x0A00, 0x0A00, 0x0A00, 0x0A00, 0x0A00, 0x0A00, 0x0A00,
    0x0A00, 0x0A00, 0x0A00, 0x0A00, 0x0A00, 0x0A00, 0x0A00, 0x0A00, 0x0A00, 0x0A00,
    0x0A00, 0x0A00, 0x0A00, 0x0A00, 0x0A00, 0x0A00, 0x0A00, 0x0A00, 0x0A00, 0x0A00,
    0x0A00, 0x0A00, 0x0A00, 0x0A00, 0x0A00, 0x0A00, 0x0A00, 0x0A00, 0x0A00, 0x0A00,
    0x0A00, 0x0A00, 0x0A00, 0x0A00, 0x0A00, 0x0A00, 0x0A00, 0x0A00, 0x0A00, 0x0A00,
    0x0A00, 0x0A00, 0x0A00, 0x0A00, 0x0A00, 0x0A00, 0x0A00, 0x0A00, 0x0A00, 0x0A00,
    0x0A00, 0x0A00, 0x0A00, 0x0A00, 0x0A00, 0x0A00, 0x0A00, 0x0A00, 0x0A00, 0x0A00,
    0x0A00, 0x0A00, 0x0A00, 0x0A00, 0x0A00, 0x0A00, 0x0A00, 0x0A00, 0x0A00, 0x0A00,
    0x0A00, 0x0A00, 0x0A00, 0x0A00, 0x0A00, 0x0A00, 0x0A00, 0x0A00, 0x0A00, 0x0A00,
    0x0A00, 0x0A00, 0x0A00, 0x0A00, 0x0A00, 0x0A00, 0x0A00, 0x0A00, 0x0A00, 0x0A00,
    0x0A00, 0x0A00, 0x0A00, 0x0A00, 0x0A00, 0x0A00, 0x0A00, 0x0A00, 0x0A00, 0x0A00,
    0x0A00, 0x0A00, 0x0A00, 0x0A00, 0x0A00, 0x0A00, 0x0A00, 0x0A00, 0x0A00, 0x0A00,
    0x0A00, 0x0A00, 0x0A00, 0x0A00, 0x0A00, 0x0A00, 0x0A00, 0x0A00, 0x0A00, 0x0A00,
    0x0A00, 0x0A00, 0x0A00, 0x0A00, 0x0A00, 0x0A00, 0x0A00, 0x0A00, 0x0A00, 0x0A00,
    0x0A00, 0x0A00, 0x0A00, 0x0A00, 0x0A00, 0x0A00, 0x0A00, 0x0A00, 0x0A00, 0x0A00,
    0x0A00, 0x0A00, 0x0A00, 0x0A00, 0x0A00, 0x0A00, 0x0A00, 0x0A00, 0x0A00, 0x0A00,
    0x0A00, 0x0A00, 0x0A00, 0x0A00, 0x0A00, 0x0A00, 0x0A00, 0x0A00, 0x0A00, 0x0A00,
    0x0A00, 0x0A00, 0x0A00, 0x0A00, 0x0A00, 0x0A00, 0x0A00, 0x0A00, 0x0A00, 0x0A00,
    0x0A00, 0x0A00, 0x0A00, 0x0A18, 0x0A00, 0x0A00, 0x0A00, 0x0A00, 0x0A00, 0x0A00,
    0x0A00, 0x0A00, 0x0A00, 0x0A00, 0x0A00, 0x0A00, 0x0A00, 0x0A00, 0x0A00, 0x0A00,
    0x0A00, 0x0A00, 0x0A00, 0x0A00, 0x0A00, 0x0A00, 0x0A00, 0x0A00, 0x0A00, 0x0A00,
    0x0A00, 0x0A00, 0x0A00, 0x0A00, 0x0A00, 0x0A00, 0x0A00, 0x0A00, 0x0A00, 0x0A00,
    0x0A00, 0x0A00, 0x0A00, 0x0A00, 0x0A00, 0x0A00, 0x0A00, 0x0A00, 0x0A00, 0x0A00,
    0x0A00, 0x0A00, 0x0A00, 0x0A00, 0x0A00, 0x0A00, 0x0A00, 0x0A00, 0x0A00, 0x0A00,
    0x0A00, 0x0A00, 0x0A00, 0x0A00, 0x0A00, 0x0A00, 0x0A00, 0x0A00, 0x0A00, 0x0A00,
    0x0A00, 0x0A00, 0x0A00, 0x0A00, 0x0A00, 0x0A00, 0x0A00, 0x0A00, 0x0A00, 0x0A00,
    0x0A00, 0x0A00, 0x0A00, 0x0A00, 0x0A00, 0x0A00, 0x0A00, 0x0A00, 0x0A00, 0x0A00,
    0x0A00, 0x0A00, 0x0A00, 0x0A00, 0x0A00, 0x0A00, 0x0A00, 0x0A00, 0x0A00, 0x0A00,
    0x0A00, 0x0A00, 0x0A00, 0x0A00, 0x0A00, 0x0A00, 0x0A00, 0x0A00, 0x0A00, 0x0A00,
    0x0A00, 0x0A00, 0x0A00, 0x0A00, 0x0A00, 0x0A00, 0x0A00, 0x0A00, 0x0A00, 0x0A00,
    0x0A00, 0x0A00, 0x0A00, 0x0A00, 0x0A00, 0x0A00, 0x0A00, 0x0A00, 0x0A00, 0x0A00,
    0x0A00, 0x0A00, 0x0A00, 0x0A00, 0x0A00, 0x0A00, 0x0A00, 0x0A00, 0x0A00, 0x0A00,
    0x0A00, 0x0A00, 0x0A00, 0x0A00, 0x0A00, 0x0A00, 0x0A00, 0x0A00, 0x0A00, 0x0A00,
    0x0A00, 0x0A00, 0x0A00, 0x0A00, 0x0A00, 0x0A00, 0x0A00, 0x0A00, 0x0A00, 0x0A00,
    0x0A00, 0x0A00, 0x0A00, 0x0A00, 0x0A00, 0x0A00, 0x0A00, 0x0A00, 0x0A00, 0x0A00,
    0x0A00, 0x0A00, 0x0A00, 0x0A00, 0x0A18, 0x0A00, 0x0A00, 0x0A00, 0x0A00, 0x0A00,
    0x0A00, 0x0A00, 0x0A00, 0x0A00, 0x0A00, 0x0A00, 0x0A00, 0x0A00, 0x0A00, 0x0A00,
    0x0A00, 0x0A00, 0x0A00, 0x0A00, 0x0A00, 0x0A00, 0x0A00, 0x0A00, 0x0A00, 0x0A00,
    0x0A00, 0x0A00, 0x0A00, 0x0A00, 0x0A00, 0x0A00, 0x0A00, 0x0A00, 0x0A00, 0x0A00,
    0x0A00, 0x0A00, 0x0A00, 0x0A00, 0x0A00, 0x0A00, 0x0A00, 0x0A00, 0x0A00, 0x0A00,
    0x0A00, 0x0A00, 0x0A00, 0x0A00, 0x0A00, 0x0A00, 0x0A00, 0x0A00, 0x0A00, 0x0A00,
    0x0A00, 0x0A00, 0x0A00, 0x0A00, 0x0A00, 0x0A00, 0x0A00, 0x0A00, 0x0A00, 0x0A00,
    0x0A00, 0x0A00, 0x0A00, 0x0A00, 0x0A00, 0x0A00, 0x0A00, 0x0A00, 0x0A00, 0x0A00,
    0x0A00, 0x0A00, 0x0A00, 0x0A00, 0x0A00, 0x0A00, 0x0A00, 0x0A00, 0x0A00, 0x0A00,
    0x0A00, 0x0A00, 0x0A00, 0x0A00, 0x0A00, 0x0A00, 0x0A00, 0x0A00, 0x0A00, 0x0A00,
    0x0A00, 0x0A00, 0x0A00, 0x0A00, 0x0A00, 0x0A00, 0x0A00, 0x0A00, 0x0A00, 0x0A00,
    0x0A00, 0x0A00, 0x0A00, 0x0A00, 0x0A00, 0x0A00, 0x0A00, 0x0A00, 0x0A00, 0x0A00,
    0x0A00, 0x0A00, 0x0A00, 0x0A00, 0x0A00, 0x0A00, 0x0A00, 0x0A00, 0x0A00, 0x0A00,
    0x0A00, 0x0A00, 0x0A00, 0x0A00, 0x0A00, 0x0A00, 0x0A00, 0x0A00, 0x0A00, 0x0A00,
    0x0A00, 0x0A00, 0x0A00, 0x0A00, 0x0A00, 0x0A00, 0x0A00, 0x0A00, 0x0A00, 0x0A00,
    0x0A00, 0x0A00, 0x0A00, 0x0A00, 0x0A00, 0x0A00, 0x0A00, 0x0A00, 0x0A00, 0x0A00,
    0x0A00, 0x0A00, 0x0A00, 0x0A00, 0x0A00, 0x0A00, 0x0A00, 0x0A00, 0x0A00, 0x0A00,
    0x0A00, 0x0A00, 0x0A00, 0x0A00, 0x0A00, 0x0A18, 0x0A00, 0x0A00, 0x0A00, 0x0A00,
    0x0A00, 0x0A00, 0x0A00, 0x0A00, 0x0A00, 0x0A00, 0x0A00, 0x0A00, 0x0A00, 0x0A00,
    0x0A00, 0x0A00, 0x0A00, 0x0A00, 0x0A00, 0x0A00, 0x0A00, 0x0A00, 0x0A00, 0x0A00,
    0x0A00, 0x0A00, 0x0A00, 0x0A00, 0x0A00, 0x0A00, 0x0A00, 0x0A00, 0x0A00, 0x0A00,
    0x0A00, 0x0A00, 0x0A00, 0x0A00, 0x0A00, 0x0A00, 0x0A00, 0x0A00, 0x0A00, 0x0A00,
    0x0A00, 0x0A00, 0x0A00, 0x0A00, 0x0A00, 0x0A00, 0x0A00, 0x0A00, 0x0A00, 0x0A00,
    0x0A00, 0x0A00, 0x0A00, 0x0A00, 0x0A00, 0x0A00, 0x0A00, 0x0A00, 0x0A00, 0x0A00,
    0x0A00, 0x0A00, 0x0A00, 0x0A00, 0x0A00, 0x0A00, 0x0A00, 0x0A00, 0x0A00, 0x0A00,
    0x0A00, 0x0A00, 0x0A00, 0x0A00, 0x0A00, 0x0A00, 0x0A00, 0x0A00, 0x0A00, 0x0A00,
    0x0A00, 0x0A00, 0x0A00, 0x0A00, 0x0A00, 0x0A00, 0x0A00, 0x0A00, 0x0A00, 0x0A00,
    0x0A00, 0x0A00, 0x0A00, 0x0A00, 0x0A00, 0x0A00, 0x0A00, 0x0A00, 0x0A00, 0x0A00,
    0x0A00, 0x0A00, 0x0A00, 0x0A00, 0x0A00, 0x0A00, 0x0A00, 0x0A00, 0x0A00, 0x0A00,
    0x0A00, 0x0A00, 0x0A00, 0x0A00, 0x0A00, 0x0A00, 0x0A00, 0x0A00, 0x0A00, 0x0A00,
    0x0A00, 0x0A00, 0x0A00, 0x0A00, 0x0A00, 0x0A00, 0x0A00, 0x0A00, 0x0A00, 0x0A00,
    0x0A00, 0x0A00, 0x0A00, 0x0A00, 0x0A00, 0x0A00, 0x0A00, 0x0A00, 0x0A00, 0x0A00,
    0x0A00, 0x0A00, 0x0A00, 0x0A00, 0x0A00, 0x0A00, 0x0A00, 0x0A00, 0x0A00, 0x0A00,
    0x0A00, 0x0A00, 0x0A00, 0x0A00, 0x0A00, 0x0A00, 0x0A00, 0x0A00, 0x0A00, 0x0A00,
    0x0A00, 0x0A00, 0x0A00, 0x0A00, 0x0A00, 0x0A00, 0x0A00, 0x0A00, 0x0A00, 0x0A00,
    0x0A00, 0x0A00, 0x0A00, 0x0A00, 0x0A00, 0x0A00, 0x0A00, 0x0A00, 0x0A00, 0x0A00,
    0x0A00, 0x0A00, 0x0A00, 0x0A00, 0x0A18, 0x0A00, 0x0A00, 0x0A00, 0x0A00, 0x0A00,
    0x0A00, 0x0A00, 0x0A00, 0x0A00, 0x0A00, 0x0A00, 0x0A00, 0x0A00, 0x0A00, 0x0A00,
    0x0A00, 0x0A00, 0x0A00, 0x0A00, 0x0A00, 0x0A00, 0x0A00, 0x0A00, 0x0A00, 0x0A00,
    0x0A00, 0x0A00, 0x0A00, 0x0A00, 0x0A00, 0x0A00, 0x0A00, 0x0A00, 0x0A00, 0x0A00,
    0x0A00, 0x0A00, 0x0A00, 0x0A00, 0x0A00, 0x0A00, 0x0A00, 0x0A00, 0x0A00, 0x0A00,
    0x0A00, 0x0A00, 0x0A00, 0x0A00, 0x0A00, 0x0A00, 0x0A00, 0x0A00, 0x0A00, 0x0A00,
    0x0A00, 0x0A00, 0x0A00, 0x0A00, 0x0A00, 0x0A00, 0x0A00, 0x0A00, 0x0A00, 0x0A00,
    0x0A00, 0x0A00, 0x0A00, 0x0A00, 0x0A00, 0x0A00, 0x0A00, 0x0A00, 0x0A00, 0x0A00,
    0x0A00, 0x0A00, 0x0A00, 0x0A00, 0x0A00, 0x0A00, 0x0A00, 0x0A00, 0x0A00, 0x0A00,
    0x0A00, 0x0A00, 0x0A00, 0x0A00, 0x0A00, 0x0A00, 0x0A00, 0x0A00, 0x0A00, 0x0A00,
    0x0A00, 0x0A00, 0x0A00, 0x0A00, 0x0A00, 0x0A00, 0x0A00, 0x0A00, 0x0A00, 0x0A00,
    0x0A00, 0x0A00, 0x0A00, 0x0A00, 0x0A00, 0x0A00, 0x0A00, 0x0A00, 0x0A00, 0x0A00,
    0x0A00, 0x0A00, 0x0A00, 0x0A00, 0x0A00, 0x0A00, 0x0A00, 0x0A00, 0x0A00, 0x0A00,
    0x0A00, 0x0A00, 0x0A00, 0x0A00, 0x0A00, 0x0A00, 0x0A00, 0x0A00, 0x0A00, 0x0A00,
    0x0A00, 0x0A00, 0x0A00, 0x0A00, 0x0A00, 0x0A00, 0x0A00, 0x0A00, 0x0A00, 0x0A00,
    0x0A00, 0x0A00, 0x0A00, 0x0A00, 0x0A00, 0x0A00, 0x0A00, 0x0A00, 0x0A00, 0x0A00,
    0x0A00, 0x0A00, 0x0A00, 0x0A00, 0x0A00, 0x0A00, 0x0A00, 0x0A00, 0x0A00, 0x0A00,
    0x0A00, 0x0A00, 0x0A00, 0x0A00, 0x0A00, 0x0A18, 0x0A00, 0x0A00, 0x0A00, 0x0A00,
    0x0A00, 0x0A00, 0x0A00, 0x0A00, 0x0A00, 0x0A00, 0x0A00, 0x0A00, 0x0A00, 0x0A00,
    0x0A00, 0x0A00, 0x0A00, 0x0A00, 0x0A00, 0x0A00, 0x0A00, 0x0A00, 0x0A00, 0x0A00,
    0x0A00, 0x0A00, 0x0A00, 0x0A00, 0x0A00, 0x0A00, 0x0A00, 0x0A00, 0x0A00, 0x0A00,
    0x0A00, 0x0A00, 0x0A00, 0x0A00, 0x0A00, 0x0A00, 0x0A00, 0x0A00, 0x0A00, 0x0A00,
    0x0A00, 0x0A00, 0x0A00, 0x0A00, 0x0A00, 0x0A00, 0x0A00, 0x0A00, 0x0A00, 0x0A00,
    0x0A00, 0x0A00, 0x0A00, 0x0A00, 0x0A00, 0x0A00, 0x0A00, 0x0A00, 0x0A00, 0x0A00,
    0x0A00, 0x0A00, 0x0A00, 0x0A00, 0x0A00, 0x0A00, 0x0A00, 0x0A00, 0x0A00, 0x0A00,
    0x0A00, 0x0A00, 0x0A00, 0x0A00, 0x0A00, 0x0A00, 0x0A00, 0x0A00, 0x0A00, 0x0A00,
    0x0A00, 0x0A00, 0x0A00, 0x0A00, 0x0A00, 0x0A00, 0x0A00, 0x0A00, 0x0A00, 0x0A00,
    0x0A00, 0x0A00, 0x0A00, 0x0A00, 0x0A00, 0x0A00, 0x0A00, 0x0A00, 0x0A00, 0x0A00,
    0x0A00, 0x0A00, 0x0A00, 0x0A00, 0x0A00, 0x0A00, 0x0A00, 0x0A00, 0x0A00, 0x0A00,
    0x0A00, 0x0A00, 0x0A00, 0x0A00, 0x0A00, 0x0A00, 0x0A00, 0x0A00, 0x0A00, 0x0A00,
    0x0A00, 0x0A00, 0x0A00, 0x0A00, 0x0A00, 0x0A00, 0x0A00, 0x0A00, 0x0A00, 0x0A00,
    0x0A00, 0x0A00, 0x0A00, 0x0A00, 0x0A00, 0x0A00, 0x0A00, 0x0A00, 0x0A00, 0x0A00,
    0x0A00, 0x0A00, 0x0A00, 0x0A00, 0x0A00, 0x0A00, 0x0A00, 0x0A00, 0x0A00, 0x0A00,
    0x0A00, 0x0A00, 0x0A00, 0x0A00, 0x0A00, 0x0A00, 0x0A00, 0x0A00, 0x0A00, 0x0A00,
    0x0A00, 0x0A00, 0x0A00, 0x0A00, 0x0A00, 0x0A00, 0x0A18, 0x0A00, 0x0A00, 0x0A00,
    0x0A00, 0x0A00, 0x0A00, 0x0A00, 0x0A00, 0x0A00, 0x0A00, 0x0A00, 0x0A00, 0x0A00,
    0x0A00, 0x0A00, 0x0A00, 0x0A00, 0x0A00, 0x0A00, 0x0A00, 0x0A00, 0x0A00, 0x0A00,
    0x0A00, 0x0A00, 0x0A00, 0x0A00, 0x0A00, 0x0A00, 0x0A00, 0x0A00, 0x0A00, 0x0A00,
    0x0A00, 0x0A00, 0x0A00, 0x0A00, 0x0A00, 0x0A00, 0x0A00, 0x0A00, 0x0A00, 0x0A00,
    0x0A00, 0x0A00, 0x0A00, 0x0A00, 0x0A00, 0x0A00, 0x0A00, 0x0A00, 0x0A00, 0x0A00,
    0x0A00, 0x0A00, 0x0A00, 0x0A00, 0x0A00, 0x0A00, 0x0A00, 0x0A00, 0x0A00, 0x0A00,
    0x0A00, 0x0A00, 0x0A00, 0x0A00, 0x0A00, 0x0A00, 0x0A00, 0x0A00, 0x0A00, 0x0A00,
    0x0A00, 0x0A00, 0x0A00, 0x0A00, 0x0A00, 0x0A00, 0x0A00, 0x0A00, 0x0A00, 0x0A00,
    0x0A00, 0x0A00, 0x0A00, 0x0A00, 0x0A00, 0x0A00, 0x0A00, 0x0A00, 0x0A00, 0x0A00,
    0x0A00, 0x0A00, 0x0A00, 0x0A00, 0x0A00, 0x0A00, 0x0A00, 0x0A00, 0x0A00, 0x0A00,
    0x0A00, 0x0A00, 0x0A00, 0x0A00, 0x0A00, 0x0A00, 0x0A00, 0x0A00, 0x0A00, 0x0A00,
    0x0A00, 0x0A00, 0x0A00, 0x0A00, 0x0A00, 0x0A00, 0x0A00, 0x0A00, 0x0A00, 0x0A00,
    0x0A00, 0x0A00, 0x0A00, 0x0A00, 0x0A00, 0x0A00, 0x0A00, 0x0A00, 0x0A00, 0x0A00,
    0x0A00, 0x0A00, 0x0A00, 0x0A00, 0x0A00, 0x0A00, 0x0A00, 0x0A00, 0x0A00, 0x0A00,
    0x0A00, 0x0A00, 0x0A00, 0x0A00, 0x0A00, 0x0A00, 0x0A00, 0x0A00, 0x0A00, 0x0A00,
    0x0A00, 0x0A00, 0x0A00, 0x0A00, 0x0A00, 0x0A00, 0x0A00, 0x0A00, 0x0A00, 0x0A00,
    0x0A00, 0x0A00, 0x0A00, 0x0A00, 0x0A00, 0x0A00, 0x0A00, 0x0A00, 0x0A00, 0x0A00,
    0x0A00, 0x0A00, 0x0A00, 0x0A00, 0x0A00, 0x0A00, 0x0A00, 0x0A00, 0x0A00, 0x0A00,
    0x0A00, 0x0A00, 0x0A00, 0x0A00, 0x0A00, 0x0A18, 0x0A00, 0x0A00, 0x0A00, 0x0A00,
    0x0A00, 0x0A00, 0x0A00, 0x0A00, 0x0A00, 0x0A00, 0x0A00, 0x0A00, 0x0A00, 0x0A00,
    0x0A00, 0x0A00, 0x0A00, 0x0A00, 0x0A00, 0x0A00, 0x0A00, 0x0A00, 0x0A00, 0x0A00,
    0x0A00, 0x0A00, 0x0A00, 0x0A00, 0x0A00, 0x0A00, 0x0A00, 0x0A00, 0x0A00, 0x0A00,
    0x0A00, 0x0A00, 0x0A00, 0x0A00, 0x0A00, 0x0A00, 0x0A00, 0x0A00, 0x0A00, 0x0A00,
    0x0A00, 0x0A00, 0x0A00, 0x0A00, 0x0A00, 0x0A00, 0x0A00, 0x0A00, 0x0A00, 0x0A00,
    0x0A00, 0x0A00, 0x0A00, 0x0A00, 0x0A00, 0x0A00, 0x0A00, 0x0A00, 0x0A00, 0x0A00,
    0x0A00, 0x0A00, 0x0A00, 0x0A00, 0x0A00, 0x0A00, 0x0A00, 0x0A00, 0x0A00, 0x0A00,
    0x0A00, 0x0A00, 0x0A00, 0x0A00, 0x0A00, 0x0A00, 0x0A00, 0x0A00, 0x0A00, 0x0A00,
    0x0A00, 0x0A00, 0x0A00, 0x0A00, 0x0A00, 0x0A00, 0x0A00, 0x0A00, 0x0A00, 0x0A00,
    0x0A00, 0x0A00, 0x0A00, 0x0A00, 0x0A00, 0x0A00, 0x0A00, 0x0A00, 0x0A00, 0x0A00,
    0x0A00, 0x0A00, 0x0A00, 0x0A00, 0x0A00, 0x0A00, 0x0A00, 0x0A00, 0x0A00, 0x0A00,
    0x0A00, 0x0A00, 0x0A00, 0x0A00, 0x0A00, 0x0A00, 0x0A00, 0x0A00, 0x0A00, 0x0A00,
    0x0A00, 0x0A00, 0x0A00, 0x0A00, 0x0A00, 0x0A00, 0x0A00, 0x0A00, 0x0A00, 0x0A00,
    0x0A00, 0x0A00, 0x0A00, 0x0A00, 0x0A00, 0x0A00, 0x0A00, 0x0A00, 0x0A00, 0x0A00,
    0x0A00, 0x0A00, 0x0A00, 0x0A00, 0x0A00, 0x0A00, 0x0A00, 0x0A00, 0x0A00, 0x0A00,
    0x0A00, 0x0A00, 0x0A00, 0x0A00, 0x0A00, 0x0A00, 0x0A00, 0x0A00, 0x0A00, 0x0A00,
    0x0A00, 0x0A00, 0x0A00, 0x0A00, 0x0A00, 0x0A00, 0x0A18, 0x0A00, 0x0A00, 0x0A00,
    0x0A00, 0x0A00, 0x0A00, 0x0A00, 0x0A00, 0x0A00, 0x0A00, 0x0A00, 0x0A00, 0x0A00,
    0x0A00, 0x0A00, 0x0A00, 0x0A00, 0x0A00, 0x0A00, 0x0A00, 0x0A00, 0x0A00, 0x0A00,
    0x0A00, 0x0A00, 0x0A00, 0x0A00, 0x0A00, 0x0A00, 0x0A00, 0x0A00, 0x0A00, 0x0A00,
    0x0A00, 0x0A00, 0x0A00, 0x0A00, 0x0A00, 0x0A00, 0x0A00, 0x0A00, 0x0A00, 0x0A00,
    0x0A00, 0x0A00, 0x0A00, 0x0A00, 0x0A00, 0x0A00, 0x0A00, 0x0A00, 0x0A00, 0x0A00,
    0x0A00, 0x0A00, 0x0A00, 0x0A00, 0x0A00, 0x0A00, 0x0A00, 0x0A00, 0x0A00, 0x0A00,
    0x0A00, 0x0A00, 0x0A00, 0x0A00, 0x0A00, 0x0A00, 0x0A00, 0x0A00, 0x0A00, 0x0A00,
    0x0A00, 0x0A00, 0x0A00, 0x0A00, 0x0A00, 0x0A00, 0x0A00, 0x0A00, 0x0A00, 0x0A00,
    0x0A00, 0x0A00, 0x0A00, 0x0A00, 0x0A00, 0x0A00, 0x0A00, 0x0A00, 0x0A00, 0x0A00,
    0x0A00, 0x0A00, 0x0A00, 0x0A00, 0x0A00, 0x0A00, 0x0A00, 0x0A00, 0x0A00, 0x0A00,
    0x0A00, 0x0A00, 0x0A00, 0x0A00, 0x0A00, 0x0A00, 0x0A00, 0x0A00, 0x0A00, 0x0A00,
    0x0A00, 0x0A00, 0x0A00, 0x0A00, 0x0A00, 0x0A00, 0x0A00, 0x0A00, 0x0A00, 0x0A00,
    0x0A00, 0x0A00, 0x0A00, 0x0A00, 0x0A00, 0x0A00, 0x0A00, 0x0A00, 0x0A00, 0x0A00,
    0x0A00, 0x0A00, 0x0A00, 0x0A00, 0x0A00, 0x0A00, 0x0A00, 0x0A00, 0x0A00, 0x0A00,
    0x0A00, 0x0A00, 0x0A00, 0x0A00, 0x0A00, 0x0A00, 0x0A00, 0x0A00, 0x0A00, 0x0A00,
    0x0A00, 0x0A00, 0x0A00, 0x0A00, 0x0A00, 0x0A00, 0x0A00, 0x0A00, 0x0A00, 0x0A00,
    0x0A00, 0x0A00, 0x0A00, 0x0A00, 0x0A00, 0x0A00, 0x0A00, 0x0A18, 0x0A00, 0x0A00,
    0x0A00, 0x0A00, 0x0A00, 0x0A00, 0x0A00, 0x0A00, 0x0A00, 0x0A00, 0x0A00, 0x0A00,
    0x0A00, 0x0A00, 0x0A00, 0x0A00, 0x0A00, 0x0A00, 0x0A00, 0x0A00, 0x0A00, 0x0A00,
    0x0A00, 0x0A00, 0x0A00, 0x0A00, 0x0A00, 0x0A00, 0x0A00, 0x0A00, 0x0A00, 0x0A00,
    0x0A00, 0x0A00, 0x0A00, 0x0A00, 0x0A00, 0x0A00, 0x0A00, 0x0A00, 0x0A00, 0x0A00,
    0x0A00, 0x0A00, 0x0A00, 0x0A00, 0x0A00, 0x0A00, 0x0A00, 0x0A00, 0x0A00, 0x0A00,
    0x0A00, 0x0A00, 0x0A00, 0x0A00, 0x0A00, 0x0A00, 0x0A00, 0x0A00, 0x0A00, 0x0A00,
    0x0A00, 0x0A00, 0x0A00, 0x0A00, 0x0A00, 0x0A00, 0x0A00, 0x0A00, 0x0A00, 0x0A00,
    0x0A00, 0x0A00, 0x0A00, 0x0A00, 0x0A00, 0x0A00, 0x0A00, 0x0A00, 0x0A00, 0x0A00,
    0x0A00, 0x0A00, 0x0A00, 0x0A00, 0x0A00, 0x0A00, 0x0A00, 0x0A00, 0x0A00, 0x0A00,
    0x0A00, 0x0A00, 0x0A00, 0x0A00, 0x0A00, 0x0A00, 0x0A00, 0x0A00, 0x0A00, 0x0A00,
    0x0A00, 0x0A00, 0x0A00, 0x0A00, 0x0A00, 0x0A00, 0x0A00, 0x0A00, 0x0A00, 0x0A00,
    0x0A00, 0x0A00, 0x0A00, 0x0A00, 0x0A00, 0x0A00, 0x0A00, 0x0A00, 0x0A00, 0x0A00,
    0x0A00, 0x0A00, 0x0A00, 0x0A00, 0x0A00, 0x0A00, 0x0A00, 0x0A00, 0x0A00, 0x0A00,
    0x0A00, 0x0A00, 0x0A00, 0x0A00, 0x0A00, 0x0A00, 0x0A00, 0x0A00, 0x0A00, 0x0A00,
    0x0A00, 0x0A00, 0x0A00, 0x0A00, 0x0A00, 0x0A00, 0x0A00, 0x0A00, 0x0A00, 0x0A00,
    0x0A00, 0x0A00, 0x0A00, 0x0A00, 0x0A00, 0x0A00, 0x0A00, 0x0A00, 0x0A00, 0x0A00,
    0x0A00, 0x0A00, 0x0A00, 0x0A00, 0x0A00, 0x0A00, 0x0A00, 0x0A00, 0x0A00, 0x0A00,
    0x0A00, 0x0A00, 0x0A00, 0x0A00, 0x0A00, 0x0A00, 0x0A00, 0x0A00, 0x0A00, 0x0A00,
    0x0A00, 0x0A00, 0x0A00, 0x0A00, 0x0A00, 0x0A00, 0x0A18, 0x0A00, 0x0A00, 0x0A00,
    0x0A00, 0x0A00, 0x0A00, 0x0A00, 0x0A00, 0x0A00, 0x0A00, 0x0A00, 0x0A00, 0x0A00,
    0x0A00, 0x0A00, 0x0A00, 0x0A00, 0x0A00, 0x0A00, 0x0A00, 0x0A00, 0x0A00, 0x0A00,
    0x0A00, 0x0A00, 0x0A00, 0x0A00, 0x0A00, 0x0A00, 0x0A00, 0x0A00, 0x0A00, 0x0A00,
    0x0A00, 0x0A00, 0x0A00, 0x0A00, 0x0A00, 0x0A00, 0x0A00, 0x0A00, 0x0A00, 0x0A00,
    0x0A00, 0x0A00, 0x0A00, 0x0A00, 0x0A00, 0x0A00, 0x0A00, 0x0A00, 0x0A00, 0x0A00,
    0x0A00, 0x0A00, 0x0A00, 0x0A00, 0x0A00, 0x0A00, 0x0A00, 0x0A00, 0x0A00, 0x0A00,
    0x0A00, 0x0A00, 0x0A00, 0x0A00, 0x0A00, 0x0A00, 0x0A00, 0x0A00, 0x0A00, 0x0A00,
    0x0A00, 0x0A00, 0x0A00, 0x0A00, 0x0A00, 0x0A00, 0x0A00, 0x0A00, 0x0A00, 0x0A00,
    0x0A00, 0x0A00, 0x0A00, 0x0A00, 0x0A00, 0x0A00, 0x0A00, 0x0A00, 0x0A00, 0x0A00,
    0x0A00, 0x0A00, 0x0A00, 0x0A00, 0x0A00, 0x0A00, 0x0A00, 0x0A00, 0x0A00, 0x0A00,
    0x0A00, 0x0A00, 0x0A00, 0x0A00, 0x0A00, 0x0A00, 0x0A00, 0x0A00, 0x0A00, 0x0A00,
    0x0A00, 0x0A00, 0x0A00, 0x0A00, 0x0A00, 0x0A00, 0x0A00, 0x0A00, 0x0A00, 0x0A00,
    0x0A00, 0x0A00, 0x0A00, 0x0A00, 0x0A00, 0x0A00, 0x0A00, 0x0A00, 0x0A00, 0x0A00,
    0x0A00, 0x0A00, 0x0A00, 0x0A00, 0x0A00, 0x0A00, 0x0A00, 0x0A00, 0x0A00, 0x0A00,
    0x0A00, 0x0A00, 0x0A00, 0x0A00, 0x0A00, 0x0A00, 0x0A00, 0x0A00, 0x0A00, 0x0A00,
    0x0A00, 0x0A00, 0x0A00, 0x0A00, 0x0A00, 0x0A00, 0x0A00, 0x0A00, 0x0A00, 0x0A00,
    0x0A00, 0x0A00, 0x0A00, 0x0A00, 0x0A00, 0x0A00, 0x0A00, 0x0A18, 0x0A00, 0x0A00,
    0x0A00, 0x0A00, 0x0A00, 0x0A00, 0x0A00, 0x0A00, 0x0A00, 0x0A00, 0x0A00, 0x0A00,
    0x0A00, 0x0A00, 0x0A00, 0x0A00, 0x0A00, 0x0A00, 0x0A00, 0x0A00, 0x0A00, 0x0A00,
    0x0A00, 0x0A00, 0x0A00, 0x0A00, 0x0A00, 0x0A00, 0x0A00, 0x0A00, 0x0A00, 0x0A00,
    0x0A00, 0x0A00, 0x0A00, 0x0A00, 0x0A00, 0x0A00, 0x0A00, 0x0A00, 0x0A00, 0x0A00,
    0x0A00, 0x0A00, 0x0A00, 0x0A00, 0x0A00, 0x0A00, 0x0A00, 0x0A00, 0x0A00, 0x0A00,
    0x0A00, 0x0A00, 0x0A00, 0x0A00, 0x0A00, 0x0A00, 0x0A00, 0x0A00, 0x0A00, 0x0A00,
    0x0A00, 0x0A00, 0x0A00, 0x0A00, 0x0A00, 0x0A00, 0x0A00, 0x0A00, 0x0A00, 0x0A00,
    0x0A00, 0x0A00, 0x0A00, 0x0A00, 0x0A00, 0x0A00, 0x0A00, 0x0A00, 0x0A00, 0x0A00,
    0x0A00, 0x0A00, 0x0A00, 0x0A00, 0x0A00, 0x0A00, 0x0A00, 0x0A00, 0x0A00, 0x0A00,
    0x0A00, 0x0A00, 0x0A00, 0x0A00, 0x0A00, 0x0A00, 0x0A00, 0x0A00, 0x0A00, 0x0A00,
    0x0A00, 0x0A00, 0x0A00, 0x0A00, 0x0A00, 0x0A00, 0x0A00, 0x0A00, 0x0A00, 0x0A00,
    0x0A00, 0x0A00, 0x0A00, 0x0A00, 0x0A00, 0x0A00, 0x0A00, 0x0A00, 0x0A00, 0x0A00,
    0x0A00, 0x0A00, 0x0A00, 0x0A00, 0x0A00, 0x0A00, 0x0A00, 0x0A00, 0x0A00, 0x0A00,
    0x0A00, 0x0A00, 0x0A00, 0x0A00, 0x0A00, 0x0A00, 0x0A00, 0x0A00, 0x0A00, 0x0A00,
    0x0A00, 0x0A00, 0x0A00, 0x0A00, 0x0A00, 0x0A00, 0x0A00, 0x0A00, 0x0A00, 0x0A00,
    0x0A00, 0x0A00, 0x0A00, 0x0A00, 0x0A00, 0x0A00, 0x0A00, 0x0A00, 0x0A00, 0x0A00,
    0x0A00, 0x0A00, 0x0A00, 0x0A00, 0x0A00, 0x0A00, 0x0A00, 0x0A00, 0x0A18, 0x0A00,
    0x0A00, 0x0A00, 0x0A00, 0x0A00, 0x0A00, 0x0A00, 0x0A00, 0x0A00, 0x0A00, 0x0A00,
    0x0A00, 0x0A00, 0x0A00, 0x0A00, 0x0A00, 0x0A00, 0x0A00, 0x0A00, 0x0A00, 0x0A00,
    0x0A00, 0x0A00, 0x0A00, 0x0A00, 0x0A00, 0x0A00, 0x0A00, 0x0A00, 0x0A00, 0x0A00,
    0x0A00, 0x0A00, 0x0A00, 0x0A00, 0x0A00, 0x0A00, 0x0A00, 0x0A00, 0x0A00, 0x0A00,
    0x0A00, 0x0A00, 0x0A00, 0x0A00, 0x0A00, 0x0A00, 0x0A00, 0x0A00, 0x0A00, 0x0A00,
    0x0A00, 0x0A00, 0x0A00, 0x0A00, 0x0A00, 0x0A00, 0x0A00, 0x0A00, 0x0A00, 0x0A00,
    0x0A00, 0x0A00, 0x0A00, 0x0A00, 0x0A00, 0x0A00, 0x0A00, 0x0A00, 0x0A00, 0x0A00,
    0x0A00, 0x0A00, 0x0A00, 0x0A00, 0x0A00, 0x0A00, 0x0A00, 0x0A00, 0x0A00, 0x0A00,
    0x0A00, 0x0A00, 0x0A00, 0x0A00, 0x0A00, 0x0A00, 0x0A00, 0x0A00, 0x0A00, 0x0A00,
    0x0A00, 0x0A00, 0x0A00, 0x0A00, 0x0A00, 0x0A00, 0x0A00, 0x0A00, 0x0A00, 0x0A00,
    0x0A00, 0x0A00, 0x0A00, 0x0A00, 0x0A00, 0x0A00, 0x0A00, 0x0A00, 0x0A00, 0x0A00,
    0x0A00, 0x0A00, 0x0A00, 0x0A00, 0x0A00, 0x0A00, 0x0A00, 0x0A00, 0x0A00, 0x0A00,
    0x0A00, 0x0A00, 0x0A00, 0x0A00, 0x0A00, 0x0A00, 0x0A00, 0x0A00, 0x0A00, 0x0A00,
    0x0A00, 0x0A00, 0x0A00, 0x0A00, 0x0A00, 0x0A00, 0x0A00, 0x0A00, 0x0A00, 0x0A00,
    0x0A00, 0x0A00, 0x0A00, 0x0A00, 0x0A00, 0x0A00, 0x0A00, 0x0A00, 0x0A00, 0x0A00,
    0x0A00, 0x0A00, 0x0A00, 0x0A00, 0x0A00, 0x0A00, 0x0A00, 0x0A00, 0x0A00, 0x0A00,
    0x0A00, 0x0A00, 0x0A00, 0x0A00, 0x0A00, 0x0A00, 0x0A00, 0x0A00, 0x0A00, 0x0A00,
    0x0A00, 0x0A00, 0x0A00, 0x0A00, 0x0A00, 0x0A00, 0x0A00, 0x0A00, 0x0A00, 0x0A00,
    0x0A00, 0x0A00, 0x0A00, 0x0A00, 0x0A00, 0x0A00, 0x0A00, 0x0A18, 0x0A00, 0x0A00,
    0x0A00, 0x0A00, 0x0A00, 0x0A00, 0x0A00, 0x0A00, 0x0A00, 0x0A00, 0x0A00, 0x0A00,
    0x0A00, 0x0A00, 0x0A00, 0x0A00, 0x0A00, 0x0A00, 0x0A00, 0x0A00, 0x0A00, 0x0A00,
    0x0A00, 0x0A00, 0x0A00, 0x0A00, 0x0A00, 0x0A00, 0x0A00, 0x0A00, 0x0A00, 0x0A00,
    0x0A00, 0x0A00, 0x0A00, 0x0A00, 0x0A00, 0x0A00, 0x0A00, 0x0A00, 0x0A00, 0x0A00,
    0x0A00, 0x0A00, 0x0A00, 0x0A00, 0x0A00, 0x0A00, 0x0A00, 0x0A00, 0x0A00, 0x0A00,
    0x0A00, 0x0A00, 0x0A00, 0x0A00, 0x0A00, 0x0A00, 0x0A00, 0x0A00, 0x0A00, 0x0A00,
    0x0A00, 0x0A00, 0x0A00, 0x0A00, 0x0A00, 0x0A00, 0x0A00, 0x0A00, 0x0A00, 0x0A00,
    0x0A00, 0x0A00, 0x0A00, 0x0A00, 0x0A00, 0x0A00, 0x0A00, 0x0A00, 0x0A00, 0x0A00,
    0x0A00, 0x0A00, 0x0A00, 0x0A00, 0x0A00, 0x0A00, 0x0A00, 0x0A00, 0x0A00, 0x0A00,
    0x0A00, 0x0A00, 0x0A00, 0x0A00, 0x0A00, 0x0A00, 0x0A00, 0x0A00, 0x0A00, 0x0A00,
    0x0A00, 0x0A00, 0x0A00, 0x0A00, 0x0A00, 0x0A00, 0x0A00, 0x0A00, 0x0A00, 0x0A00,
    0x0A00, 0x0A00, 0x0A00, 0x0A00, 0x0A00, 0x0A00, 0x0A00, 0x0A00, 0x0A00, 0x0A00,
    0x0A00, 0x0A00, 0x0A00, 0x0A00, 0x0A00, 0x0A00, 0x0A00, 0x0A00, 0x0A00, 0x0A00,
    0x0A00, 0x0A00, 0x0A00, 0x0A00, 0x0A00, 0x0A00, 0x0A00, 0x0A00, 0x0A00, 0x0A00,
    0x0A00, 0x0A00, 0x0A00, 0x0A00, 0x0A00, 0x0A00, 0x0A00, 0x0A00, 0x0A00, 0x0A00,
    0x0A00, 0x0A00, 0x0A00, 0x0A00, 0x0A00, 0x0A00, 0x0A00, 0x0A00, 0x0A00, 0x0A00,
    0x0A00, 0x0A00, 0x0A00, 0x0A00, 0x0A00, 0x0A00, 0x0A00, 0x0A00, 0x0A18, 0x0A00,
    0x0A00, 0x0A00, 0x0A00, 0x0A00, 0x0A00, 0x0A00, 0x0A00, 0x0A00, 0x0A00, 0x0A00,
    0x0A00, 0x0A00, 0x0A00, 0x0A00, 0x0A00, 0x0A00, 0x0A00, 0x0A00, 0x0A00, 0x0A00,
    0x0A00, 0x0A00, 0x0A00, 0x0A00, 0x0A00, 0x0A00, 0x0A00, 0x0A00, 0x0A00, 0x0A00,
    0x0A00, 0x0A00, 0x0A00, 0x0A00, 0x0A00, 0x0A00, 0x0A00, 0x0A00, 0x0A00, 0x0A00,
    0x0A00, 0x0A00, 0x0A00, 0x0A00, 0x0A00, 0x0A00, 0x0A00, 0x0A00, 0x0A00, 0x0A00,
    0x0A00, 0x0A00, 0x0A00, 0x0A00, 0x0A00, 0x0A00, 0x0A00, 0x0A00, 0x0A00, 0x0A00,
    0x0A00, 0x0A00, 0x0A00, 0x0A00, 0x0A00, 0x0A00, 0x0A00, 0x0A00, 0x0A00, 0x0A00,
    0x0A00, 0x0A00, 0x0A00, 0x0A00, 0x0A00, 0x0A00, 0x0A00, 0x0A00, 0x0A00, 0x0A00,
    0x0A00, 0x0A00, 0x0A00, 0x0A00, 0x0A00, 0x0A00, 0x0A00, 0x0A00, 0x0A00, 0x0A00,
    0x0A00, 0x0A00, 0x0A00, 0x0A00, 0x0A00, 0x0A00, 0x0A00, 0x0A00, 0x0A00, 0x0A00,
    0x0A00, 0x0A00, 0x0A00, 0x0A00, 0x0A00, 0x0A00, 0x0A00, 0x0A00, 0x0A00, 0x0A00,
    0x0A00, 0x0A00, 0x0A00, 0x0A00, 0x0A00, 0x0A00, 0x0A00, 0x0A00, 0x0A00, 0x0A00,
    0x0A00, 0x0A00, 0x0A00, 0x0A00, 0x0A00, 0x0A00, 0x0A00, 0x0A00, 0x0A00, 0x0A00,
    0x0A00, 0x0A00, 0x0A00, 0x0A00, 0x0A00, 0x0A00, 0x0A00, 0x0A00, 0x0A00, 0x0A00,
    0x0A00, 0x0A00, 0x0A00, 0x0A00, 0x0A00, 0x0A00, 0x0A00, 0x0A00, 0x0A00, 0x0A00,
    0x0A00, 0x0A00, 0x0A00, 0x0A00, 0x0A00, 0x0A00, 0x0A00, 0x0A00, 0x0A00, 0x0A00,
    0x0A00, 0x0A00, 0x0A00, 0x0A00, 0x0A00, 0x0A00, 0x0A00, 0x0A00, 0x0A00, 0x0A18,
    0x0A00, 0x0A00, 0x0A00, 0x0A00, 0x0A00, 0x0A00, 0x0A00, 0x0A00, 0x0A00, 0x0A00,
    0x0A00, 0x0A00, 0x0A00, 0x0A00, 0x0A00, 0x0A00, 0x0A00, 0x0A00, 0x0A00, 0x0A00,
    0x0A00, 0x0A00, 0x0A00, 0x0A00, 0x0A00, 0x0A00, 0x0A00, 0x0A00, 0x0A00, 0x0A00,
    0x0A00, 0x0A00, 0x0A00, 0x0A00, 0x0A00, 0x0A00, 0x0A00, 0x0A00, 0x0A00, 0x0A00,
    0x0A00, 0x0A00, 0x0A00, 0x0A00, 0x0A00, 0x0A00, 0x0A00, 0x0A00, 0x0A00, 0x0A00,
    0x0A00, 0x0A00, 0x0A00, 0x0A00, 0x0A00, 0x0A00, 0x0A00, 0x0A00, 0x0A00, 0x0A00,
    0x0A00, 0x0A00, 0x0A00, 0x0A00, 0x0A00, 0x0A00, 0x0A00, 0x0A00, 0x0A00, 0x0A00,
    0x0A00, 0x0A00, 0x0A00, 0x0A00, 0x0A00, 0x0A00, 0x0A00, 0x0A00, 0x0A00, 0x0A00,
    0x0A00, 0x0A00, 0x0A00, 0x0A00, 0x0A00, 0x0A00, 0x0A00, 0x0A00, 0x0A00, 0x0A00,
    0x0A00, 0x0A00, 0x0A00, 0x0A00, 0x0A00, 0x0A00, 0x0A00, 0x0A00, 0x0A00, 0x0A00,
    0x0A00, 0x0A00, 0x0A00, 0x0A00, 0x0A00, 0x0A00, 0x0A00, 0x0A00, 0x0A00, 0x0A00,
    0x0A00, 0x0A00, 0x0A00, 0x0A00, 0x0A00, 0x0A00, 0x0A00, 0x0A00, 0x0A00, 0x0A00,
    0x0A00, 0x0A00, 0x0A00, 0x0A00, 0x0A00, 0x0A00, 0x0A00, 0x0A00, 0x0A00, 0x0A00,
    0x0A00, 0x0A00, 0x0A00, 0x0A00, 0x0A00, 0x0A00, 0x0A00, 0x0A00, 0x0A00, 0x0A00,
    0x0A00, 0x0A00, 0x0A00, 0x0A00, 0x0A00, 0x0A00, 0x0A00, 0x0A00, 0x0A00, 0x0A00,
    0x0A00, 0x0A00, 0x0A00, 0x0A00, 0x0A00, 0x0A00, 0x0A00, 0x0A00, 0x0A00, 0x0A00,
    0x0A00, 0x0A00, 0x0A00, 0x0A00, 0x0A00, 0x0A00, 0x0A00, 0x0A00, 0x0A00, 0x0A00,
    0x0A00, 0x0A00, 0x0A00, 0x0A00, 0x0A00, 0x0A00, 0x0A00, 0x0A00, 0x0A00, 0x0A00,
    0x0A00, 0x0A00, 0x0A00, 0x0A00, 0x0A00, 0x0A00, 0x0A00, 0x0A00, 0x0A18, 0x0A00,
    0x0A00, 0x0A00, 0x0A00, 0x0A00, 0x0A00, 0x0A00, 0x0A00, 0x0A00, 0x0A00, 0x0A00,
    0x0A00, 0x0A00, 0x0A00, 0x0A00, 0x0A00, 0x0A00, 0x0A00, 0x0A00, 0x0A00, 0x0A00,
    0x0A00, 0x0A00, 0x0A00, 0x0A00, 0x0A00, 0x0A00, 0x0A00, 0x0A00, 0x0A00, 0x0A00,
    0x0A00, 0x0A00, 0x0A00, 0x0A00, 0x0A00, 0x0A00, 0x0A00, 0x0A00, 0x0A00, 0x0A00,
    0x0A00, 0x0A00, 0x0A00, 0x0A00, 0x0A00, 0x0A00, 0x0A00, 0x0A00, 0x0A00, 0x0A00,
    0x0A00, 0x0A00, 0x0A00, 0x0A00, 0x0A00, 0x0A00, 0x0A00, 0x0A00, 0x0A00, 0x0A00,
    0x0A00, 0x0A00, 0x0A00, 0x0A00, 0x0A00, 0x0A00, 0x0A00, 0x0A00, 0x0A00, 0x0A00,
    0x0A00, 0x0A00, 0x0A00, 0x0A00, 0x0A00, 0x0A00, 0x0A00, 0x0A00, 0x0A00, 0x0A00,
    0x0A00, 0x0A00, 0x0A00, 0x0A00, 0x0A00, 0x0A00, 0x0A00, 0x0A00, 0x0A00, 0x0A00,
    0x0A00, 0x0A00, 0x0A00, 0x0A00, 0x0A00, 0x0A00, 0x0A00, 0x0A00, 0x0A00, 0x0A00,
    0x0A00, 0x0A00, 0x0A00, 0x0A00, 0x0A00, 0x0A00, 0x0A00, 0x0A00, 0x0A00, 0x0A00,
    0x0A00, 0x0A00, 0x0A00, 0x0A00, 0x0A00, 0x0A00, 0x0A00, 0x0A00, 0x0A00, 0x0A00,
    0x0A00, 0x0A00, 0x0A00, 0x0A00, 0x0A00, 0x0A00, 0x0A00, 0x0A00, 0x0A00, 0x0A00,
    0x0A00, 0x0A00, 0x0A00, 0x0A00, 0x0A00, 0x0A00, 0x0A00, 0x0A00, 0x0A00, 0x0A00,
    0x0A00, 0x0A00, 0x0A00, 0x0A00, 0x0A00, 0x0A00, 0x0A00, 0x0A00, 0x0A00, 0x0A00,
    0x0A00, 0x0A00, 0x0A00, 0x0A00, 0x0A00, 0x0A00, 0x0A00, 0x0A00, 0x0A00, 0x0A00,
    0x0A00, 0x0A00, 0x0A00, 0x0A00, 0x0A00, 0x0A00, 0x0A00, 0x0A00, 0x0A00, 0x0A18,
    0x0A00, 0x0A00, 0x0A00, 0x0A00, 0x0A00, 0x0A00, 0x0A00, 0x0A00, 0x0A00, 0x0A00,
    0x0A00, 0x0A00, 0x0A00, 0x0A00, 0x0A00, 0x0A00, 0x0A00, 0x0A00, 0x0A00, 0x0A00,
    0x0A00, 0x0A00, 0x0A00, 0x0A00, 0x0A00, 0x0A00, 0x0A00, 0x0A00, 0x0A00, 0x0A00,
    0x0A00, 0x0A00, 0x0A00, 0x0A00, 0x0A00, 0x0A00, 0x0A00, 0x0A00, 0x0A00, 0x0A00,
    0x0A00, 0x0A00, 0x0A00, 0x0A00, 0x0A00, 0x0A00, 0x0A00, 0x0A00, 0x0A00, 0x0A00,
    0x0A00, 0x0A00, 0x0A00, 0x0A00, 0x0A00, 0x0A00, 0x0A00, 0x0A00, 0x0A00, 0x0A00,
    0x0A00, 0x0A00, 0x0A00, 0x0A00, 0x0A00, 0x0A00, 0x0A00, 0x0A00, 0x0A00, 0x0A00,
    0x0A00, 0x0A00, 0x0A00, 0x0A00, 0x0A00, 0x0A00, 0x0A00, 0x0A00, 0x0A00, 0x0A00,
    0x0A00, 0x0A00, 0x0A00, 0x0A00, 0x0A00, 0x0A00, 0x0A00, 0x0A00, 0x0A00, 0x0A00,
    0x0A00, 0x0A00, 0x0A00, 0x0A00, 0x0A00, 0x0A00, 0x0A00, 0x0A00, 0x0A00, 0x0A00,
    0x0A00, 0x0A00, 0x0A00, 0x0A00, 0x0A00, 0x0A00, 0x0A00, 0x0A00, 0x0A00, 0x0A00,
    0x0A00, 0x0A00, 0x0A00, 0x0A00, 0x0A00, 0x0A00, 0x0A00, 0x0A00, 0x0A00, 0x0A00,
    0x0A00, 0x0A00, 0x0A00, 0x0A00, 0x0A00, 0x0A00, 0x0A00, 0x0A00, 0x0A00, 0x0A00,
    0x0A00, 0x0A00, 0x0A00, 0x0A00, 0x0A00, 0x0A00, 0x0A00, 0x0A00, 0x0A00, 0x0A00,
    0x0A00, 0x0A00, 0x0A00, 0x0A00, 0x0A00, 0x0A00, 0x0A00, 0x0A00, 0x0A00, 0x0A00,
    0x0A00, 0x0A00, 0x0A00, 0x0A00, 0x0A00, 0x0A00, 0x0A00, 0x0A00, 0x0A00, 0x0A00,
    0x0A00, 0x0A00, 0x0A00, 0x0A00, 0x0A00, 0x0A00, 0x0A00, 0x0A00, 0x0A00, 0x0A00,
    0x0A18, 0x0A00, 0x0A00, 0x0A00, 0x0A00, 0x0A00, 0x0A00, 0x0A00, 0x0A00, 0x0A00,
    0x0A00, 0x0A00, 0x0A00, 0x0A00, 0x0A00, 0x0A00, 0x0A00, 0x0A00, 0x0A00, 0x0A00,
    0x0A00, 0x0A00, 0x0A00, 0x0A00, 0x0A00, 0x0A00, 0x0A00, 0x0A00, 0x0A00, 0x0A00,
    0x0A00, 0x0A00, 0x0A00, 0x0A00, 0x0A00, 0x0A00, 0x0A00, 0x0A00, 0x0A00, 0x0A00,
    0x0A00, 0x0A00, 0x0A00, 0x0A00, 0x0A00, 0x0A00, 0x0A00, 0x0A00, 0x0A00, 0x0A00,
    0x0A00, 0x0A00, 0x0A00, 0x0A00, 0x0A00, 0x0A00, 0x0A00, 0x0A00, 0x0A00, 0x0A00,
    0x0A00, 0x0A00, 0x0A00, 0x0A00, 0x0A00, 0x0A00, 0x0A00, 0x0A00, 0x0A00, 0x0A00,
    0x0A00, 0x0A00, 0x0A00, 0x0A00, 0x0A00, 0x0A00, 0x0A00, 0x0A00, 0x0A00, 0x0A00,
    0x0A00, 0x0A00, 0x0A00, 0x0A00, 0x0A00, 0x0A00, 0x0A00, 0x0A00, 0x0A00, 0x0A00,
    0x0A00, 0x0A00, 0x0A00, 0x0A00, 0x0A00, 0x0A00, 0x0A00, 0x0A00, 0x0A00, 0x0A00,
    0x0A00, 0x0A00, 0x0A00, 0x0A00, 0x0A00, 0x0A00, 0x0A00, 0x0A00, 0x0A00, 0x0A00,
    0x0A00, 0x0A00, 0x0A00, 0x0A00, 0x0A00, 0x0A00, 0x0A00, 0x0A00, 0x0A00, 0x0A00,
    0x0A00, 0x0A00, 0x0A00, 0x0A00, 0x0A00, 0x0A00, 0x0A00, 0x0A00, 0x0A00, 0x0A00,
    0x0A00, 0x0A00, 0x0A00, 0x0A00, 0x0A00, 0x0A00, 0x0A00, 0x0A00, 0x0A00, 0x0A00,
    0x0A00, 0x0A00, 0x0A00, 0x0A00, 0x0A00, 0x0A00, 0x0A00, 0x0A00, 0x0A00, 0x0A00,
    0x0A00, 0x0A00, 0x0A00, 0x0A00, 0x0A00, 0x0A00, 0x0A00, 0x0A00, 0x0A00, 0x0A00,
    0x0A00, 0x0A00, 0x0A00, 0x0A00, 0x0A00, 0x0A00, 0x0A00, 0x0A00, 0x0A00, 0x0A00,
    0x0A00, 0x0A00, 0x0A00, 0x0A00, 0x0A00, 0x0A00, 0x0A00, 0x0A00, 0x0A00, 0x0A00,
    0x0A00, 0x0A00, 0x0A00, 0x0A00, 0x0A00, 0x0A00, 0x0A00, 0x0A00, 0x0A00, 0x0A00,
    0x0A00, 0x0A00, 0x0A00, 0x0A00, 0x0A00, 0x0A00, 0x0A00, 0x0A00, 0x0A00, 0x0A00,
    0x0A00, 0x0A00, 0x0A00, 0x0A00, 0x0A00, 0x0A00, 0x0A00, 0x0A00, 0x0A00, 0x0A00,
    0x0A00, 0x0A00, 0x0A00, 0x0A00, 0x0A00, 0x0A00, 0x0A00, 0x0A00, 0x0A00, 0x0A00,
    0x0A00, 0x0A00, 0x0A00, 0x0A00, 0x0A00, 0x0A00, 0x0A00, 0x0A00, 0x0A00, 0x0A00,
    0x0A00, 0x0A00, 0x0A00, 0x0A00, 0x0A00, 0x0A00, 0x0A00, 0x0A00, 0x0A00, 0x0A00,
    0x0A00, 0x0A00, 0x0A00, 0x0A00, 0x0A00, 0x0A00, 0x0A00, 0x0A00, 0x0A00, 0x0A00,
    0x0A00, 0x0A00, 0x0A00, 0x0A00, 0x0A00, 0x0A00, 0x0A00, 0x0A00, 0x0A00, 0x0A00,
    0x0A00, 0x0A00, 0x0A00, 0x0A00, 0x0A00, 0x0A00, 0x0A00, 0x0A00, 0x0A00, 0x0A00,
    0x0A00, 0x0A00, 0x0A00, 0x0A00, 0x0A00, 0x0A00, 0x0A00, 0x0A00, 0x0A00, 0x0A00,
    0x0A00, 0x0A00, 0x0A00, 0x0A00, 0x0A00, 0x0A00, 0x0A00, 0x0A00, 0x0A00, 0x0A00,
    0x0A00, 0x0A00, 0x0A00, 0x0A00, 0x0A00, 0x0A00, 0x0A00, 0x0A00, 0x0A00, 0x0A00,
    0x0A00, 0x0A00, 0x0A00, 0x0A00, 0x0A00, 0x0A00, 0x0A00, 0x0A00, 0x0A00, 0x0A00,
    0x0A00, 0x0A00, 0x0A00, 0x0A00, 0x0A00, 0x0A00, 0x0A00, 0x0A00, 0x0A00, 0x0A00,
    0x0A00, 0x0A00, 0x0A00, 0x0A00, 0x0A00, 0x0A00, 0x0A00, 0x0A00, 0x0A00, 0x0A00,
    0x0A00, 0x0A00, 0x0A00, 0x0A00, 0x0A00, 0x0A00, 0x0A00, 0x0A00, 0x0A00, 0x0A00,
    0x0A00, 0x0A00, 0x0A00, 0x0A00, 0x0A00, 0x0A00, 0x0A00, 0x0A00, 0x0A00, 0x0A00,
    0x0A00, 0x0A00, 0x0A00, 0x0A00, 0x0A00, 0x0A00, 0x0A00, 0x0A00, 0x0A00, 0x0A00,
    0x0A00, 0x0A00, 0x0A00, 0x0A00, 0x0A00, 0x0A00, 0x0A00, 0x0A00, 0x0A00, 0x0A00,
    0x0A00, 0x0A00, 0x0A00, 0x0A00, 0x0A00, 0x0A00, 0x0A00, 0x0A00, 0x0A00, 0x0A00,
    0x0A00, 0x0A00, 0x0A00, 0x0A00, 0x0A00, 0x0A00, 0x0A00, 0x0A00, 0x0A00, 0x0A00,
    0x0A00, 0x0A00, 0x0A00, 0x0A00, 0x0A00, 0x0A00, 0x0A00, 0x0A00, 0x0A00, 0x0A00,
    0x0A00, 0x0A00, 0x0A00, 0x0A00, 0x0A00, 0x0A00, 0x0A00, 0x0A00, 0x0A00, 0x0A00,
    0x0A00, 0x0A00, 0x0A00, 0x0A00, 0x0A00, 0x0A00, 0x0A00, 0x0A00, 0x0A00, 0x0A00,
    0x0A00, 0x0A00, 0x0A00, 0x0A00, 0x0A00, 0x0A00, 0x0A00, 0x0A00, 0x0A00, 0x0A00,
    0x0A00, 0x0A00, 0x0A00, 0x0A00, 0x0A00, 0x0A00, 0x0A00, 0x0A00, 0x0A00, 0x0A00,
    0x0A00, 0x0A00, 0x0A00, 0x0A00, 0x0A00, 0x0A00, 0x0A00, 0x0A00, 0x0A00, 0x0A00,
    0x0A00, 0x0A00, 0x0A00, 0x0A00, 0x0A00, 0x0A00, 0x0A00, 0x0A00, 0x0A00, 0x0A00,
    0x0A00, 0x0A00, 0x0A00, 0x0A00, 0x0A00, 0x0A00, 0x0A00, 0x0A00, 0x0A00, 0x0A00,
    0x0A00, 0x0A00, 0x0A00, 0x0A00, 0x0A00, 0x0A00, 0x0A00, 0x0A00, 0x0A00, 0x0A00,
    0x0A00, 0x0A00, 0x0A00, 0x0A00, 0x0A00, 0x0A00, 0x0A00, 0x0A00, 0x0A00, 0x0A00,
    0x0A00, 0x0A00, 0x0A00, 0x0A00, 0x0A00, 0x0A00, 0x0A00, 0x0A00, 0x0A00, 0x0A00,
    0x0A00, 0x0A00, 0x0A00, 0x0A00, 0x0A00, 0x0A00, 0x0A00, 0x0A00, 0x0A00, 0x0A00,
    0x0A00, 0x0A00, 0x0A00, 0x0A00, 0x0A00, 0x0A00, 0x0A00, 0x0A00, 0x0A00, 0x0A00,
    0x0A00, 0x0A00, 0x0A00, 0x0A00, 0x0A00, 0x0A00, 0x0A00, 0x0A00, 0x0A00, 0x0A00,
    0x0A00, 0x0A00, 0x0A00, 0x0A00, 0x0A00, 0x0A00, 0x0A00, 0x0A00, 0x0A00, 0x0A00,
    0x0A00, 0x0A00, 0x0A00, 0x0A00, 0x0A00, 0x0A16, 0x0A17, 0x0A14, 0x0A15, 0x0A16,
    0x0A00, 0x0A00, 0x0A00, 0x0A00, 0x0A00, 0x0A00, 0x0A00, 0x0A00, 0x0A00, 0x0A00,
    0x0A00, 0x0A00, 0x0A00, 0x0A00, 0x0A00, 0x0A00, 0x0A00, 0x0A00, 0x0A00, 0x0A00,
    0x0A00, 0x0A00, 0x0A00, 0x0A00, 0x0A00, 0x0A00, 0x0A00, 0x0A00, 0x0A00, 0x0A00,
    0x0A00, 0x0A00, 0x0A00, 0x0A00, 0x0A00, 0x0A00, 0x0A00, 0x0A00, 0x0A00, 0x0A00,
    0x0A00, 0x0A00, 0x0A00, 0x0A00, 0x0A00, 0x0A00, 0x0A00, 0x0A16, 0x0A17, 0x0A14,
    0x0A15, 0x0A00, 0x0A00, 0x0A00, 0x0A00, 0x0A00, 0x0A00, 0x0A00, 0x0A00, 0x0A00,
    0x0A00, 0x0A00, 0x0A00, 0x0A00, 0x0A00, 0x0A00, 0x0A00, 0x0A00, 0x0A00, 0x0A00,
    0x0A00, 0x0A00, 0x0A00, 0x0A00, 0x0A00, 0x0A00, 0x0A00, 0x0A00, 0x0A00, 0x0A00,
    0x0A00, 0x0A00, 0x0A00, 0x0A00, 0x0A00, 0x0A00, 0x0A00, 0x0A00, 0x0A00, 0x0A00,
    0x0A00, 0x0A00, 0x0A00, 0x0A00, 0x0A00, 0x0A00, 0x0A00, 0x0A00, 0x0A00, 0x0A00,
    0x0A00, 0x0A00, 0x0A00, 0x0A00, 0x0A00, 0x0A00, 0x0A00, 0x0A00, 0x0A00, 0x0A00,
    0x0A00, 0x0A00, 0x0A00, 0x0A00, 0x0A00, 0x0A00, 0x0A00, 0x0A00, 0x0A00, 0x0A00,
    0x0A00, 0x0A00, 0x0A00, 0x0A00, 0x0A00, 0x0A00, 0x0A00, 0x0A00, 0x0A00, 0x0A00,
    0x0A00, 0x0A00, 0x0A00, 0x0A00, 0x0A00, 0x0A00, 0x0A00, 0x0A00, 0x0A00, 0x0A00,
    0x0A00, 0x0A00, 0x0A00, 0x0A00, 0x0A00, 0x0A00, 0x0A00, 0x0A00, 0x0A00, 0x0A00,
    0x0A00, 0x0A00, 0x0A00, 0x0A00, 0x0A00, 0x0A00, 0x0A00, 0x0A00, 0x0A00, 0x0A00,
    0x0A00, 0x0A00, 0x0A00, 0x0A00, 0x0A00, 0x0A14, 0x0A15, 0x0A16, 0x0A17, 0x0A14,
    0x0A15, 0x0A16, 0x0A00, 0x0A00, 0x0A00, 0x0A00, 0x0A00, 0x0A00, 0x0A00, 0x0A00,
    0x0A00, 0x0A00, 0x0A00, 0x0A00, 0x0A00, 0x0A00, 0x0A00, 0x0A00, 0x0A00, 0x0A00,
    0x0A00, 0x0A00, 0x0A00, 0x0A00, 0x0A00, 0x0A00, 0x0A00, 0x0A00, 0x0A00, 0x0A00,
    0x0A00, 0x0A00, 0x0A00, 0x0A00, 0x0A00, 0x0A00, 0x0A00, 0x0A00, 0x0A00, 0x0A00,
    0x0A00, 0x0A00, 0x0A00, 0x0A00, 0x0A00, 0x0A00, 0x0A00, 0x0A00, 0x0A00, 0x0A00,
    0x0A00, 0x0A00, 0x0A00, 0x0A00, 0x0A00, 0x0A00, 0x0A00, 0x0A00, 0x0A00, 0x0A00,
    0x0A00, 0x0A00, 0x0A00, 0x0A00, 0x0A00, 0x0A00, 0x0A00, 0x0A00, 0x0A00, 0x0A00,
    0x0A00, 0x0A00, 0x0A00, 0x0A00, 0x0A00, 0x0A00, 0x0A00, 0x0A00, 0x0A00, 0x0A00,
    0x0A00, 0x0A00, 0x0A00, 0x0A00, 0x0A00, 0x0A00, 0x0A00, 0x0A00, 0x0A00, 0x0A00,
    0x0A00, 0x0A00, 0x0A00, 0x0A00, 0x0A00, 0x0A00, 0x0A00, 0x0A00, 0x0A00, 0x0A00,
    0x0A00, 0x0A00, 0x0A00, 0x0A00, 0x0A00, 0x0A00, 0x0A00, 0x0A00, 0x0A00, 0x0A00,
    0x0A00, 0x0A00, 0x0A00, 0x0A00, 0x0A00, 0x0A00, 0x0A00, 0x0A00, 0x0A00, 0x0A00,
    0x0A00, 0x0A00, 0x0A00, 0x0A00, 0x0A00, 0x0A00, 0x0A00, 0x0A00, 0x0A00, 0x0A00,
    0x0A00, 0x0A00, 0x0A00, 0x0A00, 0x0A00, 0x0A00, 0x0A00, 0x0A00, 0x0A00, 0x0A00,
    0x0A00, 0x0A00, 0x0A00, 0x0A00, 0x0A00, 0x0A00, 0x0A00, 0x0A00, 0x0A00, 0x0A00,
    0x0A00, 0x0A00, 0x0A00, 0x0A00, 0x0A00, 0x0A00, 0x0A00, 0x0A00, 0x0A00, 0x0A00,
    0x0A00, 0x0A00, 0x0A00, 0x0A00, 0x0A00, 0x0A16, 0x0A17, 0x0A14, 0x0A15, 0x0A16,
    0x0A17, 0x0A14, 0x0A15, 0x0A16, 0x0A17, 0x0A00, 0x0A00, 0x0A00, 0x0A00, 0x0A00,
    0x0A00, 0x0A00, 0x0A00, 0x0A00, 0x0A00, 0x0A00, 0x0A00, 0x0A00, 0x0A00, 0x0A00,
    0x0A00, 0x0A00, 0x0A00, 0x0A00, 0x0A00, 0x0A00, 0x0A00, 0x0A00, 0x0A00, 0x0A00,
    0x0A00, 0x0A00, 0x0A00, 0x0A00, 0x0A00, 0x0A00, 0x0A00, 0x0A00, 0x0A00, 0x0A00,
    0x0A00, 0x0A00, 0x0A00, 0x0A00, 0x0A00, 0x0A00, 0x0A00, 0x0A00, 0x0A00, 0x0A00,
    0x0A00, 0x0A00, 0x0A00, 0x0A00, 0x0A00, 0x0A00, 0x0A00, 0x0A00, 0x0A00, 0x0A00,
    0x0A00, 0x0A00, 0x0A00, 0x0A00, 0x0A00, 0x0A00, 0x0A00, 0x0A00, 0x0A00, 0x0A00,
    0x0A00, 0x0A00, 0x0A00, 0x0A00, 0x0A00, 0x0A00, 0x0A00, 0x0A00, 0x0A00, 0x0A00,
    0x0A00, 0x0A00, 0x0A00, 0x0A00, 0x0A00, 0x0A00, 0x0A00, 0x0A00, 0x0A00, 0x0A00,
    0x0A00, 0x0A00, 0x0A00, 0x0A00, 0x0A00, 0x0A00, 0x0A00, 0x0A00, 0x0A00, 0x0A00,
    0x0A00, 0x0A00, 0x0A00, 0x0A00, 0x0A00, 0x0A00, 0x0A00, 0x0A00, 0x0A00, 0x0A00,
    0x0A00, 0x0A00, 0x0A00, 0x0A00, 0x0A00, 0x0A00, 0x0A00, 0x0A00, 0x0A00, 0x0A00,
    0x0A00, 0x0A00, 0x0A00, 0x0A00, 0x0A00, 0x0A00, 0x0A00, 0x0A00, 0x0A00, 0x0A00,
    0x0A00, 0x0A00, 0x0A00, 0x0A00, 0x0A00, 0x0A00, 0x0A00, 0x0A00, 0x0A00, 0x0A00,
    0x0A00, 0x0A00, 0x0A00, 0x0A00, 0x0A00, 0x0A00, 0x0A00, 0x0A00, 0x0A00, 0x0A00,
    0x0A00, 0x0A00, 0x0A00, 0x0A00, 0x0A00, 0x0A00, 0x0A00, 0x0A00, 0x0A00, 0x0A00,
    0x0A14, 0x0A15, 0x0A16, 0x0A17, 0x0A14, 0x0A15, 0x0A16, 0x0A17, 0x0A14, 0x0A15,
    0x0A16, 0x0A17, 0x0A14, 0x0A15, 0x0A16, 0x0A17, 0x0A14, 0x0A15, 0x0A16, 0x0A17,
    0x0A00, 0x0A00, 0x0A00, 0x0A00, 0x0A00, 0x0A00, 0x0A00, 0x0A00, 0x0A00, 0x0A00,
    0x0A00, 0x0A00, 0x0A00, 0x0A00, 0x0A00, 0x0A00, 0x0A00, 0x0A00, 0x0A00, 0x0A00,
    0x0A00, 0x0A00, 0x0A00, 0x0A00, 0x0A00, 0x0A00, 0x0A00, 0x0A00, 0x0A00, 0x0A00,
    0x0A00, 0x0A17, 0x0A14, 0x0A15, 0x0A16, 0x0A17, 0x0A14, 0x0A15, 0x0A16, 0x0A17,
    0x0A14, 0x0A15, 0x0A16, 0x0A17, 0x0A14, 0x0A15, 0x0A16, 0x0A17, 0x0A14, 0x0A15,
    0x0A16, 0x0A00, 0x0A00, 0x0A00, 0x0A00, 0x0A00, 0x0A00, 0x0A00, 0x0A00, 0x0A00,
    0x0A00, 0x0A00, 0x0A00, 0x0A00, 0x0A00, 0x0A00, 0x0A00, 0x0A00, 0x0A00, 0x0A00,
    0x0A00, 0x0A00, 0x0A00, 0x0A00, 0x0A00, 0x0A00, 0x0A00, 0x0A00, 0x0A00, 0x0A00,
    0x0A00, 0x0A00, 0x0A00, 0x0A00, 0x0A00, 0x0A00, 0x0A00, 0x0A00, 0x0A00, 0x0A00,
    0x0A00, 0x0A00, 0x0A00, 0x0A00, 0x0A00, 0x0A00, 0x0A00, 0x0A00, 0x0A00, 0x0A00,
    0x0A00, 0x0A00, 0x0A00, 0x0A00, 0x0A00, 0x0A00, 0x0A00, 0x0A00, 0x0A00, 0x0A00,
    0x0A00, 0x0A00, 0x0A00, 0x0A00, 0x0A00, 0x0A00, 0x0A00, 0x0A00, 0x0A00, 0x0A00,
    0x0A00, 0x0A00, 0x0A00, 0x0A00, 0x0A00, 0x0A00, 0x0A00, 0x0A00, 0x0A00, 0x0A00,
    0x0A00, 0x0A00, 0x0A00, 0x0A00, 0x0A00, 0x0A00, 0x0A00, 0x0A00, 0x0A00, 0x0A00,
    0x0A00, 0x0A00, 0x0A00, 0x0A00, 0x0A00, 0x0A00, 0x0A00, 0x0A00, 0x0A00, 0x0A00,
    0x0A00, 0x0A17, 0x0A14, 0x0A15, 0x0A16, 0x0A17, 0x0A14, 0x0A15, 0x0A16, 0x0A17,
    0x0A14, 0x0A15, 0x0A16, 0x0A17, 0x0A14, 0x0A15, 0x0A16, 0x0A17, 0x0A14, 0x0A15,
    0x0A16, 0x0A00, 0x0A00, 0x0A00, 0x0A00, 0x0A00, 0x0A00, 0x0A00, 0x0A00, 0x0A00,
    0x0A00, 0x0A00, 0x0A00, 0x0A00, 0x0A00, 0x0A00, 0x0A00, 0x0A00, 0x0A00, 0x0A00,
    0x0A00, 0x0A00, 0x0A00, 0x0A00, 0x0A00, 0x0A00, 0x0A00, 0x0A00, 0x0A00, 0x0A00,
    0x0A00, 0x0A00, 0x0A00, 0x0A17, 0x0A14, 0x0A15, 0x0A16, 0x0A17, 0x0A14, 0x0A15,
    0x0A16, 0x0A17, 0x0A14, 0x0A15, 0x0A16, 0x0A17, 0x0A14, 0x0A15, 0x0A16, 0x0A17,
    0x0A14, 0x0A00, 0x0A00, 0x0A00, 0x0A00, 0x0A00, 0x0A00, 0x0A00, 0x0A00, 0x0A00,
    0x0A00, 0x0A00, 0x0A00, 0x0A00, 0x0A00, 0x0A00, 0x0A00, 0x0A00, 0x0A00, 0x0A00,
    0x0A00, 0x0A00, 0x0A00, 0x0A00, 0x0A00, 0x0A00, 0x0A00, 0x0A00, 0x0A00, 0x0A00,
    0x0A00, 0x0A00, 0x0A00, 0x0A00, 0x0A00, 0x0A00, 0x0A00, 0x0A00, 0x0A00, 0x0A00,
    0x0A00, 0x0A00, 0x0A00, 0x0A00, 0x0A00, 0x0A00, 0x0A00, 0x0A00, 0x0A00, 0x0A00,
    0x0A00, 0x0A00, 0x0A00, 0x0A00, 0x0A00, 0x0A00, 0x0A00, 0x0A00, 0x0A00, 0x0A00,
    0x0A00, 0x0A00, 0x0A00, 0x0A00, 0x0A00, 0x0A00, 0x0A00, 0x0A00, 0x0A00, 0x0A00,
    0x0A00, 0x0A00, 0x0A00, 0x0A00, 0x0A00, 0x0A00, 0x0A00, 0x0A00, 0x0A00, 0x0A00,
    0x0A00, 0x0A00, 0x0A00, 0x0A00, 0x0A00, 0x0A00, 0x0A00, 0x0A00, 0x0A00, 0x0A00,
    0x0A00, 0x0A00, 0x0A00, 0x0A00, 0x0A00, 0x0A00, 0x0A00, 0x0A00, 0x0A00, 0x0A00,
    0x0A00, 0x0A00, 0x0A16, 0x0A17, 0x0A14, 0x0A15, 0x0A16, 0x0A17, 0x0A14, 0x0A15,
    0x0A16, 0x0A17, 0x0A14, 0x0A15, 0x0A16, 0x0A17, 0x0A14, 0x0A15, 0x0A16, 0x0A17,
    0x0A14, 0x0A15, 0x0A16, 0x0A00, 0x0A00, 0x0A00, 0x0A00, 0x0A00, 0x0A00, 0x0A00,
    0x0A00, 0x0A00, 0x0A00, 0x0A00, 0x0A00, 0x0A00, 0x0A00, 0x0A00, 0x0A00, 0x0A00,
    0x0A00, 0x0A00, 0x0A00, 0x0A00, 0x0A00, 0x0A00, 0x0A00, 0x0A00, 0x0A00, 0x0A00,
    0x0A00, 0x0A00, 0x0A00, 0x0A00, 0x0A00, 0x0A17, 0x0A14, 0x0A15, 0x0A16, 0x0A17,
    0x0A14, 0x0A15, 0x0A16, 0x0A17, 0x0A14, 0x0A15, 0x0A16, 0x0A17, 0x0A14, 0x0A15,
    0x0A16, 0x0A17, 0x0A00, 0x0A00, 0x0A00, 0x0A00, 0x0A00, 0x0A00, 0x0A00, 0x0A00,
    0x0A00, 0x0A00, 0x0A00, 0x0A00, 0x0A00, 0x0A00, 0x0A00, 0x0A00, 0x0A00, 0x0A00,
    0x0A00, 0x0A00, 0x0A00, 0x0A00, 0x0A00, 0x0A00, 0x0A00, 0x0A00, 0x0A00, 0x0A00,
    0x0A00, 0x0A00, 0x0A00, 0x0A00, 0x0A00, 0x0A00, 0x0A00, 0x0A00, 0x0A00, 0x0A00,
    0x0A00, 0x0A00, 0x0A00, 0x0A00, 0x0A00, 0x0A00, 0x0A00, 0x0A00, 0x0A00, 0x0A00,
    0x0A00, 0x0A00, 0x0A00, 0x0A00, 0x0A00, 0x0A00, 0x0A00, 0x0A00, 0x0A00, 0x0A00,
    0x0A00, 0x0A00, 0x0A00, 0x0A00, 0x0A00, 0x0A00, 0x0A00, 0x0A00, 0x0A00, 0x0A00,
    0x0A00, 0x0A00, 0x0A00, 0x0A00, 0x0A00, 0x0A00, 0x0A00, 0x0A00, 0x0A00, 0x0A00,
    0x0A00, 0x0A00, 0x0A00, 0x0A00, 0x0A00, 0x0A00, 0x0A00, 0x0A00, 0x0A00, 0x0A00,
    0x0A00, 0x0A00, 0x0A00, 0x0A00, 0x0A00, 0x0A00, 0x0A00, 0x0A00, 0x0A15, 0x0A16,
    0x0A17, 0x0A14, 0x0A15, 0x0A16, 0x0A17, 0x0A14, 0x0A15, 0x0A16, 0x0A17, 0x0A14,
    0x0A15, 0x0A16, 0x0A17, 0x0A14, 0x0A15, 0x0A16, 0x0A17, 0x0A14, 0x0A15, 0x0A16,
    0x0A17, 0x0A14, 0x0A15, 0x0A16, 0x0A17, 0x0A14, 0x0A15, 0x0A00, 0x0A00, 0x0A00,
    0x0A00, 0x0A00, 0x0A00, 0x0A00, 0x0A00, 0x0A00, 0x0A00, 0x0A00, 0x0A00, 0x0A00,
    0x0A00, 0x0A00, 0x0A00, 0x0A00, 0x0A00, 0x0A00, 0x0A00, 0x0A00, 0x0A17, 0x0A14,
    0x0A15, 0x0A16, 0x0A17, 0x0A14, 0x0A15, 0x0A16, 0x0A17, 0x0A14, 0x0A15, 0x0A16,
    0x0A17, 0x0A14, 0x0A15, 0x0A16, 0x0A17, 0x0A14, 0x0A15, 0x0A16, 0x0A17, 0x0A14,
    0x0A15, 0x0A16, 0x0A17, 0x0A14, 0x0A15, 0x0A16, 0x0A17, 0x0A00, 0x0A00, 0x0A00,
    0x0A00, 0x0A00, 0x0A00, 0x0A00, 0x0A00, 0x0A00, 0x0A00, 0x0A00, 0x0A00, 0x0A00,
    0x0A00, 0x0A00, 0x0A00, 0x0A00, 0x0A00, 0x0A00, 0x0A00, 0x0A00, 0x0A00, 0x0A00,
    0x0A00, 0x0A00, 0x0A00, 0x0A00, 0x0A00, 0x0A00, 0x0A00, 0x0A00, 0x0A00, 0x0A00,
    0x0A00, 0x0A00, 0x0A00, 0x0A00, 0x0A00, 0x0A00, 0x0A00, 0x0A00, 0x0A00, 0x0A00,
    0x0A00, 0x0A00, 0x0A00, 0x0A00, 0x0A00, 0x0A00, 0x0A00, 0x0A00, 0x0A00, 0x0A00,
    0x0A00, 0x0A00, 0x0A00, 0x0A00, 0x0A00, 0x0A00, 0x0A00, 0x0A00, 0x0A00, 0x0A00,
    0x0A00, 0x0A00, 0x0A00, 0x0A00, 0x0A00, 0x0A00, 0x0A00, 0x0A00, 0x0A00, 0x0A00,
    0x0A00, 0x0A00, 0x0A00, 0x0A00, 0x0A00, 0x0A00, 0x0A00, 0x0A00, 0x0A00, 0x0A00,
    0x0A00, 0x0A00, 0x0A00, 0x0A00, 0x0A00, 0x0A00, 0x0A00, 0x0A00, 0x0A00, 0x0A14,
    0x0A15, 0x0A16, 0x0A17, 0x0A14, 0x0A15, 0x0A16, 0x0A17, 0x0A14, 0x0A15, 0x0A16,
    0x0A17, 0x0A14, 0x0A15, 0x0A16, 0x0A17, 0x0A14, 0x0A15, 0x0A16, 0x0A17, 0x0A14,
    0x0A15, 0x0A16, 0x0A17, 0x0A14, 0x0A15, 0x0A16, 0x0A17, 0x0A14, 0x0A15, 0x0A00,
    0x0A00, 0x0A00, 0x0A00, 0x0A00, 0x0A00, 0x0A00, 0x0A00, 0x0A00, 0x0A00, 0x0A00,
    0x0A00, 0x0A00, 0x0A00, 0x0A00, 0x0A00, 0x0A00, 0x0A00, 0x0A00, 0x0A00, 0x0A16,
    0x0A17, 0x0A14, 0x0A15, 0x0A16, 0x0A17, 0x0A14, 0x0A15, 0x0A16, 0x0A17, 0x0A14,
    0x0A15, 0x0A16, 0x0A17, 0x0A14, 0x0A15, 0x0A16, 0x0A17, 0x0A14, 0x0A15, 0x0A16,
    0x0A17, 0x0A14, 0x0A15, 0x0A16, 0x0A17, 0x0A14, 0x0A15, 0x0A00, 0x0A00, 0x0A00,
    0x0A00, 0x0A00, 0x0A00, 0x0A00, 0x0A00, 0x0A00, 0x0A00, 0x0A00, 0x0A00, 0x0A00,
    0x0A00, 0x0A00, 0x0A00, 0x0A00, 0x0A00, 0x0A00, 0x0A00, 0x0A00, 0x0A00, 0x0A00,
    0x0A00, 0x0A00, 0x0A00, 0x0A00, 0x0A00, 0x0A00, 0x0A00, 0x0A00, 0x0A00, 0x0A00,
    0x0A00, 0x0A00, 0x0A00, 0x0A00, 0x0A00, 0x0A00, 0x0A00, 0x0A00, 0x0A00, 0x0A00,
    0x0A00, 0x0A00, 0x0A00, 0x0A00, 0x0A00, 0x0A00, 0x0A00, 0x0A00, 0x0A00, 0x0A00,
    0x0A00, 0x0A00, 0x0A00, 0x0A00, 0x0A00, 0x0A00, 0x0A00, 0x0A00, 0x0A00, 0x0A00,
    0x0A00, 0x0A00, 0x0A00, 0x0A00, 0x0A00, 0x0A00, 0x0A00, 0x0A00, 0x0A00, 0x0A00,
    0x0A00, 0x0A00, 0x0A00, 0x0A00, 0x0A00, 0x0A00, 0x0A00, 0x0A00, 0x0A00, 0x0A00,
    0x0A00, 0x0A00, 0x0A00, 0x0A00, 0x0A00, 0x0A00, 0x0A00, 0x0A00, 0x0A00, 0x0A00,
    0x0A17, 0x0A14, 0x0A15, 0x0A16, 0x0A17, 0x0A14, 0x0A15, 0x0A16, 0x0A17, 0x0A14,
    0x0A15, 0x0A16, 0x0A17, 0x0A14, 0x0A15, 0x0A16, 0x0A17, 0x0A14, 0x0A15, 0x0A16,
    0x0A17, 0x0A14, 0x0A15, 0x0A16, 0x0A17, 0x0A14, 0x0A15, 0x0A16, 0x0A17, 0x0A14,
    0x0A00, 0x0A00, 0x0A00, 0x0A00, 0x0A00, 0x0A00, 0x0A00, 0x0A00, 0x0A00, 0x0A00,
    0x0A00, 0x0A00, 0x0A00, 0x0A00, 0x0A00, 0x0A00, 0x0A00, 0x0A00, 0x0A00, 0x0A00,
    0x0A00, 0x0A16, 0x0A17, 0x0A14, 0x0A15, 0x0A16, 0x0A17, 0x0A14, 0x0A15, 0x0A16,
    0x0A17, 0x0A14, 0x0A15, 0x0A16, 0x0A17, 0x0A14, 0x0A15, 0x0A16, 0x0A17, 0x0A14,
    0x0A15, 0x0A16, 0x0A17, 0x0A14, 0x0A15, 0x0A16, 0x0A17, 0x0A14, 0x0A00, 0x0A00,
    0x0A00, 0x0A00, 0x0A00, 0x0A00, 0x0A00, 0x0A00, 0x0A00, 0x0A00, 0x0A00, 0x0A00,
    0x0A00, 0x0A00, 0x0A00, 0x0A00, 0x0A00, 0x0A00, 0x0A00, 0x0A00, 0x0A00, 0x0A00,
    0x0A00, 0x0A00, 0x0A00, 0x0A00, 0x0A00, 0x0A00, 0x0A00, 0x0A00, 0x0A00, 0x0A00,
    0x0A00, 0x0A00, 0x0A00, 0x0A00, 0x0A00, 0x0A00, 0x0A00, 0x0A00, 0x0A00, 0x0A00,
    0x0A00, 0x0A00, 0x0A00, 0x0A00, 0x0A00, 0x0A00, 0x0A00, 0x0A00, 0x0A00, 0x0A00,
    0x0A00, 0x0A00, 0x0A00, 0x0A00, 0x0A00, 0x0A00, 0x0A00, 0x0A00, 0x0A00, 0x0A00,
    0x0A00, 0x0A00, 0x0A00, 0x0A00, 0x0A00, 0x0A00, 0x0A00, 0x0A00, 0x0A00, 0x0A00,
    0x0A00, 0x0A00, 0x0A00, 0x0A00, 0x0A00, 0x0A00, 0x0A00, 0x0A00, 0x0A00, 0x0A00,
    0x0A00, 0x0A00, 0x0A00, 0x0A00, 0x0A00, 0x0A00, 0x0A16, 0x0A17, 0x0A14, 0x0A15,
    0x0A16, 0x0A17, 0x0A14, 0x0A15, 0x0A16, 0x0A17, 0x0A14, 0x0A15, 0x0A16, 0x0A17,
    0x0A14, 0x0A15, 0x0A16, 0x0A17, 0x0A14, 0x0A15, 0x0A16, 0x0A17, 0x0A14, 0x0A15,
    0x0A16, 0x0A17, 0x0A14, 0x0A15, 0x0A16, 0x0A17, 0x0A14, 0x0A15, 0x0A16, 0x0A17,
    0x0A14, 0x0A15, 0x0A16, 0x0A17, 0x0A14, 0x0A15, 0x0A16, 0x0A17, 0x0A14, 0x0A15,
    0x0A16, 0x0A17, 0x0A14, 0x0A15, 0x0A16, 0x0A17, 0x0A14, 0x0A15, 0x0A16, 0x0A17,
    0x0A14, 0x0A15, 0x0A16, 0x0A17, 0x0A14, 0x0A15, 0x0A16, 0x0A17, 0x0A14, 0x0A15,
    0x0A16, 0x0A17, 0x0A14, 0x0A15, 0x0A16, 0x0A17, 0x0A14, 0x0A15, 0x0A16, 0x0A17,
    0x0A14, 0x0A15, 0x0A16, 0x0A17, 0x0A14, 0x0A15, 0x0A16, 0x0A17, 0x0A14, 0x0A15,
    0x0A16, 0x0A17, 0x0A14, 0x0A15, 0x0A16, 0x0A00, 0x0A00, 0x0A00, 0x0A00, 0x0A00,
    0x0A00, 0x0A00, 0x0A00, 0x0A00, 0x0A00, 0x0A00, 0x0A00, 0x0A00, 0x0A00, 0x0A00,
    0x0A00, 0x0A00, 0x0A00, 0x0A00, 0x0A00, 0x0A00, 0x0A00, 0x0A00, 0x0A00, 0x0A00,
    0x0A00, 0x0A00, 0x0A00, 0x0A00, 0x0A00, 0x0A15, 0x0A16, 0x0A17, 0x0A14, 0x0A15,
    0x0A16, 0x0A17, 0x0A14, 0x0A15, 0x0A16, 0x0A17, 0x0A14, 0x0A15, 0x0A16, 0x0A17,
    0x0A14, 0x0A15, 0x0A16, 0x0A17, 0x0A14, 0x0A00, 0x0A00, 0x0A00, 0x0A00, 0x0A00,
    0x0A00, 0x0A00, 0x0A00, 0x0A00, 0x0A00, 0x0A00, 0x0A00, 0x0A00, 0x0A00, 0x0A00,
    0x0A00, 0x0A00, 0x0A00, 0x0A00, 0x0A00, 0x0A00, 0x0A00, 0x0A00, 0x0A00, 0x0A00,
    0x0A00, 0x0A00, 0x0A00, 0x0A00, 0x0A16, 0x0A17, 0x0A14, 0x0A15, 0x0A16, 0x0A17,
    0x0A14, 0x0A15, 0x0A16, 0x0A17, 0x0A14, 0x0A15, 0x0A16, 0x0A17, 0x0A14, 0x0A15,
    0x0A16, 0x0A17, 0x0A14, 0x0A15, 0x0A16, 0x0A17, 0x0A14, 0x0A15, 0x0A16, 0x0A17,
    0x0A14, 0x0A15, 0x0A16, 0x0A17, 0x0A14, 0x0A15, 0x0A16, 0x0A17, 0x0A14, 0x0A15,
    0x0A16, 0x0A17, 0x0A14, 0x0A15, 0x0A16, 0x0A17, 0x0A14, 0x0A15, 0x0A16, 0x0A17,
    0x0A14, 0x0A15, 0x0A16, 0x0A17, 0x0A14, 0x0A15, 0x0A16, 0x0A17, 0x0A14, 0x0A15,
    0x0A16, 0x0A17, 0x0A14, 0x0A15, 0x0A16, 0x0A17, 0x0A14, 0x0A15, 0x0A16, 0x0A17,
    0x0A14, 0x0A15, 0x0A16, 0x0A17, 0x0A14, 0x0A15, 0x0A16, 0x0A17, 0x0A14, 0x0A15,
    0x0A16, 0x0A17, 0x0A14, 0x0A15, 0x0A16, 0x0A17, 0x0A14, 0x0A15, 0x0A16, 0x0A17,
    0x0A14, 0x0A15, 0x0A16, 0x0A17, 0x0A14, 0x0A15, 0x0A00, 0x0A00, 0x0A00, 0x0A00,
    0x0A00, 0x0A00, 0x0A00, 0x0A00, 0x0A00, 0x0A00, 0x0A00, 0x0A00, 0x0A00, 0x0A00,
    0x0A00, 0x0A00, 0x0A00, 0x0A00, 0x0A00, 0x0A00, 0x0A00, 0x0A00, 0x0A00, 0x0A00,
    0x0A00, 0x0A00, 0x0A00, 0x0A00, 0x0A00, 0x0A00, 0x0A14, 0x0A15, 0x0A16, 0x0A17,
    0x0A14, 0x0A15, 0x0A16, 0x0A17, 0x0A14, 0x0A15, 0x0A16, 0x0A17, 0x0A14, 0x0A15,
    0x0A16, 0x0A17, 0x0A14, 0x0A15, 0x0A16, 0x0A17, 0x0A14, 0x0A00, 0x0A00, 0x0A00,
    0x0A00, 0x0A00, 0x0A00, 0x0A00, 0x0A00, 0x0A00, 0x0A00, 0x0A00, 0x0A00, 0x0A00,
    0x0A00, 0x0A00, 0x0A00, 0x0A00, 0x0A00, 0x0A00, 0x0A00, 0x0A00, 0x0A00, 0x0A00,
    0x0A00, 0x0A00, 0x0A00, 0x0A00, 0x0A00, 0x0A15, 0x0A16, 0x0A17, 0x0A14, 0x0A15,
    0x0A16, 0x0A17, 0x0A14, 0x0A15, 0x0A16, 0x0A17, 0x0A14, 0x0A15, 0x0A16, 0x0A17,
    0x0A14, 0x0A15, 0x0A16, 0x0A17, 0x0A14, 0x0A15, 0x0A16, 0x0A17, 0x0A14, 0x0A15,
    0x0A16, 0x0A17, 0x0A14, 0x0A15, 0x0A16, 0x0A17, 0x0A14, 0x0A15, 0x0A16, 0x0A17,
    0x0A14, 0x0A15, 0x0A16, 0x0A17, 0x0A14, 0x0A15, 0x0A16, 0x0A17, 0x0A14, 0x0A15,
    0x0A16, 0x0A17, 0x0A14, 0x0A15, 0x0A16, 0x0A17, 0x0A14, 0x0A15, 0x0A16, 0x0A17,
    0x0A14, 0x0A15, 0x0A16, 0x0A17, 0x0A14, 0x0A15, 0x0A16, 0x0A17, 0x0A14, 0x0A15,
    0x0A16, 0x0A17, 0x0A14, 0x0A15, 0x0A16, 0x0A17, 0x0A14, 0x0A15, 0x0A16, 0x0A17,
    0x0A14, 0x0A15, 0x0A16, 0x0A17, 0x0A14, 0x0A15, 0x0A16, 0x0A17, 0x0A14, 0x0A15,
    0x0A16, 0x0A17, 0x0A14, 0x0A15, 0x0A16, 0x0A17, 0x0A14, 0x0A00, 0x0A00, 0x0A00,
    0x0A00, 0x0A00, 0x0A00, 0x0A00, 0x0A00, 0x0A00, 0x0A00, 0x0A00, 0x0A00, 0x0A00,
    0x0A00, 0x0A00, 0x0A00, 0x0A00, 0x0A00, 0x0A00, 0x0A00, 0x0A00, 0x0A00, 0x0A00,
    0x0A00, 0x0A00, 0x0A00, 0x0A00, 0x0A00, 0x0A00, 0x0A00, 0x0A00, 0x0A14, 0x0A15,
    0x0A16, 0x0A17, 0x0A14, 0x0A15, 0x0A16, 0x0A17, 0x0A14, 0x0A15, 0x0A16, 0x0A17,
    0x0A14, 0x0A15, 0x0A16, 0x0A17, 0x0A14, 0x0A15, 0x0A16, 0x0A17, 0x0A14, 0x0A00,
    0x0A00, 0x0A00, 0x0A00, 0x0A00, 0x0A00, 0x0A00, 0x0A00, 0x0A00, 0x0A00, 0x0A00,
    0x0A00, 0x0A00, 0x0A00, 0x0A00, 0x0A00, 0x0A00, 0x0A00, 0x0A00, 0x0A00, 0x0A00,
    0x0A00, 0x0A00, 0x0A00, 0x0A00, 0x0A00, 0x0A00, 0x0A14, 0x0A15, 0x0A17, 0x0A14,
    0x0A15, 0x0A16, 0x0A17, 0x0A14, 0x0A15, 0x0A16, 0x0A17, 0x0A14, 0x0A15, 0x0A16,
    0x0A17, 0x0A14, 0x0A15, 0x0A16, 0x0A17, 0x0A14, 0x0A15, 0x0A16, 0x0A17, 0x0A14,
    0x0A15, 0x0A16, 0x0A17, 0x0A14, 0x0A15, 0x0A16, 0x0A17, 0x0A14, 0x0A15, 0x0A16,
    0x0A17, 0x0A14, 0x0A15, 0x0A16, 0x0A17, 0x0A14, 0x0A15, 0x0A16, 0x0A17, 0x0A14,
    0x0A15, 0x0A16, 0x0A17, 0x0A14, 0x0A15, 0x0A16, 0x0A17, 0x0A14, 0x0A15, 0x0A16,
    0x0A17, 0x0A14, 0x0A15, 0x0A16, 0x0A17, 0x0A14, 0x0A15, 0x0A16, 0x0A17, 0x0A14,
    0x0A15, 0x0A16, 0x0A17, 0x0A14, 0x0A15, 0x0A16, 0x0A17, 0x0A14, 0x0A15, 0x0A16,
    0x0A17, 0x0A14, 0x0A15, 0x0A16, 0x0A17, 0x0A14, 0x0A15, 0x0A16, 0x0A17, 0x0A14,
    0x0A15, 0x0A16, 0x0A17, 0x0A14, 0x0A15, 0x0A16, 0x0A17, 0x0A14, 0x0A15, 0x0A16,
    0x0A17, 0x0A00, 0x0A00, 0x0A00, 0x0A00, 0x0A00, 0x0A00, 0x0A00, 0x0A00, 0x0A00,
    0x0A00, 0x0A00, 0x0A00, 0x0A00, 0x0A00, 0x0A00, 0x0A00, 0x0A00, 0x0A00, 0x0A00,
    0x0A00, 0x0A14, 0x0A15, 0x0A16, 0x0A17, 0x0A14, 0x0A15, 0x0A16, 0x0A17, 0x0A14,
    0x0A15, 0x0A16, 0x0A17, 0x0A14, 0x0A15, 0x0A16, 0x0A17, 0x0A14, 0x0A15, 0x0A16,
    0x0A17, 0x0A14, 0x0A15, 0x0A16, 0x0A17, 0x0A14, 0x0A15, 0x0A16, 0x0A17, 0x0A14,
    0x0A15, 0x0A16, 0x0A17, 0x0A00, 0x0A00, 0x0A00, 0x0A00, 0x0A00, 0x0A00, 0x0A00,
    0x0A00, 0x0A00, 0x0A00, 0x0A00, 0x0A00, 0x0A00, 0x0A00, 0x0A00, 0x0A00, 0x0A00,
    0x0A00, 0x0A00, 0x0A17, 0x0A14, 0x0A15, 0x0A16, 0x0A17, 0x0A14, 0x0A15, 0x0A16,
    0x0A17, 0x0A14, 0x0A15, 0x0A16, 0x0A17, 0x0A14, 0x0A15, 0x0A16, 0x0A17, 0x0A14,
    0x0A15, 0x0A16, 0x0A17, 0x0A14, 0x0A15, 0x0A16, 0x0A17, 0x0A14, 0x0A15, 0x0A16,
    0x0A17, 0x0A14, 0x0A15, 0x0A16, 0x0A17, 0x0A14, 0x0A15, 0x0A16, 0x0A17, 0x0A14,
    0x0A15, 0x0A16, 0x0A17, 0x0A14, 0x0A15, 0x0A16, 0x0A17, 0x0A14, 0x0A15, 0x0A16,
    0x0A17, 0x0A14, 0x0A15, 0x0A16, 0x0A17, 0x0A14, 0x0A15, 0x0A16, 0x0A17, 0x0A14,
    0x0A15, 0x0A16, 0x0A17, 0x0A14, 0x0A15, 0x0A16, 0x0A17, 0x0A14, 0x0A15, 0x0A16,
    0x0A17, 0x0A14, 0x0A15, 0x0A16, 0x0A17, 0x0A14, 0x0A15, 0x0A16, 0x0A17, 0x0A14,
    0x0A15, 0x0A16, 0x0A17, 0x0A14, 0x0A15, 0x0A16, 0x0A17, 0x0A14, 0x0A15, 0x0A16,
    0x0A17, 0x0A14, 0x0A15, 0x0A16, 0x0A17, 0x0A14, 0x0A15, 0x0A16, 0x0A17, 0x0A14,
    0x0A15, 0x0A16, 0x0A00, 0x0A00, 0x0A00, 0x0A00, 0x0A00, 0x0A00, 0x0A00, 0x0A00,
    0x0A00, 0x0A00, 0x0A00, 0x0A00, 0x0A00, 0x0A00, 0x0A00, 0x0A00, 0x0A00, 0x0A00,
    0x0A00, 0x0A00, 0x0A00, 0x0A14, 0x0A15, 0x0A16, 0x0A17, 0x0A14, 0x0A15, 0x0A16,
    0x0A17, 0x0A14, 0x0A15, 0x0A16, 0x0A17, 0x0A14, 0x0A15, 0x0A16, 0x0A17, 0x0A14,
    0x0A15, 0x0A16, 0x0A17, 0x0A14, 0x0A15, 0x0A16, 0x0A17, 0x0A14, 0x0A15, 0x0A16,
    0x0A17, 0x0A14, 0x0A15, 0x0A16, 0x0A17, 0x0A00, 0x0A00, 0x0A00, 0x0A00, 0x0A00,
    0x0A00, 0x0A00, 0x0A00, 0x0A00, 0x0A00, 0x0A00, 0x0A00, 0x0A00, 0x0A00, 0x0A00,
    0x0A00, 0x0A00, 0x0A00, 0x0A16, 0x0A17, 0x0A14, 0x0A15, 0x0A16, 0x0A17, 0x0A14,
    0x0A15, 0x0A16, 0x0A17, 0x0A14, 0x0A15, 0x0A16, 0x0A17, 0x0A14, 0x0A15, 0x0A16,
    0x0A17, 0x0A14, 0x0A15, 0x0A16, 0x0A17, 0x0A14, 0x0A15, 0x0A16, 0x0A17, 0x0A14,
    0x0A15, 0x0A16, 0x0A17, 0x0A14, 0x0A15, 0x0A16, 0x0A17, 0x0A14, 0x0A15, 0x0A16,
    0x0A17, 0x0A14, 0x0A15, 0x0A16, 0x0A17, 0x0A14, 0x0A15, 0x0A16, 0x0A17, 0x0A14,
    0x0A15, 0x0A16, 0x0A17, 0x0A14, 0x0A15, 0x0A16, 0x0A17, 0x0A14, 0x0A15, 0x0A16,
    0x0A17, 0x0A14, 0x0A15, 0x0A16, 0x0A17, 0x0A14, 0x0A15, 0x0A16, 0x0A17, 0x0A14,
    0x0A15, 0x0A16, 0x0A17, 0x0A14, 0x0A15, 0x0A16, 0x0A17, 0x0A14, 0x0A15, 0x0A16,
    0x0A17, 0x0A14, 0x0A15, 0x0A16, 0x0A17, 0x0A14, 0x0A15, 0x0A16, 0x0A17, 0x0A14,
    0x0A15, 0x0A16, 0x0A17, 0x0A14, 0x0A15, 0x0A16, 0x0A17, 0x0A14, 0x0A15, 0x0A16,
    0x0A17, 0x0A14, 0x0A15, 0x0A00, 0x0A00, 0x0A00, 0x0A00, 0x0A00, 0x0A00, 0x0A00,
    0x0A00, 0x0A00, 0x0A00, 0x0A00, 0x0A00, 0x0A00, 0x0A00, 0x0A00, 0x0A00, 0x0A00,
    0x0A00, 0x0A00, 0x0A00, 0x0A00, 0x0A00, 0x0A14, 0x0A15, 0x0A16, 0x0A17, 0x0A14,
    0x0A15, 0x0A16, 0x0A17, 0x0A14, 0x0A15, 0x0A16, 0x0A17, 0x0A14, 0x0A15, 0x0A16,
    0x0A17, 0x0A14, 0x0A15, 0x0A16, 0x0A17, 0x0A14, 0x0A15, 0x0A16, 0x0A17, 0x0A14,
    0x0A15, 0x0A16, 0x0A17, 0x0A14, 0x0A15, 0x0A16, 0x0A17, 0x0A00, 0x0A00, 0x0A00,
    0x0A00, 0x0A00, 0x0A00, 0x0A00, 0x0A00, 0x0A00, 0x0A00, 0x0A00, 0x0A00, 0x0A00,
    0x0A00, 0x0A00, 0x0A00, 0x0A00, 0x0A15, 0x0A16, 0x0A17, 0x0A14, 0x0A15, 0x0A16,
    0x0A14, 0x0A15, 0x0A16, 0x0A17, 0x0A14, 0x0A15, 0x0A16, 0x0A17, 0x0A14, 0x0A15,
    0x0A16, 0x0A17, 0x0A14, 0x0A15, 0x0A16, 0x0A17, 0x0A14, 0x0A15, 0x0A16, 0x0A17,
    0x0A14, 0x0A15, 0x0A16, 0x0A17, 0x0A14, 0x0A15, 0x0A16, 0x0A17, 0x0A14, 0x0A15,
    0x0A16, 0x0A17, 0x0A14, 0x0A15, 0x0A16, 0x0A17, 0x0A14, 0x0A15, 0x0A16, 0x0A17,
    0x0A14, 0x0A15, 0x0A16, 0x0A17, 0x0A14, 0x0A15, 0x0A16, 0x0A17, 0x0A14, 0x0A15,
    0x0A16, 0x0A17, 0x0A14, 0x0A15, 0x0A16, 0x0A17, 0x0A14, 0x0A15, 0x0A16, 0x0A17,
    0x0A14, 0x0A15, 0x0A16, 0x0A17, 0x0A14, 0x0A15, 0x0A16, 0x0A17, 0x0A14, 0x0A15,
    0x0A16, 0x0A17, 0x0A14, 0x0A15, 0x0A16, 0x0A17, 0x0A14, 0x0A15, 0x0A16, 0x0A17,
    0x0A14, 0x0A15, 0x0A16, 0x0A17, 0x0A14, 0x0A15, 0x0A16, 0x0A17, 0x0A14, 0x0A15,
    0x0A16, 0x0A17, 0x0A14, 0x0A15, 0x0A16, 0x0A17, 0x0A14, 0x0A15, 0x0A16, 0x0A17,
    0x0A00, 0x0A00, 0x0A00, 0x0A00, 0x0A00, 0x0A00, 0x0A16, 0x0A17, 0x0A14, 0x0A15,
    0x0A16, 0x0A17, 0x0A14, 0x0A15, 0x0A16, 0x0A17, 0x0A14, 0x0A15, 0x0A16, 0x0A17,
    0x0A14, 0x0A15, 0x0A16, 0x0A17, 0x0A14, 0x0A15, 0x0A16, 0x0A17, 0x0A14, 0x0A15,
    0x0A16, 0x0A17, 0x0A14, 0x0A15, 0x0A16, 0x0A17, 0x0A14, 0x0A15, 0x0A16, 0x0A17,
    0x0A14, 0x0A15, 0x0A16, 0x0A17, 0x0A14, 0x0A15, 0x0A16, 0x0A17, 0x0A14, 0x0A15,
    0x0A16, 0x0A17, 0x0A14, 0x0A15, 0x0A16, 0x0A17, 0x0A14, 0x0A15, 0x0A16, 0x0A17,
    0x0A14, 0x0A15, 0x0A16, 0x0A17, 0x0A14, 0x0A15, 0x0A16, 0x0A17, 0x0A14, 0x0A15,
    0x0A16, 0x0A17, 0x0A14, 0x0A15, 0x0A16, 0x0A17, 0x0A14, 0x0A15, 0x0A16, 0x0A17,
    0x0A14, 0x0A15, 0x0A16, 0x0A17, 0x0A14, 0x0A15, 0x0A16, 0x0A17, 0x0A14, 0x0A15,
    0x0A16, 0x0A17, 0x0A14, 0x0A15, 0x0A16, 0x0A17, 0x0A14, 0x0A15, 0x0A16, 0x0A17,
    0x0A14, 0x0A15, 0x0A16, 0x0A17, 0x0A14, 0x0A15, 0x0A16, 0x0A17, 0x0A14, 0x0A15,
    0x0A16, 0x0A17, 0x0A14, 0x0A15, 0x0A16, 0x0A17, 0x0A14, 0x0A15, 0x0A16, 0x0A17,
    0x0A14, 0x0A15, 0x0A16, 0x0A17, 0x0A14, 0x0A15, 0x0A16, 0x0A17, 0x0A14, 0x0A15,
    0x0A16, 0x0A17, 0x0A14, 0x0A15, 0x0A16, 0x0A17, 0x0A14, 0x0A15, 0x0A16, 0x0A17,
    0x0A14, 0x0A15, 0x0A16, 0x0A17, 0x0A14, 0x0A15, 0x0A16, 0x0A17, 0x0A14, 0x0A15,
    0x0A16, 0x0A17, 0x0A14, 0x0A15, 0x0A16, 0x0A17, 0x0A14, 0x0A15, 0x0A16, 0x0A17,
    0x0A14, 0x0A15, 0x0A16, 0x0A17, 0x0A14, 0x0A15, 0x0A16, 0x0A17, 0x0A14, 0x0A15,
    0x0A00, 0x0A00, 0x0A00, 0x0A00, 0x0A00, 0x0A00, 0x0A00, 0x0A00, 0x0A00, 0x0A17,
    0x0A14, 0x0A15, 0x0A16, 0x0A17, 0x0A14, 0x0A15, 0x0A16, 0x0A17, 0x0A14, 0x0A15,
    0x0A16, 0x0A17, 0x0A14, 0x0A15, 0x0A16, 0x0A17, 0x0A14, 0x0A15, 0x0A16, 0x0A17,
    0x0A14, 0x0A15, 0x0A16, 0x0A17, 0x0A14, 0x0A15, 0x0A16, 0x0A17, 0x0A14, 0x0A15,
    0x0A16, 0x0A17, 0x0A14, 0x0A15, 0x0A16, 0x0A17, 0x0A14, 0x0A15, 0x0A16, 0x0A17,
    0x0A14, 0x0A15, 0x0A16, 0x0A17, 0x0A14, 0x0A15, 0x0A16, 0x0A17, 0x0A14, 0x0A15,
    0x0A16, 0x0A17, 0x0A14, 0x0A15, 0x0A16, 0x0A17, 0x0A14, 0x0A15, 0x0A16, 0x0A17,
    0x0A14, 0x0A15, 0x0A16, 0x0A17, 0x0A14, 0x0A15, 0x0A16, 0x0A17, 0x0A14, 0x0A15,
    0x0A16, 0x0A17, 0x0A14, 0x0A15, 0x0A16, 0x0A17, 0x0A14, 0x0A15, 0x0A16, 0x0A17,
    0x0A14, 0x0A15, 0x0A16, 0x0A17, 0x0A14, 0x0A15, 0x0A16, 0x0A17, 0x0A14, 0x0A15,
    0x0A16, 0x0A17, 0x0A14, 0x0A15, 0x0A16, 0x0A17, 0x0A14, 0x0A15, 0x0A16, 0x0A17,
    0x0A14, 0x0A15, 0x0A16, 0x0A17, 0x0A14, 0x0A15, 0x0A16, 0x0A17, 0x0A14, 0x0A15,
    0x0A16, 0x0A17, 0x0A14, 0x0A15, 0x0A16, 0x0A17, 0x0A14, 0x0A15, 0x0A16, 0x0A17,
    0x0A14, 0x0A15, 0x0A16, 0x0A17, 0x0A14, 0x0A15, 0x0A16, 0x0A17, 0x0A14, 0x0A15,
    0x0A16, 0x0A17, 0x0A14, 0x0A15, 0x0A16, 0x0A17, 0x0A14, 0x0A15, 0x0A16, 0x0A17,
    0x0A14, 0x0A15, 0x0A16, 0x0A17, 0x0A14, 0x0A15, 0x0A16, 0x0A17, 0x0A14, 0x0A15,
    0x0A16, 0x0A17, 0x0A14, 0x0A15, 0x0A16, 0x0A17, 0x0A14, 0x0A15, 0x0A16, 0x0A17,
    0x0A14, 0x0A00, 0x0A00, 0x0A00, 0x0A00, 0x0A00, 0x0A00, 0x0A00, 0x0A00, 0x0A00,
    0x0A00, 0x0A17, 0x0A14, 0x0A15, 0x0A16, 0x0A17, 0x0A14, 0x0A15, 0x0A16, 0x0A17,
    0x0A14, 0x0A15, 0x0A16, 0x0A17, 0x0A14, 0x0A15, 0x0A16, 0x0A17, 0x0A14, 0x0A15,
    0x0A16, 0x0A17, 0x0A14, 0x0A15, 0x0A16, 0x0A17, 0x0A14, 0x0A15, 0x0A16, 0x0A17,
    0x0A14, 0x0A15, 0x0A16, 0x0A17, 0x0A14, 0x0A15, 0x0A16, 0x0A17, 0x0A14, 0x0A15,
    0x0A16, 0x0A17, 0x0A14, 0x0A15, 0x0A16, 0x0A17, 0x0A14, 0x0A15, 0x0A16, 0x0A17,
    0x0A14, 0x0A15, 0x0A16, 0x0A17, 0x0A14, 0x0A15, 0x0A16, 0x0A17, 0x0A14, 0x0A15,
    0x0A16, 0x0A17, 0x0A15, 0x0A16, 0x0A17, 0x0A14, 0x0A15, 0x0A16, 0x0A17, 0x0A14,
    0x0A15, 0x0A16, 0x0A17, 0x0A14, 0x0A15, 0x0A16, 0x0A17, 0x0A14, 0x0A15, 0x0A16,
    0x0A17, 0x0A14, 0x0A15, 0x0A16, 0x0A17, 0x0A14, 0x0A15, 0x0A16, 0x0A17, 0x0A14,
    0x0A15, 0x0A16, 0x0A17, 0x0A14, 0x0A15, 0x0A16, 0x0A17, 0x0A14, 0x0A15, 0x0A16,
    0x0A17, 0x0A14, 0x0A15, 0x0A16, 0x0A17, 0x0A14, 0x0A15, 0x0A16, 0x0A17, 0x0A14,
    0x0A15, 0x0A16, 0x0A17, 0x0A14, 0x0A15, 0x0A16, 0x0A17, 0x0A14, 0x0A15, 0x0A16,
    0x0A17, 0x0A14, 0x0A15, 0x0A16, 0x0A17, 0x0A14, 0x0A15, 0x0A16, 0x0A17, 0x0A14,
    0x0A15, 0x0A16, 0x0A17, 0x0A14, 0x0A15, 0x0A16, 0x0A17, 0x0A14, 0x0A15, 0x0A16,
    0x0A17, 0x0A14, 0x0A15, 0x0A16, 0x0A17, 0x0A14, 0x0A15, 0x0A16, 0x0A17, 0x0A14,
    0x0A15, 0x0A16, 0x0A17, 0x0A14, 0x0A15, 0x0A16, 0x0A17, 0x0A14, 0x0A15, 0x0A16,
    0x0A17, 0x0A14, 0x0A15, 0x0A16, 0x0A17, 0x0A14, 0x0A15, 0x0A16, 0x0A17, 0x0A14,
    0x0A15, 0x0A16, 0x0A17, 0x0A14, 0x0A15, 0x0A16, 0x0A17, 0x0A14, 0x0A15, 0x0A16,
    0x0A17, 0x0A14, 0x0A15, 0x0A16, 0x0A17, 0x0A14, 0x0A15, 0x0A16, 0x0A17, 0x0A14,
    0x0A15, 0x0A16, 0x0A17, 0x0A14, 0x0A15, 0x0A16, 0x0A17, 0x0A14, 0x0A15, 0x0A16,
    0x0A17, 0x0A14, 0x0A15, 0x0A16, 0x0A17, 0x0A14, 0x0A15, 0x0A16, 0x0A17, 0x0A14,
    0x0A15, 0x0A16, 0x0A17, 0x0A14, 0x0A15, 0x0A16, 0x0A17, 0x0A14, 0x0A15, 0x0A16,
    0x0A17, 0x0A14, 0x0A15, 0x0A16, 0x0A17, 0x0A14, 0x0A15, 0x0A16, 0x0A17, 0x0A14,
    0x0A15, 0x0A16, 0x0A17, 0x0A14, 0x0A15, 0x0A16, 0x0A17, 0x0A14, 0x0A15, 0x0A16,
    0x0A17, 0x0A14, 0x0A15, 0x0A16, 0x0A17, 0x0A14, 0x0A15, 0x0A16, 0x0A17, 0x0A14,
    0x0A15, 0x0A16, 0x0A17, 0x0A14, 0x0A15, 0x0A16, 0x0A17, 0x0A14, 0x0A15, 0x0A16,
    0x0A17, 0x0A14, 0x0A15, 0x0A16, 0x0A17, 0x0A14, 0x0A15, 0x0A16, 0x0A17, 0x0A14,
    0x0A15, 0x0A16, 0x0A17, 0x0A14, 0x0A15, 0x0A16, 0x0A17, 0x0A14, 0x0A15, 0x0A16,
    0x0A17, 0x0A14, 0x0A15, 0x0A16, 0x0A17, 0x0A14, 0x0A15, 0x0A16, 0x0A17, 0x0A14,
    0x0A15, 0x0A16, 0x0A17, 0x0A14, 0x0A15, 0x0A16, 0x0A17, 0x0A14, 0x0A15, 0x0A16,
    0x0A17, 0x0A14, 0x0A15, 0x0A16, 0x0A17, 0x0A14, 0x0A15, 0x0A16, 0x0A17, 0x0A14,
    0x0A15, 0x0A16, 0x0A17, 0x0A14, 0x0A15, 0x0A16, 0x0A17, 0x0A14, 0x0A15, 0x0A16,
    0x0A17, 0x0A14, 0x0A15, 0x0A16, 0x0A17, 0x0A14, 0x0A15, 0x0A16, 0x0A17, 0x0A14,
    0x0A15, 0x0A16, 0x0A17, 0x0A14, 0x0A15, 0x0A16, 0x0A17, 0x0A14, 0x0A15, 0x0A16,
    0x0A17, 0x0A14, 0x0A15, 0x0A16, 0x0A17, 0x0A14, 0x0A15, 0x0A16, 0x0A17, 0x0A14,
    0x0A15, 0x0A16, 0x0A17, 0x0A14, 0x0A15, 0x0A16, 0x0A17, 0x0A14, 0x0A15, 0x0A16,
    0x0A17, 0x0A14, 0x0A15, 0x0A16, 0x0A17, 0x0A14, 0x0A15, 0x0A16, 0x0A17, 0x0A14,
    0x0A15, 0x0A16, 0x0A17, 0x0A14, 0x0A15, 0x0A16, 0x0A17, 0x0A14, 0x0A15, 0x0A16,
    0x0A17, 0x0A14, 0x0A15, 0x0A16, 0x0A17, 0x0A14, 0x0A15, 0x0A16, 0x0A17, 0x0A14,
    0x0A15, 0x0A16, 0x0A17, 0x0A14, 0x0A15, 0x0A16, 0x0A17, 0x0A14, 0x0A15, 0x0A16,
    0x0A17, 0x0A14, 0x0A15, 0x0A16, 0x0A17, 0x0A14, 0x0A15, 0x0A16, 0x0A17, 0x0A14,
    0x0A15, 0x0A16, 0x0A17, 0x0A14, 0x0A15, 0x0A16, 0x0A17, 0x0A14, 0x0A15, 0x0A16,
    0x0A17, 0x0A14, 0x0A15, 0x0A16, 0x0A17, 0x0A14, 0x0A15, 0x0A16, 0x0A17, 0x0A14,
    0x0A15, 0x0A16, 0x0A17, 0x0A14, 0x0A15, 0x0A16, 0x0A17, 0x0A14, 0x0A15, 0x0A16,
    0x0A17, 0x0A14, 0x0A15, 0x0A16, 0x0A17, 0x0A14, 0x0A15, 0x0A16, 0x0A17, 0x0A14,
    0x0A15, 0x0A16, 0x0A17, 0x0A14, 0x0A15, 0x0A16, 0x0A17, 0x0A14, 0x0A15, 0x0A16,
    0x0A17, 0x0A14, 0x0A15, 0x0A16, 0x0A17, 0x0A14, 0x0A15, 0x0A16, 0x0A17, 0x0A14,
    0x0A15, 0x0A16, 0x0A17, 0x0A14, 0x0A15, 0x0A16, 0x0A17, 0x0A14, 0x0A15, 0x0A16,
    0x0A17, 0x0A14, 0x0A15, 0x0A16, 0x0A17, 0x0A14, 0x0A15, 0x0A16, 0x0A17, 0x0A14,
    0x0A15, 0x0A16, 0x0A17, 0x0A14, 0x0A15, 0x0A16, 0x0A17, 0x0A14, 0x0A15, 0x0A16,
    0x0A17, 0x0A14, 0x0A15, 0x0A16, 0x0A17, 0x0A14, 0x0A15, 0x0A16, 0x0A17, 0x0A14,
    0x0A15, 0x0A16, 0x0A17, 0x0A14, 0x0A15, 0x0A16, 0x0A17, 0x0A14, 0x0A15, 0x0A16,
    0x0A17, 0x0A14, 0x0A15, 0x0A16, 0x0A17, 0x0A14, 0x0A15, 0x0A16, 0x0A17, 0x0A14,
    0x0A15, 0x0A16, 0x0A17, 0x0A14, 0x0A15, 0x0A16, 0x0A17, 0x0A14, 0x0A15, 0x0A16,
    0x0A17, 0x0A14, 0x0A15, 0x0A16, 0x0A17, 0x0A14, 0x0A15, 0x0A16, 0x0A17, 0x0A14,
    0x0A15, 0x0A16, 0x0A17, 0x0A14, 0x0A15, 0x0A16, 0x0A17, 0x0A14, 0x0A15, 0x0A16,
    0x0A17, 0x0A14, 0x0A15, 0x0A16, 0x0A17, 0x0A14, 0x0A15, 0x0A16, 0x0A17, 0x0A14,
    0x0A15, 0x0A16, 0x0A17, 0x0A14, 0x0A19, 0x0A19, 0x0A19, 0x0A19, 0x0A19, 0x0A19,
    0x0A19, 0x0A19, 0x0A19, 0x0A19, 0x0A19, 0x0A19, 0x0A19, 0x0A19, 0x0A19, 0x0A19,
    0x0A19, 0x0A19, 0x0A19, 0x0A19, 0x0A19, 0x0A19, 0x0A19, 0x0A19, 0x0A19, 0x0A19,
    0x0A19, 0x0A19, 0x0A19, 0x0A19, 0x0A19, 0x0A19, 0x0A19, 0x0A19, 0x0A19, 0x0A19,
    0x0A19, 0x0A19, 0x0A19, 0x0A19, 0x0A19, 0x0A19, 0x0A19, 0x0A19, 0x0A19, 0x0A19,
    0x0A19, 0x0A19, 0x0A19, 0x0A19, 0x0A19, 0x0A19, 0x0A19, 0x0A19, 0x0A19, 0x0A19,
    0x0A19, 0x0A19, 0x0A19, 0x0A19, 0x0A19, 0x0A19, 0x0A19, 0x0A19, 0x0A19, 0x0A19,
    0x0A19, 0x0A19, 0x0A19, 0x0A19, 0x0A19, 0x0A19, 0x0A19, 0x0A19, 0x0A19, 0x0A19,
    0x0A19, 0x0A19, 0x0A19, 0x0A19, 0x0A19, 0x0A19, 0x0A19, 0x0A19, 0x0A19, 0x0A19,
    0x0A19, 0x0A19, 0x0A19, 0x0A19, 0x0A19, 0x0A19, 0x0A19, 0x0A19, 0x0A19, 0x0A19,
    0x0A19, 0x0A19, 0x0A19, 0x0A19, 0x0A19, 0x0A19, 0x0A19, 0x0A19, 0x0A19, 0x0A19,
    0x0A19, 0x0A19, 0x0A19, 0x0A19, 0x0A19, 0x0A19, 0x0A19, 0x0A19, 0x0A19, 0x0A19,
    0x0A19, 0x0A19, 0x0A19, 0x0A19, 0x0A19, 0x0A19, 0x0A19, 0x0A19, 0x0A19, 0x0A19,
    0x0A19, 0x0A19, 0x0A19, 0x0A19, 0x0A19, 0x0A19, 0x0A19, 0x0A19, 0x0A19, 0x0A19,
    0x0A19, 0x0A19, 0x0A19, 0x0A19, 0x0A19, 0x0A19, 0x0A19, 0x0A19, 0x0A19, 0x0A19,
    0x0A19, 0x0A19, 0x0A19, 0x0A19, 0x0A19, 0x0A19, 0x0A19, 0x0A19, 0x0A19, 0x0A19,
    0x0A19, 0x0A19, 0x0A19, 0x0A19, 0x0A19, 0x0A19, 0x0A19, 0x0A19, 0x0A19, 0x0A19,
    0x0A19, 0x0A19, 0x0A19, 0x0A19, 0x0A19, 0x0A19, 0x0A19, 0x0A19, 0x0A19, 0x0A19,
    0x0A19, 0x0A19, 0x0A19, 0x0A19, 0x0A19, 0x0A19, 0x0A19, 0x0A19, 0x0A19, 0x0A19,
    0x0A19, 0x0A19, 0x0A19, 0x0A19, 0x0A19, 0x0A19, 0x0A19, 0x0A19, 0x0A19, 0x0A19,
    0x0A19, 0x0A19, 0x0A19, 0x0A19, 0x0A19, 0x0A19, 0x0A19, 0x0A19, 0x0A19, 0x0A19,
    0x0A19, 0x0A19, 0x0A19, 0x0A19, 0x0A19, 0x0A19, 0x0A19, 0x0A19, 0x0A19, 0x0A19,
    0x0A19, 0x0A19, 0x0A19, 0x0A19, 0x0A19, 0x0A19, 0x0A19, 0x0A19, 0x0A19, 0x0A19,
    0x0A19, 0x0A19, 0x0A19, 0x0A19, 0x0A19, 0x0A19, 0x0A19, 0x0A19, 0x0A19, 0x0A19,
    0x0A19, 0x0A19, 0x0A19, 0x0A19, 0x0A19, 0x0A19, 0x0A19, 0x0A19, 0x0A19, 0x0A19,
    0x0A19, 0x0A19, 0x0A19, 0x0A19, 0x0A19, 0x0A19, 0x0A19, 0x0A19, 0x0A19, 0x0A19,
    0x0A19, 0x0A19, 0x0A19, 0x0A19, 0x0A19, 0x0A19, 0x0A19, 0x0A19, 0x0A19, 0x0A19,
    0x0A19, 0x0A19, 0x0A19, 0x0A19, 0x0A19, 0x0A19, 0x0A19, 0x0A19, 0x0A19, 0x0A19,
    0x0A19, 0x0A19, 0x0A19, 0x0A19, 0x0A19, 0x0A19, 0x0A19, 0x0A19, 0x0A19, 0x0A19,
    0x0A19, 0x0A19, 0x0A19, 0x0A19, 0x0A19, 0x0A19, 0x0A19, 0x0A19, 0x0A19, 0x0A19,
    0x0A19, 0x0A19, 0x0A19, 0x0A19, 0x0A19, 0x0A19, 0x0A19, 0x0A19, 0x0A19, 0x0A19,
    0x0A19, 0x0A19, 0x0A19, 0x0A19, 0x0A19, 0x0A19, 0x0A19, 0x0A19, 0x0A19, 0x0A19,
    0x0A19, 0x0A19, 0x0A19, 0x0A19, 0x0A19, 0x0A19, 0x0A19, 0x0A19, 0x0A19, 0x0A19,
    0x0A19, 0x0A19, 0x0A19, 0x0A19, 0x0A19, 0x0A19, 0x0A19, 0x0A19, 0x0A19, 0x0A19,
    0x0A19, 0x0A19, 0x0A19, 0x0A19, 0x0A19, 0x0A19, 0x0A19, 0x0A19, 0x0A19, 0x0A19,
    0x0A19, 0x0A19, 0x0A19, 0x0A19, 0x0A19, 0x0A19, 0x0A19, 0x0A19, 0x0A19, 0x0A19,
    0x0A19, 0x0A19, 0x0A19, 0x0A19, 0x0A19, 0x0A19, 0x0A19, 0x0A19, 0x0A19, 0x0A19,
    0x0A19, 0x0A19, 0x0A19, 0x0A19, 0x0A19, 0x0A19, 0x0A19, 0x0A19, 0x0A19, 0x0A19,
    0x0A19, 0x0A19, 0x0A19, 0x0A19, 0x0A19, 0x0A19, 0x0A19, 0x0A19, 0x0A19, 0x0A19,
    0x0A19, 0x0A19, 0x0A19, 0x0A19, 0x0A19, 0x0A19, 0x0A19, 0x0A19, 0x0A19, 0x0A19,
    0x0A19, 0x0A19, 0x0A19, 0x0A19, 0x0A19, 0x0A19, 0x0A19, 0x0A19, 0x0A19, 0x0A19,
    0x0A19, 0x0A19, 0x0A19, 0x0A19, 0x0A19, 0x0A19, 0x0A19, 0x0A19, 0x0A19, 0x0A19,
    0x0A19, 0x0A19, 0x0A19, 0x0A19, 0x0A19, 0x0A19, 0x0A19, 0x0A19, 0x0A19, 0x0A19,
    0x0A19, 0x0A19, 0x0A19, 0x0A19, 0x0A19, 0x0A19, 0x0A19, 0x0A19, 0x0A19, 0x0A19,
    0x0A19, 0x0A19, 0x0A19, 0x0A19, 0x0A19, 0x0A19, 0x0A19, 0x0A19, 0x0A19, 0x0A19,
    0x0A19, 0x0A19, 0x0A19, 0x0A19, 0x0A19, 0x0A19, 0x0A19, 0x0A19, 0x0A19, 0x0A19,
    0x0A19, 0x0A19, 0x0A19, 0x0A19, 0x0A19, 0x0A19, 0x0A19, 0x0A19, 0x0A19, 0x0A19,
    0x0A19, 0x0A19, 0x0A19, 0x0A19, 0x0A19, 0x0A19, 0x0A19, 0x0A19, 0x0A19, 0x0A19,
    0x0A19, 0x0A19, 0x0A19, 0x0A19, 0x0A19, 0x0A19, 0x0A19, 0x0A19, 0x0A19, 0x0A19,
    0x0A19, 0x0A19, 0x0A19, 0x0A19, 0x0A19, 0x0A19, 0x0A19, 0x0A19, 0x0A19, 0x0A19,
    0x0A19, 0x0A19, 0x0A19, 0x0A19, 0x0A19, 0x0A19, 0x0A19, 0x0A19, 0x0A19, 0x0A19,
    0x0A19, 0x0A19, 0x0A19, 0x0A19, 0x0A19, 0x0A19, 0x0A19, 0x0A19, 0x0A19, 0x0A19,
    0x0A19, 0x0A19, 0x0A19, 0x0A19, 0x0A19, 0x0A19, 0x0A19, 0x0A19, 0x0A19, 0x0A19,
    0x0A19, 0x0A19, 0x0A19, 0x0A19, 0x0A19, 0x0A19, 0x0A19, 0x0A19, 0x0A19, 0x0A19,
    0x0A19, 0x0A19, 0x0A19, 0x0A19, 0x0A19, 0x0A19, 0x0A19, 0x0A19, 0x0A19, 0x0A19,
    0x0A19, 0x0A19, 0x0A19, 0x0A19, 0x0A19, 0x0A19, 0x0A19, 0x0A19, 0x0A19, 0x0A19,
    0x0A19, 0x0A19, 0x0A19, 0x0A19, 0x0A19, 0x0A19, 0x0A19, 0x0A19, 0x0A19, 0x0A19,
    0x0A19, 0x0A19, 0x0A19, 0x0A19, 0x0A19, 0x0A19, 0x0A19, 0x0A19, 0x0A19, 0x0A19,
    0x0A19, 0x0A19, 0x0A19, 0x0A19, 0x0A19, 0x0A19, 0x0A19, 0x0A19, 0x0A19, 0x0A19,
    0x0A19, 0x0A19, 0x0A19, 0x0A19, 0x0A19, 0x0A19, 0x0A19, 0x0A19, 0x0A19, 0x0A19,
    0x0A19, 0x0A19, 0x0A19, 0x0A19, 0x0A19, 0x0A19, 0x0A19, 0x0A19, 0x0A19, 0x0A19,
    0x0A19, 0x0A19, 0x0A19, 0x0A19, 0x0A19, 0x0A19, 0x0A19, 0x0A19, 0x0A19, 0x0A19,
    0x0A19, 0x0A19, 0x0A19, 0x0A19, 0x0A19, 0x0A19, 0x0A19, 0x0A19, 0x0A19, 0x0A19,
    0x0A19, 0x0A19, 0x0A19, 0x0A19, 0x0A19, 0x0A19, 0x0A19, 0x0A19, 0x0A19, 0x0A19,
    0x0A19, 0x0A19, 0x0A19, 0x0A19, 0x0A19, 0x0A19, 0x0A19, 0x0A19, 0x0A19, 0x0A19,
    0x0A19, 0x0A19, 0x0A19, 0x0A19, 0x0A19, 0x0A19, 0x0A19, 0x0A19, 0x0A19, 0x0A19,
    0x0A19, 0x0A19, 0x0A19, 0x0A19, 0x0A19, 0x0A19, 0x0A19, 0x0A19, 0x0A19, 0x0A19,
    0x0A19, 0x0A19, 0x0A19, 0x0A19, 0x0A19, 0x0A19, 0x0A19, 0x0A19, 0x0A19, 0x0A19,
    0x0A19, 0x0A19, 0x0A19, 0x0A19, 0x0A19, 0x0A19, 0x0A19, 0x0A19, 0x0A19, 0x0A19,
    0x0A19, 0x0A19, 0x0A19, 0x0A19, 0x0A19, 0x0A19, 0x0A19, 0x0A19, 0x0A19, 0x0A19,
    0x0A19, 0x0A19, 0x0A19, 0x0A19, 0x0A19, 0x0A19, 0x0A19, 0x0A19, 0x0A19, 0x0A19,
    0x0A19, 0x0A19, 0x0A19, 0x0A19, 0x0A19, 0x0A19, 0x0A19, 0x0A19, 0x0A19, 0x0A19,
    0x0A19, 0x0A19, 0x0A19, 0x0A19, 0x0A19, 0x0A19, 0x0A19, 0x0A19, 0x0A19, 0x0A19,
    0x0A19, 0x0A19, 0x0A19, 0x0A19, 0x0A19, 0x0A19, 0x0A19, 0x0A19, 0x0A19, 0x0A19,
    0x0A19, 0x0A19, 0x0A19, 0x0A19, 0x0A19, 0x0A19, 0x0A19, 0x0A19, 0x0A19, 0x0A19,
    0x0A19, 0x0A19, 0x0A19, 0x0A19, 0x0A19, 0x0A19, 0x0A19, 0x0A19, 0x0A19, 0x0A19,
    0x0A19, 0x0A19, 0x0A19, 0x0A19, 0x0A19, 0x0A19, 0x0A19, 0x0A19, 0x0A19, 0x0A19,
    0x0A19, 0x0A19, 0x0A19, 0x0A19, 0x0A19, 0x0A19, 0x0A19, 0x0A19, 0x0A19, 0x0A19,
    0x0A19, 0x0A19, 0x0A19, 0x0A19, 0x0A19, 0x0A19, 0x0A19, 0x0A19, 0x0A19, 0x0A19,
    0x0A19, 0x0A19, 0x0A19, 0x0A19, 0x0A19, 0x0A19, 0x0A19, 0x0A19, 0x0A19, 0x0A19,
    0x0A19, 0x0A19, 0x0A19, 0x0A19, 0x0A19, 0x0A19, 0x0A19, 0x0A19, 0x0A19, 0x0A19,
    0x0A19, 0x0A19, 0x0A19, 0x0A19, 0x0A19, 0x0A19, 0x0A19, 0x0A19, 0x0A19, 0x0A19,
    0x0A19, 0x0A19, 0x0A19, 0x0A19, 0x0A19, 0x0A19, 0x0A19, 0x0A19, 0x0A19, 0x0A19,
    0x0A19, 0x0A19, 0x0A19, 0x0A19, 0x0A19, 0x0A19, 0x0A19, 0x0A19, 0x0A19, 0x0A19,
    0x0A19, 0x0A19, 0x0A19, 0x0A19, 0x0A19, 0x0A19, 0x0A19, 0x0A19, 0x0A19, 0x0A19,
    0x0A19, 0x0A19, 0x0A19, 0x0A19, 0x0A19, 0x0A19, 0x0A19, 0x0A19, 0x0A19, 0x0A19,
    0x0A19, 0x0A19, 0x0A19, 0x0A19, 0x0A19, 0x0A19, 0x0A19, 0x0A19, 0x0A19, 0x0A19,
    0x0A19, 0x0A19, 0x0A19, 0x0A19, 0x0A19, 0x0A19, 0x0A19, 0x0A19, 0x0A19, 0x0A19,
    0x0A19, 0x0A19, 0x0A19, 0x0A19, 0x0A19, 0x0A19, 0x0A19, 0x0A19, 0x0A19, 0x0A19,
    0x0A19, 0x0A19, 0x0A19, 0x0A19, 0x0A19, 0x0A19, 0x0A19, 0x0A19, 0x0A19, 0x0A19,
    0x0A19, 0x0A19, 0x0A19, 0x0A19, 0x0A19, 0x0A19, 0x0A19, 0x0A19, 0x0A19, 0x0A19,
    0x0A19, 0x0A19, 0x0A19, 0x0A19, 0x0A19, 0x0A19, 0x0A19, 0x0A19, 0x0A19, 0x0A19,
    0x0A19, 0x0A19, 0x0A19, 0x0A19, 0x0A19, 0x0A19, 0x0A19, 0x0A19, 0x0A19, 0x0A19,
    0x0A19, 0x0A19, 0x0A19, 0x0A19, 0x0A19, 0x0A19, 0x0A19, 0x0A19, 0x0A19, 0x0A19,
    0x0A19, 0x0A19, 0x0A19, 0x0A19, 0x0A19, 0x0A19, 0x0A19, 0x0A19, 0x0A19, 0x0A19,
    0x0A19, 0x0A19, 0x0A19, 0x0A19, 0x0A19, 0x0A19, 0x0A19, 0x0A19, 0x0A19, 0x0A19,
    0x0A19, 0x0A19, 0x0A19, 0x0A19, 0x0A19, 0x0A19, 0x0A19, 0x0A19, 0x0A19, 0x0A19,
    0x0A19, 0x0A19, 0x0A19, 0x0A19, 0x0A19, 0x0A19, 0x0A19, 0x0A19, 0x0A19, 0x0A19,
    0x0A19, 0x0A19, 0x0A19, 0x0A19, 0x0A19, 0x0A19, 0x0A19, 0x0A19, 0x0A19, 0x0A19,
    0x0A19, 0x0A19, 0x0A19, 0x0A19, 0x0A19, 0x0A19, 0x0A19, 0x0A19, 0x0A19, 0x0A19,
    0x0A19, 0x0A19, 0x0A19, 0x0A19, 0x0A19, 0x0A19, 0x0A19, 0x0A19, 0x0A19, 0x0A19,
    0x0A19, 0x0A19, 0x0A19, 0x0A19, 0x0A19, 0x0A19, 0x0A19, 0x0A19, 0x0A19, 0x0A19,
    0x0A19, 0x0A19, 0x0A19, 0x0A19, 0x0A19, 0x0A19, 0x0A19, 0x0A19, 0x0A19, 0x0A19,
    0x0A19, 0x0A19, 0x0A19, 0x0A19, 0x0A19, 0x0A19, 0x0A19, 0x0A19, 0x0A19, 0x0A19,
    0x0A19, 0x0A19, 0x0A19, 0x0A19, 0x0A19, 0x0A19, 0x0A19, 0x0A19, 0x0A19, 0x0A19,
    0x0A19, 0x0A19, 0x0A19, 0x0A19, 0x0A19, 0x0A19, 0x0A19, 0x0A19, 0x0A19, 0x0A19,
    0x0A19, 0x0A19, 0x0A19, 0x0A19, 0x0A19, 0x0A19, 0x0A19, 0x0A19, 0x0A19, 0x0A19,
    0x0A19, 0x0A19, 0x0A19, 0x0A19, 0x0A19, 0x0A19, 0x0A19, 0x0A19, 0x0A19, 0x0A19,
    0x0A19, 0x0A19, 0x0A19, 0x0A19, 0x0A19, 0x0A19, 0x0A19, 0x0A19, 0x0A19, 0x0A19,
    0x0A19, 0x0A19, 0x0A19, 0x0A19, 0x0A19, 0x0A19, 0x0A19, 0x0A19, 0x0A19, 0x0A19,
    0x0A19, 0x0A19, 0x0A19, 0x0A19, 0x0A19, 0x0A19, 0x0A19, 0x0A19, 0x0A19, 0x0A19,
    0x0A19, 0x0A19, 0x0A19, 0x0A19, 0x0A19, 0x0A19, 0x0A19, 0x0A19, 0x0A19, 0x0A19,
    0x0A19, 0x0A19, 0x0A19, 0x0A19, 0x0A19, 0x0A19, 0x0A19, 0x0A19, 0x0A19, 0x0A19,
    0x0A19, 0x0A19, 0x0A19, 0x0A19, 0x0A19, 0x0A19, 0x0A19, 0x0A19, 0x0A19, 0x0A19,
    0x0A19, 0x0A19, 0x0A19, 0x0A19, 0x0A19, 0x0A19, 0x0A19, 0x0A19, 0x0A19, 0x0A19,
    0x0A19, 0x0A19, 0x0A19, 0x0A19, 0x0A19, 0x0A19, 0x0A19, 0x0A19, 0x0A19, 0x0A19,
    0x0A19, 0x0A19, 0x0A19, 0x0A19, 0x0A19, 0x0A19, 0x0A19, 0x0A19, 0x0A19, 0x0A19,
    0x0A19, 0x0A19, 0x0A19, 0x0A19, 0x0A19, 0x0A19, 0x0A19, 0x0A19, 0x0A19, 0x0A19,
    0x0A19, 0x0A19, 0x0A19, 0x0A19, 0x0A19, 0x0A19, 0x0A19, 0x0A19, 0x0A19, 0x0A19,
    0x0A19, 0x0A19, 0x0A19, 0x0A19, 0x0A19, 0x0A19, 0x0A19, 0x0A19, 0x0A19, 0x0A19,
    0x0A19, 0x0A19, 0x0A19, 0x0A19, 0x0A19, 0x0A19, 0x0A19, 0x0A19, 0x0A19, 0x0A19,
    0x0A19, 0x0A19, 0x0A19, 0x0A19, 0x0A19, 0x0A19, 0x0A19, 0x0A19, 0x0A19, 0x0A19,
    0x0A19, 0x0A19, 0x0A19, 0x0A19, 0x0A19, 0x0A19, 0x0A19, 0x0A19, 0x0A19, 0x0A19,
    0x0A19, 0x0A19, 0x0A19, 0x0A19, 0x0A19, 0x0A19, 0x0A19, 0x0A19, 0x0A19, 0x0A19,
    0x0A19, 0x0A19, 0x0A19, 0x0A19, 0x0A19, 0x0A19, 0x0A19, 0x0A19, 0x0A19, 0x0A19,
    0x0A19, 0x0A19, 0x0A19, 0x0A19, 0x0A19, 0x0A19, 0x0A19, 0x0A19, 0x0A19, 0x0A19,
    0x0A19, 0x0A19, 0x0A19, 0x0A19, 0x0A19, 0x0A19, 0x0A19, 0x0A19, 0x0A19, 0x0A19,
    0x0A19, 0x0A19, 0x0A19, 0x0A19, 0x0A19, 0x0A19, 0x0A19, 0x0A19, 0x0A19, 0x0A19,
    0x0A19, 0x0A19, 0x0A19, 0x0A19, 0x0A19, 0x0A19, 0x0A19, 0x0A19, 0x0A19, 0x0A19,
    0x0A19, 0x0A19, 0x0A19, 0x0A19, 0x0A19, 0x0A19, 0x0A19, 0x0A19, 0x0A19, 0x0A19,
    0x0A19, 0x0A19, 0x0A19, 0x0A19, 0x0A19, 0x0A19, 0x0A19, 0x0A19, 0x0A19, 0x0A19,
    0x0A19, 0x0A19, 0x0A19, 0x0A19, 0x0A19, 0x0A19, 0x0A19, 0x0A19, 0x0A19, 0x0A19,
    0x0A19, 0x0A19, 0x0A19, 0x0A19, 0x0A19, 0x0A19, 0x0A19, 0x0A19, 0x0A19, 0x0A19,
    0x0A19, 0x0A19, 0x0A19, 0x0A19, 0x0A19, 0x0A19, 0x0A19, 0x0A19, 0x0A19, 0x0A19,
    0x0A19, 0x0A19, 0x0A19, 0x0A19, 0x0A19, 0x0A19, 0x0A19, 0x0A19, 0x0A19, 0x0A19,
    0x0A19, 0x0A19, 0x0A19, 0x0A19, 0x0A19, 0x0A19, 0x0A19, 0x0A19, 0x0A19, 0x0A19,
    0x0A19, 0x0A19, 0x0A19, 0x0A19, 0x0A19, 0x0A19, 0x0A19, 0x0A19, 0x0A19, 0x0A19,
    0x0A19, 0x0A19, 0x0A19, 0x0A19, 0x0A19, 0x0A19, 0x0A19, 0x0A19, 0x0A19, 0x0A19,
    0x0A19, 0x0A19, 0x0A19, 0x0A19, 0x0A19, 0x0A19, 0x0A19, 0x0A19, 0x0A19, 0x0A19,
    0x0A19, 0x0A19, 0x0A19, 0x0A19, 0x0A19, 0x0A19, 0x0A19, 0x0A19, 0x0A19, 0x0A19,
    0x0A19, 0x0A19, 0x0A19, 0x0A19, 0x0A19, 0x0A19, 0x0A19, 0x0A19, 0x0A19, 0x0A19,
    0x0A19, 0x0A19, 0x0A19, 0x0A19, 0x0A19, 0x0A19, 0x0A19, 0x0A19, 0x0A19, 0x0A19,
    0x0A19, 0x0A19, 0x0A19, 0x0A19, 0x0A19, 0x0A19, 0x0A19, 0x0A19, 0x0A19, 0x0A19,
    0x0A19, 0x0A19, 0x0A19, 0x0A19, 0x0A19, 0x0A19, 0x0A19, 0x0A19, 0x0A19, 0x0A19,
    0x0A19, 0x0A19, 0x0A19, 0x0A19, 0x0A19, 0x0A19, 0x0A19, 0x0A19, 0x0A19, 0x0A19,
    0x0A19, 0x0A19, 0x0A19, 0x0A19, 0x0A19, 0x0A19, 0x0A19, 0x0A19, 0x0A19, 0x0A19,
    0x0A19, 0x0A19, 0x0A19, 0x0A19, 0x0A19, 0x0A19, 0x0A19, 0x0A19, 0x0A19, 0x0A19,
    0x0A19, 0x0A19, 0x0A19, 0x0A19, 0x0A19, 0x0A19, 0x0A19, 0x0A19, 0x0A19, 0x0A19,
    0x0A19, 0x0A19, 0x0A19, 0x0A19, 0x0A19, 0x0A19, 0x0A19, 0x0A19, 0x0A19, 0x0A19,
    0x0A19, 0x0A19, 0x0A19, 0x0A19, 0x0A19, 0x0A19, 0x0A19, 0x0A19, 0x0A19, 0x0A19,
    0x0A19, 0x0A19, 0x0A19, 0x0A19, 0x0A19, 0x0A19, 0x0A19, 0x0A19, 0x0A19, 0x0A19,
    0x0A19, 0x0A19, 0x0A19, 0x0A19, 0x0A19, 0x0A19, 0x0A19, 0x0A19, 0x0A19, 0x0A19,
    0x0A19, 0x0A19, 0x0A19, 0x0A19, 0x0A19, 0x0A19, 0x0A19, 0x0A19, 0x0A19, 0x0A19,
    0x0A19, 0x0A19, 0x0A19, 0x0A19, 0x0A19, 0x0A19, 0x0A19, 0x0A19, 0x0A19, 0x0A19,
    0x0A19, 0x0A19, 0x0A19, 0x0A19, 0x0A19, 0x0A19, 0x0A19, 0x0A19, 0x0A19, 0x0A19,
    0x0A19, 0x0A19, 0x0A19, 0x0A19, 0x0A19, 0x0A19, 0x0A19, 0x0A19, 0x0A19, 0x0A19,
    0x0A19, 0x0A19, 0x0A19, 0x0A19, 0x0A19, 0x0A19, 0x0A19, 0x0A19, 0x0A19, 0x0A19,
    0x0A19, 0x0A19, 0x0A19, 0x0A19, 0x0A19, 0x0A19, 0x0A19, 0x0A19, 0x0A19, 0x0A19,
    0x0A19, 0x0A19, 0x0A19, 0x0A19, 0x0A19, 0x0A19, 0x0A19, 0x0A19, 0x0A19, 0x0A19,
    0x0A19, 0x0A19, 0x0A19, 0x0A19, 0x0A19, 0x0A19, 0x0A19, 0x0A19, 0x0A19, 0x0A19,
    0x0A19, 0x0A19, 0x0A19, 0x0A19, 0x0A19, 0x0A19, 0x0A19, 0x0A19, 0x0A19, 0x0A19,
    0x0A19, 0x0A19, 0x0A19, 0x0A19, 0x0A19, 0x0A19, 0x0A19, 0x0A19, 0x0A19, 0x0A19,
    0x0A19, 0x0A19, 0x0A19, 0x0A19, 0x0A19, 0x0A19, 0x0A19, 0x0A19, 0x0A19, 0x0A19,
    0x0A19, 0x0A19, 0x0A19, 0x0A19, 0x0A19, 0x0A19, 0x0A19, 0x0A19, 0x0A19, 0x0A19,
    0x0A19, 0x0A19, 0x0A19, 0x0A19, 0x0A19, 0x0A19, 0x0A19, 0x0A19, 0x0A19, 0x0A19,
    0x0A19, 0x0A19, 0x0A19, 0x0A19, 0x0A19, 0x0A19, 0x0A19, 0x0A19, 0x0A19, 0x0A19,
    0x0A19, 0x0A19, 0x0A19, 0x0A19, 0x0A19, 0x0A19, 0x0A19, 0x0A19, 0x0A19, 0x0A19,
    0x0A19, 0x0A19, 0x0A19, 0x0A19, 0x0A19, 0x0A19, 0x0A19, 0x0A19, 0x0A19, 0x0A19,
    0x0A19, 0x0A19, 0x0A19, 0x0A19, 0x0A19, 0x0A19, 0x0A19, 0x0A19, 0x0A19, 0x0A19,
    0x0A19, 0x0A19, 0x0A19, 0x0A19, 0x0A19, 0x0A19, 0x0A19, 0x0A19, 0x0A19, 0x0A19,
    0x0A19, 0x0A19, 0x0A19, 0x0A19, 0x0A19, 0x0A19, 0x0A19, 0x0A19, 0x0A19, 0x0A19,
    0x0A19, 0x0A19, 0x0A19, 0x0A19, 0x0A19, 0x0A19, 0x0A19, 0x0A19, 0x0A19, 0x0A19,
    0x0A19, 0x0A19, 0x0A19, 0x0A19, 0x0A19, 0x0A19, 0x0A19, 0x0A19, 0x0A19, 0x0A19,
    0x0A19, 0x0A19, 0x0A19, 0x0A19, 0x0A19, 0x0A19, 0x0A19, 0x0A19, 0x0A19, 0x0A19,
    0x0A19, 0x0A19, 0x0A19, 0x0A19, 0x0A19, 0x0A19, 0x0A19, 0x0A19, 0x0A19, 0x0A19,
    0x0A19, 0x0A19, 0x0A19, 0x0A19, 0x0A19, 0x0A19, 0x0A19, 0x0A19, 0x0A19, 0x0A19,
    0x0A19, 0x0A19, 0x0A19, 0x0A19, 0x0A19, 0x0A19, 0x0A19, 0x0A19, 0x0A19, 0x0A19,
    0x0A19, 0x0A19, 0x0A19, 0x0A19, 0x0A19, 0x0A19, 0x0A19, 0x0A19, 0x0A19, 0x0A19,
    0x0A19, 0x0A19, 0x0A19, 0x0A19, 0x0A19, 0x0A19, 0x0A19, 0x0A19, 0x0A19, 0x0A19,
    0x0A19, 0x0A19, 0x0A19, 0x0A19, 0x0A19, 0x0A19, 0x0A19, 0x0A19, 0x0A19, 0x0A19,
    0x0A19, 0x0A19, 0x0A19, 0x0A19, 0x0A19, 0x0A19, 0x0A19, 0x0A19, 0x0A19, 0x0A19,
    0x0A19, 0x0A19, 0x0A19, 0x0A19, 0x0A19, 0x0A19, 0x0A19, 0x0A19, 0x0A19, 0x0A19,
    0x0A19, 0x0A19, 0x0A19, 0x0A19, 0x0A19, 0x0A19, 0x0A19, 0x0A19, 0x0A19, 0x0A19,
    0x0A19, 0x0A19, 0x0A19, 0x0A19, 0x0A19, 0x0A19, 0x0A19, 0x0A19, 0x0A19, 0x0A19,
    0x0A19, 0x0A19, 0x0A19, 0x0A19, 0x0A19, 0x0A19, 0x0A19, 0x0A19, 0x0A19, 0x0A19,
    0x0A19, 0x0A19, 0x0A19, 0x0A19, 0x0A19, 0x0A19, 0x0A19, 0x0A19, 0x0A19, 0x0A19,
    0x0A19, 0x0A19, 0x0A19, 0x0A19, 0x0A19, 0x0A19, 0x0A19, 0x0A19, 0x0A19, 0x0A19,
    0x0A19, 0x0A19, 0x0A19, 0x0A19, 0x0A19, 0x0A19, 0x0A19, 0x0A19, 0x0A19, 0x0A19,
    0x0A19, 0x0A19, 0x0A19, 0x0A19, 0x0A19, 0x0A19, 0x0A19, 0x0A19, 0x0A19, 0x0A19,
    0x0A19, 0x0A19, 0x0A19, 0x0A19, 0x0A19, 0x0A19, 0x0A19, 0x0A19, 0x0A19, 0x0A19,
    0x0A19, 0x0A19, 0x0A19, 0x0A19, 0x0A19, 0x0A19, 0x0A19, 0x0A19, 0x0A19, 0x0A19,
    0x0A19, 0x0A19, 0x0A19, 0x0A19, 0x0A19, 0x0A19, 0x0A19, 0x0A19, 0x0A19, 0x0A19,
    0x0A19, 0x0A19, 0x0A19, 0x0A19, 0x0A19, 0x0A19, 0x0A19, 0x0A19, 0x0A19, 0x0A19,
    0x0A19, 0x0A19, 0x0A19, 0x0A19, 0x0A19, 0x0A19, 0x0A19, 0x0A19, 0x0A19, 0x0A19,
    0x0A19, 0x0A19, 0x0A19, 0x0A19, 0x0A19, 0x0A19, 0x0A19, 0x0A19, 0x0A19, 0x0A19,
    0x0A19, 0x0A19, 0x0A19, 0x0A19, 0x0A19, 0x0A19, 0x0A19, 0x0A19, 0x0A19, 0x0A19,
    0x0A19, 0x0A19, 0x0A19, 0x0A19, 0x0A19, 0x0A19, 0x0A19, 0x0A19, 0x0A19, 0x0A19,
    0x0A19, 0x0A19, 0x0A19, 0x0A19, 0x0A19, 0x0A19, 0x0A19, 0x0A19, 0x0A19, 0x0A19,
    0x0A19, 0x0A19, 0x0A19, 0x0A19, 0x0A19, 0x0A19, 0x0A19, 0x0A19, 0x0A19, 0x0A19,
    0x0A19, 0x0A19, 0x0A19, 0x0A19, 0x0A19, 0x0A19, 0x0A19, 0x0A19, 0x0A19, 0x0A19,
    0x0A19, 0x0A19, 0x0A19, 0x0A19, 0x0A19, 0x0A19, 0x0A19, 0x0A19, 0x0A19, 0x0A19,
    0x0A19, 0x0A19, 0x0A19, 0x0A19, 0x0A19, 0x0A19, 0x0A19, 0x0A19, 0x0A19, 0x0A19,
    0x0A19, 0x0A19, 0x0A19, 0x0A19, 0x0A19, 0x0A19, 0x0A19, 0x0A19, 0x0A19, 0x0A19,
    0x0A19, 0x0A19, 0x0A19, 0x0A19, 0x0A19, 0x0A19, 0x0A19, 0x0A19, 0x0A19, 0x0A19,
    0x0A19, 0x0A19, 0x0A19, 0x0A19, 0x0A19, 0x0A19, 0x0A19, 0x0A19, 0x0A19, 0x0A19,
    0x0A19, 0x0A19, 0x0A19, 0x0A19, 0x0A19, 0x0A19, 0x0A19, 0x0A19, 0x0A19, 0x0A19,
    0x0A19, 0x0A19, 0x0A19, 0x0A19, 0x0A19, 0x0A19, 0x0A19, 0x0A19, 0x0A19, 0x0A19,
    0x0A19, 0x0A19, 0x0A19, 0x0A19, 0x0A19, 0x0A19, 0x0A19, 0x0A19, 0x0A19, 0x0A19,
    0x0A19, 0x0A19, 0x0A19, 0x0A19, 0x0A19, 0x0A19, 0x0A19, 0x0A19, 0x0A19, 0x0A19,
    0x0A19, 0x0A19, 0x0A19, 0x0A19, 0x0A19, 0x0A19, 0x0A19, 0x0A19, 0x0A19, 0x0A19,
    0x0A19, 0x0A19, 0x0A19, 0x0A19, 0x0A19, 0x0A19, 0x0A19, 0x0A19, 0x0A19, 0x0A19,
    0x0A19, 0x0A19, 0x0A19, 0x0A19, 0x0A19, 0x0A19, 0x0A19, 0x0A19, 0x0A19, 0x0A19,
    0x0A19, 0x0A19, 0x0A19, 0x0A19, 0x0A19, 0x0A19, 0x0A19, 0x0A19, 0x0A19, 0x0A19,
    0x0A19, 0x0A19, 0x0A19, 0x0A19, 0x0A19, 0x0A19, 0x0A19, 0x0A19, 0x0A19, 0x0A19,
    0x0A19, 0x0A19, 0x0A19, 0x0A19, 0x0A19, 0x0A19, 0x0A19, 0x0A19, 0x0A19, 0x0A19,
    0x0A19, 0x0A19, 0x0A19, 0x0A19, 0x0A19, 0x0A19, 0x0A19, 0x0A19, 0x0A19, 0x0A19,
    0x0A19, 0x0A19, 0x0A19, 0x0A19, 0x0A19, 0x0A19, 0x0A19, 0x0A19, 0x0A19, 0x0A19,
    0x0A19, 0x0A19, 0x0A19, 0x0A19, 0x0A19, 0x0A19, 0x0A19, 0x0A19, 0x0A19, 0x0A19,
    0x0A19, 0x0A19, 0x0A19, 0x0A19, 0x0A19, 0x0A19, 0x0A19, 0x0A19, 0x0A19, 0x0A19,
    0x0A19, 0x0A19, 0x0A19, 0x0A19, 0x0A19, 0x0A19, 0x0A19, 0x0A19, 0x0A19, 0x0A19,
    0x0A19, 0x0A19, 0x0A19, 0x0A19, 0x0A19, 0x0A19, 0x0A19, 0x0A19, 0x0A19, 0x0A19,
    0x0A19, 0x0A19, 0x0A19, 0x0A19, 0x0A19, 0x0A19, 0x0A19, 0x0A19, 0x0A19, 0x0A19,
    0x0A19, 0x0A19, 0x0A19, 0x0A19, 0x0A19, 0x0A19, 0x0A19, 0x0A19, 0x0A19, 0x0A19,
    0x0A19, 0x0A19, 0x0A19, 0x0A19, 0x0A19, 0x0A19, 0x0A19, 0x0A19, 0x0A19, 0x0A19,
    0x0A19, 0x0A19, 0x0A19, 0x0A19, 0x0A19, 0x0A19, 0x0A19, 0x0A19, 0x0A19, 0x0A19,
    0x0A19, 0x0A19, 0x0A19, 0x0A19, 0x0A19, 0x0A19, 0x0A19, 0x0A19, 0x0A19, 0x0A19,
    0x0A19, 0x0A19, 0x0A19, 0x0A19, 0x0A19, 0x0A19, 0x0A19, 0x0A19, 0x0A19, 0x0A19,
    0x0A19, 0x0A19, 0x0A19, 0x0A19, 0x0A19, 0x0A19, 0x0A19, 0x0A19, 0x0A19, 0x0A19,
    0x0A19, 0x0A19, 0x0A19, 0x0A19, 0x0A19, 0x0A19, 0x0A19, 0x0A19, 0x0A19, 0x0A19,
    0x0A19, 0x0A19, 0x0A19, 0x0A19, 0x0A19, 0x0A19, 0x0A19, 0x0A19, 0x0A19, 0x0A19,
    0x0A19, 0x0A19, 0x0A19, 0x0A19, 0x0A19, 0x0A19, 0x0A19, 0x0A19, 0x0A19, 0x0A19,
    0x0A19, 0x0A19, 0x0A19, 0x0A19, 0x0A19, 0x0A19, 0x0A19, 0x0A19, 0x0A19, 0x0A19,
    0x0A19, 0x0A19, 0x0A19, 0x0A19, 0x0A19, 0x0A19, 0x0A19, 0x0A19, 0x0A19, 0x0A19,
    0x0A19, 0x0A19, 0x0A19, 0x0A19, 0x0A19, 0x0A19, 0x0A19, 0x0A19, 0x0A19, 0x0A19,
    0x0A19, 0x0A19, 0x0A19, 0x0A19, 0x0A19, 0x0A19, 0x0A19, 0x0A19, 0x0A19, 0x0A19,
    0x0A19, 0x0A19, 0x0A19, 0x0A19, 0x0A19, 0x0A19, 0x0A19, 0x0A19, 0x0A19, 0x0A19,
    0x0A19, 0x0A19, 0x0A19, 0x0A19, 0x0A19, 0x0A19, 0x0A19, 0x0A19, 0x0A19, 0x0A19,
    0x0A19, 0x0A19, 0x0A19, 0x0A19, 0x0A19, 0x0A19, 0x0A19, 0x0A19, 0x0A19, 0x0A19,
    0x0A19, 0x0A19, 0x0A19, 0x0A19, 0x0A19, 0x0A19, 0x0A19, 0x0A19, 0x0A19, 0x0A19,
    0x0A19, 0x0A19, 0x0A19, 0x0A19, 0x0A19, 0x0A19, 0x0A19, 0x0A19, 0x0A19, 0x0A19,
    0x0A19, 0x0A19, 0x0A19, 0x0A19, 0x0A19, 0x0A19, 0x0A19, 0x0A19, 0x0A19, 0x0A19,
    0x0A19, 0x0A19, 0x0A19, 0x0A19, 0x0A19, 0x0A19, 0x0A19, 0x0A19, 0x0A19, 0x0A19,
    0x0A19, 0x0A19, 0x0A19, 0x0A19, 0x0A19, 0x0A19, 0x0A19, 0x0A19, 0x0A19, 0x0A19,
    0x0A19, 0x0A19, 0x0A19, 0x0A19, 0x0A19, 0x0A19, 0x0A19, 0x0A19, 0x0A19, 0x0A19,
    0x0A19, 0x0A19, 0x0A19, 0x0A19, 0x0A19, 0x0A19, 0x0A19, 0x0A19, 0x0A19, 0x0A19,
    0x0A19, 0x0A19, 0x0A19, 0x0A19, 0x0A19, 0x0A19, 0x0A19, 0x0A19, 0x0A19, 0x0A19,
    0x0A19, 0x0A19, 0x0A19, 0x0A19, 0x0A19, 0x0A19, 0x0A19, 0x0A19, 0x0A19, 0x0A19,
    0x0A19, 0x0A19, 0x0A19, 0x0A19, 0x0A19, 0x0A19, 0x0A19, 0x0A19, 0x0A19, 0x0A19,
    0x0A19, 0x0A19, 0x0A19, 0x0A19, 0x0A19, 0x0A19, 0x0A19, 0x0A19, 0x0A19, 0x0A19,
    0x0A19, 0x0A19, 0x0A19, 0x0A19, 0x0A19, 0x0A19, 0x0A19, 0x0A19, 0x0A19, 0x0A19,
    0x0A19, 0x0A19, 0x0A19, 0x0A19, 0x0A19, 0x0A19, 0x0A19, 0x0A19, 0x0A19, 0x0A19,
    0x0A19, 0x0A19, 0x0A19, 0x0A19, 0x0A19, 0x0A19, 0x0A19, 0x0A19, 0x0A19, 0x0A19,
    0x0A19, 0x0A19, 0x0A19, 0x0A19, 0x0A19, 0x0A19, 0x0A19, 0x0A19, 0x0A19, 0x0A19,
    0x0A19, 0x0A19, 0x0A19, 0x0A19, 0x0A19, 0x0A19, 0x0A19, 0x0A19, 0x0A19, 0x0A19,
    0x0A19, 0x0A19, 0x0A19, 0x0A19, 0x0A19, 0x0A19, 0x0A19, 0x0A19, 0x0A19, 0x0A19,
    0x0A19, 0x0A19, 0x0A19, 0x0A19, 0x0A19, 0x0A19, 0x0A19, 0x0A19, 0x0A19, 0x0A19,
    0x0A19, 0x0A19, 0x0A19, 0x0A19, 0x0A19, 0x0A19, 0x0A19, 0x0A19, 0x0A19, 0x0A19,
    0x0A19, 0x0A19, 0x0A19, 0x0A19, 0x0A19, 0x0A19, 0x0A19, 0x0A19, 0x0A19, 0x0A19,
    0x0A19, 0x0A19, 0x0A19, 0x0A19, 0x0A19, 0x0A19, 0x0A19, 0x0A19, 0x0A19, 0x0A19,
    0x0A19, 0x0A19, 0x0A19, 0x0A19, 0x0A19, 0x0A19, 0x0A19, 0x0A19, 0x0A19, 0x0A19,
    0x0A19, 0x0A19, 0x0A19, 0x0A19, 0x0A19, 0x0A19, 0x0A19, 0x0A19, 0x0A19, 0x0A19,
    0x0A19, 0x0A19, 0x0A19, 0x0A19, 0x0A19, 0x0A19, 0x0A19, 0x0A19, 0x0A19, 0x0A19,
    0x0A19, 0x0A19, 0x0A19, 0x0A19, 0x0A19, 0x0A19, 0x0A19, 0x0A19, 0x0A19, 0x0A19,
    0x0A19, 0x0A19, 0x0A19, 0x0A19, 0x0A19, 0x0A19, 0x0A19, 0x0A19, 0x0A19, 0x0A19,
    0x0A19, 0x0A19, 0x0A19, 0x0A19, 0x0A19, 0x0A19, 0x0A19, 0x0A19, 0x0A19, 0x0A19,
    0x0A19, 0x0A19, 0x0A19, 0x0A19, 0x0A19, 0x0A19, 0x0A19, 0x0A19, 0x0A19, 0x0A19,
    0x0A19, 0x0A19, 0x0A19, 0x0A19, 0x0A19, 0x0A19, 0x0A19, 0x0A19, 0x0A19, 0x0A19,
    0x0A19, 0x0A19, 0x0A19, 0x0A19, 0x0A19, 0x0A19, 0x0A19, 0x0A19, 0x0A19, 0x0A19,
    0x0A19, 0x0A19, 0x0A19, 0x0A19, 0x0A19, 0x0A19, 0x0A19, 0x0A19, 0x0A19, 0x0A19,
    0x0A19, 0x0A19, 0x0A19, 0x0A19, 0x0A19, 0x0A19, 0x0A19, 0x0A19, 0x0A19, 0x0A19,
    0x0A19, 0x0A19, 0x0A19, 0x0A19, 0x0A19, 0x0A19, 0x0A19, 0x0A19, 0x0A19, 0x0A19,
    0x0A19, 0x0A19, 0x0A19, 0x0A19, 0x0A19, 0x0A19, 0x0A19, 0x0A19, 0x0A19, 0x0A19,
    0x0A19, 0x0A19, 0x0A19, 0x0A19, 0x0A19, 0x0A19, 0x0A19, 0x0A19, 0x0A19, 0x0A19,
    0x0A19, 0x0A19, 0x0A19, 0x0A19, 0x0A19, 0x0A19, 0x0A19, 0x0A19, 0x0A19, 0x0A19,
    0x0A19, 0x0A19, 0x0A19, 0x0A19, 0x0A19, 0x0A19, 0x0A19, 0x0A19, 0x0A19, 0x0A19,
    0x0A19, 0x0A19, 0x0A19, 0x0A19, 0x0A19, 0x0A19, 0x0A19, 0x0A19, 0x0A19, 0x0A19,
    0x0A19, 0x0A19, 0x0A19, 0x0A19, 0x0A19, 0x0A19, 0x0A19, 0x0A19, 0x0A19, 0x0A19,
    0x0A19, 0x0A19, 0x0A19, 0x0A19, 0x0A19, 0x0A19, 0x0A19, 0x0A19, 0x0A19, 0x0A19,
    0x0A19, 0x0A19, 0x0A19, 0x0A19, 0x0A19, 0x0A19, 0x0A19, 0x0A19, 0x0A19, 0x0A19,
    0x0A19, 0x0A19, 0x0A19, 0x0A19, 0x0A19, 0x0A19, 0x0A19, 0x0A19, 0x0A19, 0x0A19,
    0x0A19, 0x0A19, 0x0A19, 0x0A19, 0x0A19, 0x0A19, 0x0A19, 0x0A19, 0x0A19, 0x0A19,
    0x0A19, 0x0A19, 0x0A19, 0x0A19, 0x0A19, 0x0A19, 0x0A19, 0x0A19, 0x0A19, 0x0A19,
    0x0A19, 0x0A19, 0x0A19, 0x0A19, 0x0A19, 0x0A19, 0x0A19, 0x0A19, 0x0A19, 0x0A19,
    0x0A19, 0x0A19, 0x0A19, 0x0A19, 0x0A19, 0x0A19, 0x0A19, 0x0A19, 0x0A19, 0x0A19,
    0x0A19, 0x0A19, 0x0A19, 0x0A19, 0x0A19, 0x0A19, 0x0A19, 0x0A19, 0x0A19, 0x0A19,
    0x0A19, 0x0A19, 0x0A19, 0x0A19, 0x0A19, 0x0A19, 0x0A19, 0x0A19, 0x0A19, 0x0A19,
    0x0A19, 0x0A19, 0x0A19, 0x0A19, 0x0A19, 0x0A19, 0x0A19, 0x0A19, 0x0A19, 0x0A19,
    0x0A19, 0x0A19, 0x0A19, 0x0A19, 0x0A19, 0x0A19, 0x0A19, 0x0A19, 0x0A19, 0x0A19,
    0x0A19, 0x0A19, 0x0A19, 0x0A19, 0x0A19, 0x0A19, 0x0A19, 0x0A19, 0x0A19, 0x0A19,
    0x0A19, 0x0A19, 0x0A19, 0x0A19, 0x0A19, 0x0A19, 0x0A19, 0x0A19, 0x0A19, 0x0A19,
    0x0A19, 0x0A19, 0x0A19, 0x0A19, 0x0A19, 0x0A19, 0x0A19, 0x0A19, 0x0A19, 0x0A19,
    0x0A19, 0x0A19, 0x0A19, 0x0A19, 0x0A19, 0x0A19, 0x0A19, 0x0A19, 0x0A19, 0x0A19,
    0x0A19, 0x0A19, 0x0A19, 0x0A19, 0x0A19, 0x0A19, 0x0A19, 0x0A19, 0x0A19, 0x0A19,
    0x0A19, 0x0A19, 0x0A19, 0x0A19, 0x0A19, 0x0A19, 0x0A19, 0x0A19, 0x0A19, 0x0A19,
    0x0A19, 0x0A19, 0x0A19, 0x0A19, 0x0A19, 0x0A19, 0x0A19, 0x0A19, 0x0A19, 0x0A19,
    0x0A19, 0x0A19, 0x0A19, 0x0A19, 0x0A19, 0x0A19, 0x0A19, 0x0A19, 0x0A19, 0x0A19,
    0x0A19, 0x0A19, 0x0A19, 0x0A19, 0x0A19, 0x0A19, 0x0A19, 0x0A19, 0x0A19, 0x0A19,
    0x0A19, 0x0A19, 0x0A19, 0x0A19, 0x0A19, 0x0A19, 0x0A19, 0x0A19, 0x0A19, 0x0A19,
    0x0A19, 0x0A19, 0x0A19, 0x0A19, 0x0A19, 0x0A19, 0x0A19, 0x0A19, 0x0A19, 0x0A19,
    0x0A19, 0x0A19, 0x0A19, 0x0A19, 0x0A19, 0x0A19, 0x0A19, 0x0A19, 0x0A19, 0x0A19,
    0x0A19, 0x0A19, 0x0A19, 0x0A19, 0x0A19, 0x0A19, 0x0A19, 0x0A19, 0x0A19, 0x0A19,
    0x0A19, 0x0A19, 0x0A19, 0x0A19, 0x0A19, 0x0A19, 0x0A19, 0x0A19, 0x0A19, 0x0A19,
    0x0A19, 0x0A19, 0x0A19, 0x0A19, 0x0A19, 0x0A19, 0x0A19, 0x0A19, 0x0A19, 0x0A19,
    0x0A19, 0x0A19, 0x0A19, 0x0A19, 0x0A19, 0x0A19, 0x0A19, 0x0A19, 0x0A19, 0x0A19,
    0x0A19, 0x0A19, 0x0A19, 0x0A19, 0x0A19, 0x0A19, 0x0A19, 0x0A19, 0x0A19, 0x0A19,
    0x0A19, 0x0A19, 0x0A19, 0x0A19, 0x0A19, 0x0A19, 0x0A19, 0x0A19, 0x0A19, 0x0A19,
    0x0A19, 0x0A19, 0x0A19, 0x0A19, 0x0A19, 0x0A19, 0x0A19, 0x0A19, 0x0A19, 0x0A19,
    0x0A19, 0x0A19, 0x0A19, 0x0A19, 0x0A19, 0x0A19,
};

const PlatformObjectDef platform_objects[PLATFORM_OBJECT_COUNT] = {
    {64,168,7u,0,0u},
    {180,160,1u,0,0u},
    {260,112,1u,0,0u},
    {340,112,1u,0,0u},
    {455,160,1u,0,0u},
    {610,160,1u,0,0u},
    {690,160,1u,0,0u},
    {780,112,1u,0,0u},
    {860,112,1u,0,0u},
    {1040,112,1u,0,0u},
    {1210,160,1u,0,0u},
    {1510,160,1u,0,0u},
    {1600,112,1u,0,0u},
    {1730,160,1u,0,0u},
    {1880,160,1u,0,0u},
    {2050,112,1u,0,0u},
    {2200,160,1u,0,0u},
    {2520,160,1u,0,0u},
    {2600,112,1u,0,0u},
    {2870,160,1u,0,0u},
    {3040,160,1u,0,0u},
    {3170,112,1u,0,0u},
    {3550,160,1u,0,0u},
    {3710,112,1u,0,0u},
    {3900,112,1u,0,0u},
    {430,168,2u,72,0u},
    {830,128,2u,96,0u},
    {1080,56,2u,120,0u},
    {1540,112,2u,72,0u},
    {1740,168,2u,96,0u},
    {2120,104,2u,120,0u},
    {2650,168,2u,72,0u},
    {3070,136,2u,96,0u},
    {3620,168,2u,120,0u},
    {3890,80,2u,72,0u},
    {1010,128,3u,0,0u},
    {2680,168,3u,0,0u},
    {3650,168,3u,0,0u},
    {1510,176,4u,1,0u},
    {2860,176,4u,1,0u},
    {2350,160,5u,96,0u},
    {2400,128,5u,72,1u},
    {3380,160,5u,112,0u},
    {3440,128,5u,80,1u},
    {2180,96,6u,0,0u},
};

const PlatformZoneDef platform_zones[PLATFORM_ZONE_COUNT] = {
    {0,192,560,224,0u,0u,0,192,560,224,3u},
    {560,152,720,192,0u,2u,560,192,720,152,3u},
    {720,152,1150,224,0u,0u,720,152,1150,224,3u},
    {1150,152,1320,192,0u,2u,1150,152,1320,192,3u},
    {1450,192,1800,224,0u,0u,1450,192,1800,224,3u},
    {1800,128,1960,192,0u,2u,1800,192,1960,128,3u},
    {1960,128,2300,224,0u,0u,1960,128,2300,224,3u},
    {2480,192,3000,224,0u,0u,2480,192,3000,224,3u},
    {3000,160,3300,224,0u,0u,3000,160,3300,224,3u},
    {3500,192,4096,224,0u,0u,3500,192,4096,224,3u},
    {220,144,360,152,1u,0u,220,144,360,152,3u},
    {390,112,500,120,1u,0u,390,112,500,120,3u},
    {760,104,920,112,1u,0u,760,104,920,112,3u},
    {980,80,1120,88,1u,0u,980,80,1120,88,3u},
    {1500,136,1660,144,1u,0u,1500,136,1660,144,3u},
    {2030,80,2180,88,1u,0u,2030,80,2180,88,3u},
    {2560,136,2710,144,1u,0u,2560,136,2710,144,3u},
    {3110,112,3230,120,1u,0u,3110,112,3230,120,3u},
    {3570,136,3710,144,1u,0u,3570,136,3710,144,3u},
    {3800,104,3970,112,1u,0u,3800,104,3970,112,3u},
    {1660,96,1690,192,0u,0u,1660,96,1690,192,3u},
    {2720,112,2750,192,0u,0u,2720,112,2750,192,3u},
    {1540,80,1710,88,0u,0u,1540,80,1710,88,3u},
    {1320,208,1450,224,2u,0u,1320,208,1450,224,3u},
    {2300,208,2480,224,2u,0u,2300,208,2480,224,3u},
    {3300,208,3500,224,2u,0u,3300,208,3500,224,3u},
    {2140,64,2220,192,8u,0u,2140,64,2220,192,1u},
    {4020,80,4090,192,7u,0u,4020,80,4090,192,1u},
};
